repo_owner,repo_name,issue_number,title,body_length,num_labels,created_at,closed_at,num_comments,has_gfi_label,days_open,resolver,resolver_commit_count,is_newcomer_resolver,resolution_method,confidence_score
microsoft,vscode,258908,"Allow stop editing all currently editable cells",560,5,2025-07-30T07:21:40Z,2025-08-04T21:28:52Z,1,1,5,copilot-swe-agent,0,1,pr,high
microsoft,vscode,257193,"Dev container uses node 20 but VS code requires 22",1748,1,2025-07-22T03:05:01Z,2025-07-23T09:25:56Z,5,1,1,Rishi-infy47,1,1,pr,medium
microsoft,vscode,259576,"Error When Building VSCode from Source on Windows with Visual Studio Installed in a Custom Path",4042,5,2025-08-04T14:58:57Z,2025-09-01T23:32:22Z,2,1,28,copilot-swe-agent,0,1,pr,high
microsoft,vscode,260762,"`workbench.action.compareEditor.openSide` (""open file"" in diff editor) doesn't have a command in command palette",488,6,2025-08-09T13:44:02Z,2025-09-04T13:23:16Z,6,1,25,LeftPhalange,1,1,pr,medium
microsoft,vscode,216511,"Sync icon rotation is uneven (it is wobbling)",574,6,2024-06-18T15:29:43Z,2025-06-12T14:48:29Z,13,1,358,,,,,
microsoft,vscode,246971,"Add `Installed` into the extension filter menu",1728,7,2025-04-19T16:34:02Z,2025-05-08T14:02:34Z,14,1,18,adnval,1,1,pr,high
microsoft,vscode,188711,"Active walkthroughs have a truncated active state",1416,5,2023-07-24T19:28:25Z,2025-04-30T06:16:37Z,5,1,645,noahbowman,1,1,pr,medium
microsoft,vscode,233910,"Make Command Center debug launcher offer most recently used configuration first",646,6,2024-11-15T15:54:38Z,2025-02-18T18:01:16Z,6,1,95,notoriousmango,7,0,pr,high
microsoft,vscode,231439,"Extension detail content escapes editor",145,5,2024-10-15T20:38:51Z,2025-02-11T13:02:09Z,12,1,118,nknguyenhc,1,1,pr,high
microsoft,vscode,234468,"Add node as npm script runner",451,6,2024-11-23T08:55:14Z,2025-02-07T17:26:32Z,8,1,76,xymopen,1,1,pr,high
microsoft,vscode,231500,"RGB alpha on terminal cursor has no effect after changing settings",1776,5,2024-10-16T13:49:24Z,2025-01-30T14:56:08Z,4,1,106,,,,,
microsoft,vscode,237749,"Request: Add ${unixtime} Placeholder for markdown.copyFiles.destination Option",1068,7,2025-01-12T23:18:46Z,2025-01-29T17:36:37Z,3,1,16,fa0311,1,1,pr,high
microsoft,vscode,237358,"Enable Select Typescript Version command in tsconfig.json",513,4,2025-01-06T18:30:30Z,2025-01-28T23:38:44Z,3,1,22,HD787,5,0,pr,medium
microsoft,vscode,235085,"Support custom switch-case indentation for JavaScript",843,8,2024-12-03T08:59:35Z,2025-01-15T19:42:50Z,9,1,43,aslezar,12,0,pr,high
microsoft,vscode,184553,"markdown preview: allow opening images in a new editor",402,7,2023-06-07T23:01:45Z,2024-12-17T19:55:27Z,19,1,558,notoriousmango,4,0,pr,high
microsoft,vscode,230370,"Code is misparsing the glibc version on Fedora Rawhide",1530,6,2024-10-03T08:35:17Z,2024-12-16T15:57:14Z,4,1,74,aslezar,7,0,pr,high
microsoft,vscode,236222,"`javascript.inlayHints.enumMemberValues.enabled` should be removed because javascript does not have enums",1530,6,2024-12-16T12:50:25Z,2024-12-19T20:16:40Z,0,1,3,DetachHead,1,1,pr,high
microsoft,vscode,214481,"Add option to ignore code blocks in text-to-speech",508,6,2024-06-06T16:35:29Z,2024-12-12T03:48:05Z,14,1,188,jaymroy,1,1,pr,high
microsoft,vscode,232351,"""Organize Imports"" should be found when searching for ""Optimize Imports.""",724,3,2024-10-27T02:26:23Z,2024-12-10T23:32:53Z,7,1,44,Kannav02,1,1,pr,medium
microsoft,vscode,233915,"share button on local extension page and marketplace",704,5,2024-11-15T16:36:14Z,2024-11-27T15:09:58Z,10,1,11,cachandlerdev,1,1,pr,medium
microsoft,vscode,217927,"Support `/dir/file_path.txt, <line>` link format",518,7,2024-06-25T10:33:34Z,2024-11-07T21:51:11Z,3,1,135,BugGambit,1,1,pr,high
microsoft,vscode,158682,"Inconsistent display of bare indented code blocks and fenced code blocks (```) in Markdown preview",1757,5,2022-08-21T01:41:01Z,2024-12-10T00:25:51Z,14,1,841,,,,,
microsoft,vscode,92586,"Provide way to check chrome://gpu",661,3,2020-03-12T15:51:13Z,2024-10-15T09:00:18Z,14,1,1677,BABA983,16,0,pr,high
microsoft,vscode,230636,"Windows: using `edge` as `workbench.externalBrowser` opens default browser too",2190,6,2024-10-06T12:11:16Z,2024-10-12T07:27:33Z,9,1,5,,,,,
microsoft,vscode,227546,"Editor find widget cropped in AUX window",202,8,2024-09-04T08:28:17Z,2024-09-19T08:29:39Z,4,1,15,juliapz,1,1,pr,high
microsoft,vscode,225466,"bug: table not Vertical Center",237,6,2024-08-13T05:40:07Z,2024-09-17T18:00:46Z,0,1,35,sunnylost,1,1,pr,high
microsoft,vscode,202967,"`code serve-web` fails when offline",2616,6,2024-01-22T01:11:20Z,2024-09-09T16:18:58Z,17,1,231,connor4312,1743,0,pr,high
microsoft,vscode,225361,"Command palette closes when Active Terminal killed",1697,5,2024-08-11T19:04:55Z,2024-08-20T14:18:16Z,3,1,8,NriotHrreion,10,0,pr,high
microsoft,vscode,225750,"Notification bottom item lacks border radius",1422,8,2024-08-16T05:11:26Z,2024-08-19T15:05:39Z,5,1,3,dangerman,3,0,pr,high
microsoft,vscode,225359,"Change terminal rename codicon",559,6,2024-08-11T18:13:05Z,2024-08-12T21:51:39Z,1,1,1,jeanp413,290,0,pr,high
microsoft,vscode,218254,"Copying a PNG image from VSCode results in a different image.",5338,5,2024-06-26T07:53:21Z,2024-07-08T18:18:06Z,6,1,12,Parasaran-Python,1,1,pr,high
microsoft,vscode,215999,"Auto Surround for markdown does not work with tilde key (~) often used for strikethrough",1257,4,2024-06-17T18:58:32Z,2024-06-19T17:24:45Z,2,1,1,y0sh1ne,1,1,pr,high
microsoft,vscode,208398,"VS code does not copy AVIF files to markdown workspace like JPEG/PNG files",1375,3,2024-03-22T11:50:06Z,2024-06-30T02:32:40Z,5,1,99,BrunoSoaresEngineering,1,1,pr,medium
microsoft,vscode,100460,"[themes] Add command to switch to a specific theme.",964,4,2020-06-18T06:48:58Z,2024-01-29T06:51:52Z,14,1,1320,,,,,
microsoft,vscode,170963,"ANSI OSC 8 hyperlink support NOT working properly (#155445)",3180,7,2023-01-10T13:07:21Z,2024-04-14T18:51:44Z,13,1,460,Tyriar,9058,0,pr,high
microsoft,vscode,193523,"JSDoc optional parameters don't display in functions.",2139,4,2023-09-15T20:56:38Z,2024-02-07T21:03:35Z,13,1,145,perplexyves,1,1,pr,medium
microsoft,vscode,193263,"Docblock editor not expanding when asterisk is not preceded by a space.",875,3,2023-09-16T14:12:30Z,2024-02-06T04:54:23Z,7,1,142,rzvc,1,1,pr,medium
microsoft,vscode,157546,"Shell integration: bash and zsh don't serialize \n and ; characters",444,7,2022-08-08T17:57:41Z,2024-04-08T13:07:43Z,4,1,608,zgracem,14,0,pr,medium
microsoft,vscode,173866,"Associate a keyboard shortcut with the new ""Fuzzy Match"" toggle button",1367,7,2023-02-08T19:10:26Z,2023-12-19T16:06:11Z,17,1,313,keerthivasansa,1,1,pr,high
microsoft,vscode,174146,"searching for lines in debug console that start with ""!""",3376,4,2023-02-11T14:30:40Z,2024-04-26T03:17:55Z,10,1,439,4-tel,1,1,pr,medium
microsoft,vscode,173586,"Video Wake Lock caused by release notes",1881,3,2023-02-06T16:28:53Z,2023-12-20T07:05:16Z,9,1,316,,,,,
microsoft,vscode,198975,"Commit message(s) disappear after undoing the last commit",2281,6,2023-11-23T21:53:15Z,2024-01-08T13:48:20Z,4,1,45,VDisawal,1,1,pr,high
microsoft,vscode,207179,"editor.lineNumbers: interval - render last line number",243,7,2024-03-08T18:10:02Z,2024-03-11T10:43:06Z,2,1,2,89netraM,1,1,pr,high
microsoft,vscode,205873,"Testing side bar colors: better highlight the difference between past and recently run tests",1093,4,2024-02-21T14:45:21Z,2024-03-26T15:23:01Z,13,1,34,BABA983,4,0,pr,medium
microsoft,vscode,199938,"Error: Illegal value for lineNumber",602,6,2023-12-04T10:04:59Z,2023-12-12T16:25:18Z,2,1,8,aiday-mar,1049,0,pr,high
microsoft,vscode,101989,"VSCode doesn't respect font scaling for menus (GNOME)",1365,7,2020-07-09T11:20:57Z,2023-12-12T05:13:37Z,6,1,1250,,,,,
microsoft,vscode,84608,"Some emmet css abbreviations with "":n"" value don't work as expected",1554,7,2019-11-12T16:59:01Z,2023-12-08T22:09:17Z,14,1,1487,,,,,
microsoft,vscode,192772,"tsconfig.json references navigation doesn't understand folder references",205,6,2023-09-11T13:32:44Z,2023-11-06T19:46:12Z,4,1,56,ronakj,1,1,pr,high
microsoft,vscode,197464,"[Accessibility] Allow users to disable auto-stop-listening setting.",646,7,2023-11-04T23:45:20Z,2023-11-10T19:04:02Z,7,1,5,PrathamLalwani,1,1,pr,medium
microsoft,vscode,184399,"Sort entries in ""Feature Contributions"" tables of extension",502,7,2023-06-06T09:06:36Z,2023-10-09T14:14:23Z,6,1,125,Kalmaegi,66,0,pr,high
microsoft,vscode,192771,"Windows is ignore terminal titles unless they look like paths",991,7,2023-09-11T13:19:46Z,2023-09-18T05:31:09Z,11,1,6,NikoRaisanen,2,1,pr,high
microsoft,vscode,186682,"Extension page's text color doesn't change properly when system high contrast theme is turned on",3300,5,2023-06-29T23:33:00Z,2023-08-07T19:32:10Z,32,1,38,balaji-sivasakthi,1,1,pr,high
microsoft,vscode,186399,"Peek Call/Type Hierarchy not in command palette",269,8,2023-06-27T18:02:15Z,2023-08-07T09:16:50Z,8,1,40,SevenOutman,3,0,pr,high
microsoft,vscode,155036,"Feature Request: Option to sync cursor when using command `workbench.action.compareEditor.focusOtherSide`",732,5,2022-07-13T08:50:46Z,2023-07-27T13:55:37Z,4,1,379,,,,,
microsoft,vscode,182014,"Show ISO format dates always",2198,5,2023-05-10T08:14:20Z,2023-07-04T13:28:19Z,12,1,55,rielAsh24,1,1,pr,high
microsoft,vscode,132598,"Notify users to switch builds when running via rosetta",2743,8,2021-09-08T01:36:40Z,2023-06-20T05:52:29Z,16,1,650,antonioprudenzano,3,0,pr,high
microsoft,vscode,107398,"Git: Close Repository reopens right after",1100,5,2020-09-25T01:15:11Z,2023-06-15T10:37:10Z,18,1,993,,,,,
microsoft,vscode,181652,"Support drag-and-drop of audio file (using Shift) into Markdown file",421,6,2023-05-05T16:45:09Z,2023-05-25T22:50:24Z,3,1,20,,,,,
microsoft,vscode,181094,"[Feature request] Test explorer show failing tests number in the Activity Bar Badge",1005,6,2023-04-28T07:00:15Z,2023-05-15T22:21:45Z,2,1,17,iifawzi,1,1,pr,high
microsoft,vscode,181207,"The ""return to top"" icon blocks the extension's readme text",1527,4,2023-04-30T05:54:05Z,2023-05-10T00:21:02Z,7,1,9,dcourv,1,1,pr,high
microsoft,vscode,181115,"Snippet body used as description when none is provided",1400,6,2023-04-28T10:38:22Z,2023-05-10T06:59:58Z,5,1,11,TheSylvester,6,0,pr,medium
microsoft,vscode,168110,"Bracket Pair Colorization does not handle Perl punctuation variables",4236,6,2022-12-05T20:59:09Z,2023-05-02T12:15:55Z,11,1,147,yshaojun,1,1,pr,high
microsoft,vscode,175763,"Debug console loses ability to differentiate lines of output",1781,3,2023-03-01T17:05:52Z,2023-03-27T16:22:38Z,16,1,25,dancrumb,0,1,pr,medium
microsoft,vscode,173208,"Links don't have the right CSS cursor value in feature contributions",233,3,2023-02-02T21:22:14Z,2023-03-22T05:50:28Z,8,1,47,,,,,
microsoft,vscode,173752,"Screencast Mode: Only Keyboard Shortcuts still shows command names",481,6,2023-02-08T04:44:05Z,2023-03-09T17:50:14Z,7,1,29,nikdmello,1,1,pr,high
microsoft,vscode,94817,"Allow extensions to get the current editor layout",1366,9,2020-04-09T18:11:16Z,2023-02-25T14:53:58Z,16,1,1051,dkniffin,1,1,pr,high
microsoft,vscode,173735,"Markdown ""shell"" code fence language not recognized by Markdown Preview",795,5,2023-02-07T23:03:29Z,2023-02-20T16:50:50Z,5,1,12,maski07,1,1,pr,high
microsoft,vscode,173201,"Hover in status bar is inverted for status and language items",386,6,2023-02-02T20:54:48Z,2023-02-05T06:46:00Z,11,1,2,,,,,
microsoft,vscode,171379,"Can't highlight the first line of markdown",2094,5,2023-01-15T22:52:05Z,2023-02-01T00:35:04Z,0,1,16,ibuky,1,1,pr,high
microsoft,vscode,170706,"Markdown code block highlighting not present for Preview but present in editor",1848,5,2023-01-06T17:28:10Z,2023-02-01T00:34:06Z,6,1,25,,,,,
microsoft,vscode,148644,"language scope markdown math",1557,7,2022-05-03T16:13:20Z,2023-02-01T14:44:39Z,4,1,273,robincaloudis,1,1,pr,high
microsoft,vscode,104845,"Git: Add support to delete remote git tags using command palette",422,8,2020-08-17T16:43:44Z,2023-01-26T14:47:40Z,19,1,891,lszomoru,712,0,pr,high
microsoft,vscode,120709,"Stop loop to next change at last change of file",1002,5,2021-04-07T07:59:29Z,2023-01-09T11:12:29Z,10,1,642,,,,,
microsoft,vscode,166642,"Make Run Tests and Debug Tests default profile in sync ",925,8,2022-11-17T21:44:12Z,2023-01-06T18:41:52Z,8,1,49,ambujsahu81,11,0,pr,high
microsoft,vscode,145458,"List: Support scroll by page",1041,7,2022-03-19T16:25:20Z,2023-01-03T09:09:48Z,4,1,289,Balastrong,11,0,pr,high
microsoft,vscode,59952,"Shortcut background broken with centered editor layout",304,6,2018-10-04T08:24:55Z,2023-01-02T16:23:46Z,13,1,1551,joaomoreno,8440,0,pr,high
microsoft,vscode,153223,"SelectionToWatchExpressionsAction shortcut should not require debug mode to invoke.",400,6,2022-06-26T01:38:04Z,2022-12-30T23:05:55Z,5,1,187,JustinGrote,2,1,pr,high
microsoft,vscode,73879,"Terminal default font not useful if editor font is proportional",1802,5,2019-05-17T10:46:18Z,2022-12-08T19:40:43Z,14,1,1301,,,,,
microsoft,vscode,149593,"ParseError: KaTeX parse error: Expected & or \\ or \cr or \end at end of input: ...",986,5,2022-05-15T14:48:04Z,2022-12-09T23:37:42Z,8,1,208,mjbvz,7610,0,pr,high
microsoft,vscode,145238,"Request: `${rootNameShort}` for Window Titles",1537,9,2022-03-16T16:51:34Z,2022-12-07T13:51:40Z,9,1,265,N1kO23,1,1,pr,high
microsoft,vscode,165123,"Allow to open a diff editor with two untitled sides",1992,7,2022-11-01T06:48:01Z,2022-12-12T07:44:36Z,12,1,41,ste42,1,1,pr,medium
microsoft,vscode,155294,"Allow me to disable debug status bar treatment",350,6,2022-07-15T10:32:38Z,2022-12-12T23:59:28Z,12,1,150,antonioprudenzano,1,1,pr,high
microsoft,vscode,114008,"Terminal link tooltips can cover the link",229,5,2021-01-07T21:40:25Z,2022-12-12T20:01:56Z,9,1,703,,,,,
microsoft,vscode,145852,"Status bar items do not preserve whitespace between codicons ",1391,5,2022-03-23T07:43:53Z,2023-01-26T07:19:19Z,18,1,308,,,,,
microsoft,vscode,149295,"Markdown math latex rendering breaks notebook",2102,6,2022-05-11T21:43:25Z,2022-12-07T00:58:25Z,8,1,209,mjbvz,7589,0,pr,medium
microsoft,vscode,130548,"Expose Run and Debug test to other UI entries?",1097,7,2021-08-11T05:23:34Z,2022-11-23T20:32:59Z,10,1,469,connor4312,1012,0,pr,high
microsoft,vscode,86384,"Git: Stash Staged Changes",783,5,2019-12-05T10:20:18Z,2020-11-04T15:35:36Z,9,1,335,,,,,
microsoft,vscode,157410,"Add a command to ""fully"" collapse a tree item (maybe expand too)",1412,7,2022-08-06T20:57:41Z,2022-10-24T13:21:50Z,3,1,78,unknown,0,1,pr,medium
microsoft,vscode,163864,"Extension Disable button does not have border radius on the right side",2036,8,2022-10-17T16:42:07Z,2022-10-24T22:23:47Z,1,1,7,jeanp413,242,0,pr,high
microsoft,vscode,150209,"Wrapped extension categories don't look good",250,5,2022-05-23T17:53:41Z,2022-12-06T13:58:34Z,9,1,196,,,,,
microsoft,vscode,162524,"No end of support prompt while installing latest version on Windows 7 (64 bit)",1772,7,2022-10-02T17:32:37Z,2022-10-21T14:54:07Z,19,1,18,abhishekmsingh,1,1,pr,high
microsoft,vscode,86332,"Markdown word not highlighting when using underscore to mark italic",1206,5,2019-12-04T23:13:22Z,2022-12-05T21:47:07Z,6,1,1096,,,,,
microsoft,vscode,162379,"Issue with \tag per row of {align} inside tex and markdown",2147,3,2022-09-29T17:11:07Z,2022-10-17T18:09:10Z,2,1,18,mjbvz,7404,0,pr,high
microsoft,vscode,163130,"jsdoc multiple generic type doesn't parse right in hover popup",415,4,2022-10-09T20:41:10Z,2022-10-12T21:06:20Z,2,1,3,Suven-p,5,0,pr,high
microsoft,vscode,135472,"Unable to configure the closing of the browser when finishing debug",2039,4,2021-10-20T14:15:47Z,2022-10-10T03:16:57Z,9,1,354,,,,,
microsoft,vscode,134612,"Add Wayland Electron Arguments to argv.json",884,4,2021-10-07T22:08:22Z,2022-08-16T11:48:25Z,4,1,312,,,,,
microsoft,vscode,152465,"application: consistent behavior when interacting with `select` components",2192,6,2022-06-17T12:18:01Z,2022-08-04T17:20:59Z,2,1,48,Balastrong,7,0,pr,high
microsoft,vscode,153593,"Voiceover reads file path for setting section buttons",1360,6,2022-06-28T19:00:02Z,2022-07-25T17:09:42Z,2,1,26,,,,,
microsoft,vscode,146965,"Testing editor decorations for multiple overlapping vscode.TestItem's cannot be distinguished ",2089,8,2022-04-06T22:55:52Z,2022-07-25T19:28:45Z,8,1,109,Evan-sp,1,1,pr,high
microsoft,vscode,150440,"Bracket pair colorization matches substrings of longer words",1007,7,2022-05-26T06:13:03Z,2022-07-11T09:35:33Z,8,1,46,jlelong,4,0,pr,high
microsoft,vscode,105025,"Publish to GitHub uses master instead of default",1361,6,2020-08-19T19:40:23Z,2020-10-05T08:29:48Z,19,1,46,nrayburn-tech,2,1,pr,high
microsoft,vscode,151196,"Support <...> bracket matching in TypeScript",224,8,2022-06-03T08:12:41Z,2022-07-04T15:28:57Z,11,1,31,liby,1,1,pr,high
microsoft,vscode,152510,"No path suggestions inside of angle bracet markdown link",1081,5,2022-06-17T19:23:37Z,2022-06-24T22:04:40Z,9,1,7,mjbvz,7093,0,pr,high
microsoft,vscode,149074,"Horizontal bracket guides break on wrapped lines in first column, if editor.wrappingIndent == ""same""",1890,6,2022-05-09T09:58:25Z,2022-06-23T16:51:00Z,7,1,45,MonadChains,1,1,pr,high
microsoft,vscode,152630,"Testing: Space after codicon at start of label gets dropped",273,4,2022-06-20T12:45:25Z,2022-06-20T14:40:59Z,5,1,0,gjsjohnmurray,88,0,pr,high
microsoft,vscode,150544,"No command to clear keybindings search history",2277,7,2022-05-27T14:58:39Z,2022-06-09T13:17:42Z,2,1,12,leopoldsedev,3,0,pr,high
microsoft,vscode,150499,"'@see' jsdoc tag confuses bracket pair colorization",4539,5,2022-05-27T00:12:11Z,2022-06-06T17:05:39Z,10,1,10,,,,,
microsoft,vscode,114181,"`code-insiders --status` results in error",2732,4,2021-01-12T03:30:52Z,2022-06-04T22:24:06Z,6,1,508,Yash621,3,0,pr,medium
microsoft,vscode,140434,"Dates on extension page use American format regardless of display language",710,6,2021-12-25T22:35:01Z,2022-05-23T10:59:51Z,6,1,148,aifreedom,1,1,pr,high
microsoft,vscode,147043,"Latex not parsed correctly by markdown renderer in VS Code",2027,6,2022-04-07T23:10:10Z,2022-05-05T21:01:05Z,8,1,27,JerryWJi,0,1,pr,high
microsoft,vscode,96784,"Use aria-label to say full word for time in timeline view",173,6,2020-05-01T16:51:53Z,2022-04-29T17:31:36Z,19,1,728,lramos15,584,0,commit,medium
microsoft,vscode,147759,"Feature Request : able to action 'testing.unhideTest' from a task.",1299,6,2022-04-20T09:45:22Z,2022-04-25T17:27:50Z,5,1,5,Suven-p,4,0,pr,high
microsoft,vscode,147420,"`git.clone` command does not display repo search results correctly",1816,6,2022-04-13T23:05:49Z,2022-04-25T12:36:56Z,0,1,11,100paperkite,2,1,pr,high
microsoft,vscode,146226,"Improve progress reporting for upload, download, import progress in explorer",945,5,2022-03-29T02:52:26Z,2022-04-17T07:38:35Z,15,1,19,,,,,
microsoft,vscode,146714,"Link misinterpreted in code blocks in markdown file ",1829,6,2022-04-04T09:56:45Z,2022-04-07T21:50:38Z,3,1,3,AkatQuas,8,0,pr,high
microsoft,vscode,143543,"""Debug: Inline Values"" setting should support ""on""/""off"" instead of true/false",423,4,2022-02-21T13:38:13Z,2022-04-04T18:57:12Z,3,1,42,Balastrong,4,0,pr,high
microsoft,vscode,146305,"Change cursor for signature help markdown HTML links",2621,5,2022-03-30T08:00:38Z,2022-03-31T17:09:39Z,0,1,1,100paperkite,1,1,pr,high
microsoft,vscode,145367,"Could workbench.action.quickOpenTerm show more information to aid terminal selection?",1189,8,2022-03-18T04:38:58Z,2022-03-28T19:45:18Z,3,1,10,Balastrong,3,0,pr,high
microsoft,vscode,144309,"Add a setting to ignore dirty tabs in `workbench.editor.limit.value`",548,9,2022-03-03T09:57:16Z,2022-03-28T13:31:00Z,12,1,25,luoriyuhui21,1,1,pr,high
microsoft,vscode,145320,"Test error peek only replaces out first \r?\n of reported failure text",420,5,2022-03-17T14:58:19Z,2022-03-18T18:12:38Z,4,1,1,unknown,0,1,pr,high
microsoft,vscode,115621,"Closed Repositories keep reopening",956,3,2021-02-02T17:53:37Z,2022-03-13T03:49:48Z,5,1,403,,,,,
microsoft,vscode,144458,"Glob patterns `**/p*` incorrectly match on `/foo/ap`",1966,6,2022-03-05T08:25:42Z,2022-03-06T08:33:58Z,1,1,1,jeanp413,211,0,pr,high
microsoft,vscode,139659,"Open the default keybinding file without creating a new group",1077,4,2021-12-22T23:47:02Z,2022-03-05T02:32:10Z,5,1,72,,,,,
microsoft,vscode,142916,"Add Scroll to Top Color Change",699,5,2022-02-12T10:10:02Z,2022-03-03T00:16:45Z,2,1,18,kkakroo,2,1,pr,high
microsoft,vscode,140392,"Command ""workbench.action.exitZenMode"" would turn on ZenMode when not in ZenMode",2906,6,2022-01-10T08:33:47Z,2022-03-02T02:20:39Z,4,1,50,kkakroo,1,1,pr,high
microsoft,vscode,142028,"When setting the state of a TestRun more than once, the last one wins, not the ""most failed"" one",2301,5,2022-02-02T19:19:23Z,2022-02-15T19:30:22Z,8,1,13,stefanhaller,2,1,pr,high
microsoft,vscode,139323,"Settings sync has duplicate logins",3765,3,2021-12-16T19:28:49Z,2022-02-08T20:16:07Z,8,1,54,Yash621,3,0,pr,medium
microsoft,vscode,141657,"operating system independent home folder variable",1465,5,2022-01-27T17:48:46Z,2022-02-07T15:21:39Z,6,1,10,Bruce-Hopkins,1,1,pr,high
microsoft,vscode,139564,"Autocomplete for activation event is missing webview panel item",217,3,2021-12-21T08:34:23Z,2022-02-01T00:47:58Z,0,1,41,icepaq,1,1,pr,high
microsoft,vscode,137270,"The foreground here is very dark, hope we can allow us to modify it ourselves",882,5,2021-11-16T02:23:19Z,2022-01-31T05:04:06Z,20,1,76,Balastrong,1,1,pr,high
microsoft,vscode,139770,"Link highlighting is applied inside codeblocks",1204,4,2021-12-26T14:21:43Z,2022-01-25T20:38:50Z,10,1,30,WaqasAliAbbasi,1,1,pr,high
microsoft,vscode,137888,"Inline Completion Provider Sample Needs Update",390,2,2021-11-25T15:11:45Z,2022-01-10T14:00:18Z,3,1,45,hediet,522,0,commit,medium
microsoft,vscode,138921,"Markdown KaTeX Highlighting: Percent symbol (%) not escaped",1640,6,2021-12-11T19:16:09Z,2022-01-05T20:13:29Z,9,1,25,KhaledSamir,1,1,pr,high
microsoft,vscode,138105,"insert snippet picker list show where the snippet from",211,7,2021-11-30T02:41:54Z,2021-12-14T10:07:35Z,19,1,14,wengj9,4,0,pr,high
microsoft,vscode,137984,"""Test: Run Test at Cursor"" is too picky",1811,5,2021-11-27T15:25:06Z,2021-12-14T00:09:21Z,4,1,16,stefanhaller,1,1,pr,high
microsoft,vscode,137225,"new bracket paring",2240,6,2021-11-15T12:35:24Z,2021-11-23T09:59:10Z,4,1,7,hediet,439,0,commit,medium
microsoft,vscode,21370,"expandLineSelection is not a command",155,7,2017-02-24T15:27:30Z,2021-11-22T21:31:57Z,1,1,1732,laurentlb,1,1,pr,high
microsoft,vscode,130647,"the font of code in notebook-markdown",1669,5,2021-08-12T05:27:06Z,2021-11-10T01:07:10Z,7,1,89,,,,,
microsoft,vscode,84520,"Help test and implement the markdown custom editor preview",1760,6,2019-11-11T19:40:46Z,2021-11-05T00:30:16Z,15,1,724,andreamah,24,0,pr,medium
microsoft,vscode,131708,"Increase limit of recently opened workspaces and files",664,5,2021-08-26T10:05:56Z,2021-11-01T07:47:06Z,28,1,66,MVelez94,1,1,pr,high
microsoft,vscode,131386,"Terminal editors are always marked as dirty",2046,7,2021-08-23T08:23:30Z,2021-10-26T21:30:26Z,25,1,64,yuzhishuo,1,1,pr,high
microsoft,vscode,135151,"Unwanted bracket matching guidelines appear if you have () or {} inside xml element content",2132,6,2021-10-15T09:22:53Z,2021-10-25T07:53:19Z,6,1,9,hediet,373,0,commit,medium
microsoft,vscode,129911,"Clicking on terminal in a pathname that contains a $ doesn't open the file",1815,7,2021-08-01T02:45:19Z,2021-10-22T14:53:00Z,1,1,82,brajkowski,1,1,pr,high
microsoft,vscode,105126,"Clicking link in md opens copy of same document",1145,7,2020-08-21T05:05:00Z,2021-10-19T22:00:53Z,7,1,424,,,,,
microsoft,vscode,131080,"Unable to zoom out on an image",393,8,2021-08-18T06:13:32Z,2021-10-15T21:38:39Z,13,1,58,cyntler,1,1,pr,high
microsoft,vscode,133612,"Add arbitrary callback support to test explorer",419,4,2021-09-22T16:17:34Z,2021-10-13T17:12:24Z,4,1,21,Suven-p,3,0,pr,high
microsoft,vscode,86864,"Ctrl+Shift+T should reopen release notes just as any other tab",597,4,2019-12-13T02:50:21Z,2021-10-07T00:03:41Z,9,1,663,NotWearingPants,14,0,pr,medium
microsoft,vscode,133655,"Keystroke to trigger language selection in new document",635,6,2021-09-23T06:42:01Z,2021-10-07T05:12:42Z,15,1,13,Suven-p,3,0,pr,high
microsoft,vscode,97788,"html5 previewer plugin should not be able to take down renderer",313,6,2020-05-14T07:49:55Z,2021-10-04T23:19:27Z,10,1,508,,,,,
microsoft,vscode,134232,"Consider enabling word wrapping by default in test failure inline diff editor",474,5,2021-09-30T19:09:44Z,2021-10-04T16:48:01Z,7,1,3,Suven-p,2,1,pr,high
microsoft,vscode,130538,"Test UI: Sort/Filter by Duration",620,6,2021-08-11T03:46:37Z,2021-10-04T17:08:12Z,12,1,54,smcenlly,3,0,pr,high
microsoft,vscode,122427,"No tooltip shown when hovering over a terminal status",305,6,2021-04-27T19:06:38Z,2021-09-29T13:41:16Z,11,1,154,jrieken,8789,0,commit,medium
microsoft,vscode,132847,"Template literals brackets in build in Brackets colorizer",717,7,2021-09-10T08:04:45Z,2021-09-21T10:28:34Z,7,1,11,hediet,319,0,commit,medium
microsoft,vscode,133350,"[FR] Filter Test UI with a negated tag",566,6,2021-09-17T21:32:58Z,2021-09-20T17:26:54Z,1,1,2,ashgti,1,1,pr,high
microsoft,vscode,132476,"Please remove < > angle brackets pair colorization by default in all languages",759,7,2021-09-06T14:57:51Z,2021-09-17T15:26:55Z,12,1,11,IceSentry,0,1,pr,medium
microsoft,vscode,132049,"Fold/unfold tags in JSX like HTML",974,7,2021-09-01T12:37:35Z,2021-09-09T21:27:16Z,2,1,8,jwei98,1,1,pr,high
microsoft,vscode,131074,"preinstall.js can not check supported Visual Studio Version, when  Visual Studio 2019 not in default path",2869,4,2021-08-18T09:47:41Z,2021-09-08T20:10:26Z,3,1,21,,,,,
microsoft,vscode,132432,"Bracket pairs should not be colorized in .txt files or any other non-programming language related files",119,7,2021-09-06T08:27:29Z,2021-09-07T12:04:58Z,7,1,1,Suven-p,1,1,pr,high
microsoft,vscode,131956,"add `ctrl+i` and `Cmd+i` to toggleSuggestionDetails",901,8,2021-08-31T05:57:15Z,2021-09-06T06:37:19Z,0,1,6,heartacker,2,1,pr,high
microsoft,vscode,131537,"Test nodes with all skipped children do not show as skipped",1686,4,2021-08-24T16:12:07Z,2021-08-31T23:49:56Z,11,1,7,connor4312,668,0,commit,medium
microsoft,vscode,90903,"Terminal's selection is wrong visually after resizing terminal",437,6,2020-02-18T17:08:41Z,2021-09-01T23:14:45Z,8,1,561,,,,,
microsoft,vscode,131693,"[Bug] Markdown links display incorrectly when used with backticks",1415,4,2021-08-26T06:29:37Z,2021-08-30T22:49:05Z,13,1,4,mjbvz,6286,0,commit,medium
microsoft,vscode,130503,"typo in status bar: pluralize ""info"" -> ""infos""",1804,5,2021-08-10T17:09:23Z,2021-08-23T12:05:01Z,6,1,12,unknown,0,1,pr,high
microsoft,vscode,130990,"Add terminal keybinding for cmd+. -> ctrl+c to match Terminal.app",227,6,2021-08-17T12:03:53Z,2021-08-17T18:13:42Z,3,1,0,jihoon-ernesto,1,1,pr,high
microsoft,vscode,130786,"Customization of Peek Box Height for Running Tests",923,6,2021-08-13T18:05:47Z,2021-08-13T23:26:39Z,0,1,0,connor4312,656,0,commit,medium
microsoft,vscode,130541,"Testing API to support navigation to a specific line for non-test item",1145,5,2021-08-11T04:02:13Z,2021-08-13T23:26:56Z,3,1,2,,,,,
microsoft,vscode,129492,"[Test UI] Considering switching the color of the test message view",682,6,2021-07-27T08:01:09Z,2021-08-13T23:26:39Z,5,1,17,connor4312,656,0,commit,medium
microsoft,vscode,129153,"Search Editor still has 10000 line limit when search.maxResults is set to a value larger than 10000",1281,6,2021-07-22T07:45:15Z,2021-08-13T18:55:47Z,9,1,22,vlwkaos,1,1,pr,high
microsoft,vscode,124382,"Quick pick vertical alignment is off",218,6,2021-05-21T17:15:58Z,2021-08-12T20:31:38Z,12,1,83,franzvill,1,1,pr,high
microsoft,vscode,102261,"List: Provide `list.mouseWheelScrollSensitivity` setting",576,7,2020-07-12T03:10:34Z,2021-07-16T09:40:25Z,16,1,369,tbeeck,6,0,pr,high
microsoft,vscode,124541,"modifying ""files to include"" in search editor does not update scroll position correctly",2578,5,2021-05-25T02:51:51Z,2021-07-15T19:14:08Z,3,1,51,,,,,
microsoft,vscode,126657,"Custom hover should hide when typing",180,5,2021-06-18T08:33:05Z,2021-07-13T19:12:44Z,2,1,25,usjpin,1,1,pr,high
microsoft,vscode,125451,"Debugging node app pauses unexpectedly when a Worker is created",3284,5,2021-06-03T22:20:31Z,2021-07-07T22:28:55Z,5,1,34,connor4312,574,0,commit,medium
microsoft,vscode,125092,"[FR] Copy Command Title",779,6,2021-06-01T13:36:22Z,2021-07-06T14:07:03Z,7,1,35,timfenney,0,1,pr,high
microsoft,vscode,127431,"Rich hover focus outline shows under status bar hovers",243,5,2021-06-29T11:23:41Z,2021-06-30T12:07:19Z,1,1,1,jeanp413,177,0,pr,high
microsoft,vscode,115291,"bogus terminal title: `0.0.0.0:3000) [rails_sample_app]`",639,6,2021-01-28T08:32:00Z,2021-02-02T22:24:31Z,7,1,5,meganrogge,48,0,pr,high
microsoft,vscode,119261,"Cannot search/filter by snippet description in the Command Palette/Insert Snippet",1675,6,2021-03-18T15:55:38Z,2021-03-19T11:53:09Z,2,1,0,gjsjohnmurray,49,0,pr,high
microsoft,vscode,113750,"vscode does not run npm script names with whitespaces",1603,6,2021-01-04T11:38:56Z,2021-01-18T11:02:54Z,3,1,13,jonamat,1,1,pr,high
microsoft,vscode,125282,"Create setting to disable terminal hovers",142,9,2021-06-02T13:25:28Z,2021-06-07T21:44:19Z,2,1,5,nrayburn-tech,5,0,pr,high
microsoft,vscode,125260,"locate file:$line:$col in IntegratedTerminal",1694,5,2021-06-02T10:49:55Z,2021-06-07T21:48:32Z,7,1,5,mghalayini,1,1,pr,high
microsoft,vscode,123189,"Rename debug terminals if a second `runInTerminal` request comes in with a different name",608,6,2021-05-06T19:51:53Z,2021-06-07T14:10:59Z,6,1,31,danielgary,4,0,pr,high
microsoft,vscode,122402,"Terminal tabs: cannot shift click into tabs",233,6,2021-04-27T16:57:27Z,2021-05-31T09:49:26Z,7,1,33,joaomoreno,8043,0,commit,medium
microsoft,vscode,124419,"Markdown preview nested lists shouldn't have bottom margin",416,7,2021-05-22T10:43:54Z,2021-05-26T16:05:36Z,3,1,4,Ashray123,1,1,pr,high
microsoft,vscode,123493,"Suggest switching off TSServer Trace Logs if left on for a long time",1376,8,2021-05-10T18:15:08Z,2021-05-26T20:23:12Z,4,1,16,nrayburn-tech,4,0,pr,high
microsoft,vscode,124190,"Incorrect spacing after table, before next heading in Markdown Preview",2321,6,2021-05-19T15:58:18Z,2021-05-24T19:14:02Z,4,1,5,inidaname,1,1,pr,high
microsoft,vscode,122348,"Do not show tab list if only one terminal tab with multiple terminals",414,7,2021-04-27T14:01:30Z,2021-05-24T10:52:25Z,3,1,26,nrayburn-tech,3,0,pr,high
microsoft,vscode,123772,"Incorrect links in file vscode.d.ts (API reference)",1299,3,2021-05-13T11:02:40Z,2021-05-21T17:02:48Z,4,1,8,mzainuddin51,1,1,pr,high
microsoft,vscode,81537,"Show keyboard shortcuts inside integrated terminal in Screencast Mode",496,6,2019-09-27T08:23:31Z,2021-05-18T12:21:16Z,17,1,599,,,,,
microsoft,vscode,121521,"Tree View welcome content doesn't use hover link color",304,6,2021-04-16T23:01:58Z,2021-05-17T07:47:16Z,0,1,30,sangxxh,4,0,pr,high
microsoft,vscode,96715,"Resolve relative paths in terminal link handler",358,8,2020-04-30T17:01:40Z,2021-05-14T17:55:33Z,5,1,379,vibhavsarraf,0,1,pr,high
microsoft,vscode,110901,"Emmet Expand Abbreviation should support expanding selection only",1316,3,2020-11-19T00:29:16Z,2021-05-06T02:35:01Z,11,1,168,,,,,
microsoft,vscode,109216,"External terminal not logging Electron logs",984,3,2020-10-23T08:05:43Z,2021-05-04T19:09:21Z,8,1,193,,,,,
microsoft,vscode,381,"Should allow adjusting font weight",1035,3,2015-11-20T21:17:12Z,2016-08-18T06:20:47Z,31,1,271,ramamurthynagaraj,0,1,pr,medium
microsoft,vscode,80674,"Workspace shell permissions are not remembered in multi-root workspaces",921,5,2019-09-10T23:54:22Z,2021-05-04T17:50:34Z,23,1,601,,,,,
microsoft,vscode,121169,"M1 VSCode binary can be run on iOS?",1817,1,2021-04-13T09:44:22Z,2021-04-15T19:36:39Z,4,1,2,,,,,
microsoft,vscode,115791,"Keep previous position when returning to the ""Release Notes: ..."" tab.",706,4,2021-02-04T19:56:10Z,2021-04-05T19:26:53Z,4,1,59,,,,,
microsoft,vscode,107578,"Emmet suggests input:Nan when input. is typed",2042,5,2020-09-28T11:35:34Z,2021-04-05T16:11:31Z,9,1,189,aliasliao,1,1,pr,high
microsoft,vscode,120203,"Emmet suggestion fails to show when user writes self-closing abbreviation",560,7,2021-03-30T20:55:32Z,2021-04-01T15:11:15Z,7,1,1,sangxxh,3,0,pr,high
microsoft,vscode,107328,"Request: Typographer option in Markdown preview",948,7,2020-09-23T21:21:17Z,2021-03-29T21:18:59Z,3,1,186,william-des,2,1,pr,high
microsoft,vscode,119123,"Preserve case find replace appears broken",1510,6,2021-03-16T19:35:12Z,2021-03-23T15:50:37Z,2,1,6,william-des,1,1,pr,high
microsoft,vscode,118138,"""Git: Delete Branch..."" should be on the Source Control context menu",902,6,2021-03-04T21:30:03Z,2021-03-19T22:43:27Z,6,1,15,0xfffffff0075e2040,2,1,pr,high
microsoft,vscode,117939,"Extension READMEs do not support 'width' and 'height' attributes",1689,6,2021-03-02T01:59:27Z,2021-03-02T16:47:56Z,1,1,0,sangxxh,2,1,pr,high
microsoft,vscode,74505,"Emmet built-in plugin cheats starting with @ expand only inside blocks",772,6,2019-05-29T01:47:42Z,2021-03-01T22:06:35Z,7,1,642,rzhao271,58,0,pr,high
microsoft,vscode,89746,"PascalCase-naming doesn't work with Emmet completion in JSX",830,8,2020-01-30T21:53:27Z,2021-02-22T17:12:30Z,3,1,388,aliasliao,0,1,pr,high
microsoft,vscode,115812,"links in Markdown preview no longer work",4015,6,2021-02-05T01:21:57Z,2021-02-19T03:07:23Z,7,1,14,habibkarim,5,0,pr,high
microsoft,vscode,72594,"Emmet: Support css.color.short setting",69,7,2019-04-19T05:09:50Z,2021-02-18T16:54:36Z,5,1,671,lancewl,1,1,pr,high
microsoft,vscode,110251,"Implement output.reverseAttributes for emmet snippets",3184,8,2020-11-09T18:15:32Z,2021-02-12T20:54:58Z,4,1,95,jeanp413,146,0,pr,high
microsoft,vscode,114923,"HTML figcaption tag should be suggested when using the full word instead of only ""figc""",1397,5,2021-01-25T16:28:14Z,2021-02-12T20:22:40Z,6,1,18,AnuBhar,0,1,pr,medium
microsoft,vscode,65464,"Emmet CSS # character",435,4,2018-12-20T08:56:59Z,2021-02-09T22:32:12Z,11,1,782,jeanp413,145,0,pr,high
microsoft,vscode,115946,"Emmet plain text with repeat doesn't expand",321,5,2021-02-05T23:22:17Z,2021-02-08T16:00:52Z,1,1,2,shskwmt,12,0,pr,high
microsoft,vscode,114264,"Save As Type dialog is not sorted alphabetically",1263,5,2021-01-13T10:43:25Z,2021-01-29T07:06:43Z,8,1,15,sangxxh,1,1,pr,high
microsoft,vscode,99072,"Include terminal name in terminal textarea title",234,7,2020-06-02T12:02:46Z,2021-01-19T16:18:34Z,17,1,231,tabaddor,1,1,pr,high
microsoft,vscode,101155,"ctrl-click in terminal doesn't handle trailing ':' in file:line:col: links",2492,7,2020-06-26T18:28:21Z,2020-09-09T13:29:47Z,7,1,74,Abhijith-S-D,0,1,pr,high
microsoft,vscode,111751,"Inconsistent markdown formatting for email",1851,5,2020-12-02T16:13:12Z,2020-12-04T00:39:45Z,1,1,1,hunghw,2,1,pr,high
microsoft,vscode,96409,"Trackpad: Tab switch on mouse scroll: horizontal scrolling sensitivity too high",404,10,2020-04-28T13:33:50Z,2020-12-08T15:16:49Z,12,1,224,Andre-Fonteles,1,1,pr,high
microsoft,vscode,96264,"Option to disable creation of a branch when a remote tracking branch is selected",700,8,2020-04-27T14:06:10Z,2020-12-04T10:43:44Z,8,1,220,joaomoreno,7614,0,commit,medium
microsoft,vscode,106907,"when stashing, use commit message if populated",532,7,2020-09-17T02:13:49Z,2020-12-01T13:14:15Z,7,1,75,dfireBird,3,0,pr,high
microsoft,vscode,111324,"Using the feedback tweet UI to tweet ""sad"" feedback results in an incorrect query parameter ",1116,6,2020-11-25T20:36:43Z,2020-11-26T08:33:04Z,5,1,0,Pikachu920,1,1,pr,high
microsoft,vscode,100899,"Show message when trying to assign an existing key chord as keybinding",1006,5,2020-06-24T02:52:27Z,2020-11-16T17:59:21Z,2,1,145,,,,,
microsoft,vscode,57071,"User installer displays blocky / corrupted VScode logo",321,5,2018-08-23T09:07:27Z,2020-11-11T15:42:50Z,4,1,811,,,,,
microsoft,vscode,104945,"Git: `Save All & Commit` with unsaved files stages everything",1261,6,2020-08-18T18:32:03Z,2020-11-10T10:22:22Z,3,1,83,joaomoreno,7514,0,commit,medium
microsoft,vscode,97472,"Git Pull From, when git.fetchOnPull=true, does nothing",2767,6,2020-05-11T07:36:39Z,2020-11-09T15:20:28Z,9,1,182,mdasifhasan,2,1,pr,high
microsoft,vscode,107753,"Unable to create empty git commit if there are any changed files",436,6,2020-09-29T22:49:49Z,2020-11-10T11:02:24Z,7,1,41,hunghw,2,1,pr,high
microsoft,vscode,107689,"SCM commit message should have it's own whitespace color or be configurable not to highlight whitespace",1883,6,2020-09-29T12:32:27Z,2020-11-10T08:50:14Z,4,1,41,rupran,1,1,pr,high
microsoft,vscode,103281,"Synchronize Changes doesn't push git tags",965,8,2020-07-24T21:16:00Z,2020-11-09T15:08:29Z,5,1,107,jmannanc,4,0,pr,high
microsoft,vscode,98945,"Watch `.git/info/exclude` for changes and re-run `git status`",1861,4,2020-06-01T09:26:25Z,2020-11-09T15:22:22Z,5,1,161,,,,,
microsoft,vscode,109799,"Git: Support `Git: Push Tags` command",818,8,2020-11-01T04:39:11Z,2020-11-09T15:00:45Z,11,1,8,stdavis,1,1,pr,high
microsoft,vscode,94711,"Git: Offer to show the entire git commit output, when it fails",3750,8,2020-04-08T19:25:14Z,2020-11-05T15:48:30Z,8,1,210,diminutivesloop,1,1,pr,high
microsoft,vscode,93320,"Drop stash should ask for comfimation",726,7,2020-03-24T18:15:03Z,2020-11-05T14:20:37Z,2,1,225,dormesica,2,1,pr,high
microsoft,vscode,92146,"[Git Extension] ApiRepositoryState.refs seem to contain a wrong commit hash",954,6,2020-03-06T09:49:34Z,2020-11-06T11:00:43Z,5,1,245,ole1986,0,1,pr,medium
microsoft,vscode,95599,"Add option to disable ""quick diff"" pop-up window",529,8,2020-04-18T14:37:23Z,2020-11-06T10:31:47Z,3,1,201,joaomoreno,7491,0,commit,medium
microsoft,vscode,93300,"Git: After cloning and no folder is open, add option to open the folder automatically.",554,8,2020-03-24T11:21:42Z,2020-11-05T15:02:17Z,8,1,226,jpiskiewicz,6,0,pr,high
microsoft,vscode,92034,"Git: After adding remote, run fetch",1945,8,2020-03-04T21:57:01Z,2020-11-05T15:03:23Z,4,1,245,joaomoreno,7486,0,commit,medium
microsoft,vscode,86813,"Add setting to make Git: Fetch (Prune) default behaviour for Git Fetch And Pull",919,8,2019-12-12T11:13:20Z,2020-11-04T14:44:02Z,3,1,328,LarssonOliver,2,1,pr,high
microsoft,vscode,108381,"Git: Support recursive git clone",485,8,2020-10-09T11:34:21Z,2020-10-22T19:12:50Z,7,1,13,baylesj,1,1,pr,high
microsoft,vscode,99129,"Theme Color : Git : Staged",473,8,2020-06-02T16:00:11Z,2020-09-28T14:34:01Z,7,1,117,mwood77,1,1,pr,high
microsoft,vscode,79340,"Help webview extensions add a Content Security Policy",3778,3,2019-08-16T23:24:26Z,2020-10-03T01:24:32Z,21,1,413,utsavm9,1,1,pr,medium
microsoft,vscode,48403,"The ""Local image"" preview fails to render on Windows when both files are in the same directory on:  a \\ based network share; the root of a drive",2522,5,2018-04-23T13:28:58Z,2020-10-14T07:52:55Z,5,1,904,lmcarreiro,1,1,pr,high
microsoft,vscode,90834,"Document that registerTextEditorCommand does not work with asyncrhonous operations",841,5,2020-02-17T15:57:39Z,2020-10-15T14:00:24Z,4,1,240,jrieken,7150,0,commit,medium
microsoft,vscode,103816,"Replace panel: allow to validate using keyboard any time, no only when replace string is active",995,4,2020-08-03T08:12:30Z,2020-10-07T02:30:18Z,9,1,64,,,,,
microsoft,vscode,107471,"Markdown footnote is underlined and gives right-click option to `Execute command`",425,3,2020-09-25T17:54:50Z,2020-10-08T06:38:18Z,6,1,12,mmacoveiciuc,1,1,pr,high
microsoft,vscode,107588,"Control Exclude checkbox in search from extension",405,6,2020-09-28T13:16:50Z,2020-10-03T21:49:29Z,8,1,5,dhairyanadapara,1,1,pr,high
microsoft,vscode,108286,"Search in the search editor windows does not respect the modified sort field",932,6,2020-10-08T06:33:41Z,2020-10-14T17:31:57Z,14,1,6,jeanp413,135,0,pr,high
microsoft,vscode,108222,"Debugger does not work when running Node.js on an unsupported operating system",1337,6,2020-10-07T02:48:29Z,2020-10-07T15:09:52Z,18,1,0,hp8wvvvgnj6asjm7,0,1,pr,high
microsoft,vscode,91742,"Repository selector in status bar - Versioncontrol",479,5,2020-02-28T09:54:30Z,2020-11-06T09:57:19Z,8,1,252,,,,,
microsoft,vscode,106533,"Creating a git tag with no message should not set a message",792,6,2020-09-12T06:50:23Z,2020-09-16T08:22:20Z,2,1,4,MoQ93,1,1,pr,high
microsoft,vscode,85734,"Support multiple values for the git.path setting",927,8,2019-11-28T01:15:03Z,2020-09-10T13:02:38Z,7,1,287,whizsid,1,1,pr,high
microsoft,vscode,105881,"Support --no-verify variant of commit",396,8,2020-09-01T21:10:18Z,2020-09-10T09:14:29Z,7,1,8,vpukhanov,2,1,pr,high
microsoft,vscode,100517,"Helper tool popup is not informative",768,5,2020-06-18T18:03:10Z,2020-08-22T02:24:46Z,10,1,64,,,,,
microsoft,vscode,76591,"Font display broken in Extensions detail view after upgrade to 1.36",958,6,2019-07-04T10:43:06Z,2020-08-19T11:23:29Z,10,1,412,,,,,
microsoft,vscode,104219,"I can't find the documentation about the codeActionsOnSave feature ",953,3,2020-08-07T05:29:58Z,2020-08-14T22:48:54Z,9,1,7,gunadhya,0,1,pr,high
microsoft,vscode,102718,"No loading indicator when formatting a document",802,6,2020-07-16T17:47:55Z,2020-08-11T08:25:21Z,4,1,25,cyyyu,4,0,pr,high
microsoft,vscode,104178,"""JavaScript > Suggest : Auto Imports"" setting description looks incorrect",526,5,2020-08-06T15:24:18Z,2020-08-11T03:45:51Z,9,1,4,,,,,
microsoft,vscode,90732,"Outline view is missing the keyboard command to just move the editor to the current a symbol",598,8,2020-02-15T00:19:53Z,2020-07-01T08:04:16Z,8,1,137,lambainsaan,2,1,pr,high
microsoft,vscode,101078,"Support for using .git/SQUASH_MSG in Git commit message box",870,8,2020-06-26T01:28:52Z,2020-07-01T07:37:36Z,10,1,5,daniel-j-davis,0,1,pr,high
microsoft,vscode,95387,"Linux starting script fails",1106,7,2020-04-15T22:24:33Z,2020-06-11T11:46:47Z,2,1,56,9at8,4,0,pr,high
microsoft,vscode,99595,"Reveal in File Explorer in git",551,4,2020-06-08T06:43:02Z,2020-06-10T13:21:43Z,6,1,2,,,,,
microsoft,vscode,95743,"pullFrom does not work with fetchOnPull enabled",1239,4,2020-04-21T05:17:59Z,2020-06-03T06:35:24Z,7,1,43,,,,,
microsoft,vscode,96640,"Source Control stages Merge Changes when trying to stage all Changes",1801,5,2020-04-29T20:39:14Z,2020-05-27T13:38:31Z,4,1,27,pfongkye,1,1,pr,high
microsoft,vscode,98395,"JSON tooltip spelling wrong -powershell.json user snippets file",894,4,2020-05-22T20:24:16Z,2020-05-26T06:48:53Z,0,1,3,pkathro,1,1,pr,high
microsoft,vscode,92279,"Change type of the scm.diffDecorations setting to Array.",139,3,2020-03-09T16:56:49Z,2020-05-09T02:24:06Z,5,1,60,,,,,
microsoft,vscode,94439,"SearchEditor: Add command to focus queryEditorWidget",975,6,2020-04-04T13:17:33Z,2020-04-30T12:48:33Z,11,1,25,kdnk,1,1,pr,high
microsoft,vscode,96181,"Focus terminal after dragging a folder from explorer to terminal",1489,5,2020-04-26T10:22:54Z,2020-04-27T16:11:15Z,3,1,1,ChrisPapp,6,0,pr,high
microsoft,vscode,94285,"Don't save all ""dirty editors"" when a task is executed",1718,5,2020-04-02T13:52:55Z,2020-04-23T15:43:33Z,5,1,21,cumbreras,0,1,pr,high
microsoft,vscode,90734,"Windows Terminal as external terminal does not launch in the workspace directory",1440,6,2020-02-15T00:53:27Z,2020-04-05T23:55:57Z,4,1,50,MonoLizard,1,1,pr,high
microsoft,vscode,92785,"Wrong title for the button that scrolls to the top",544,5,2020-03-16T14:13:58Z,2020-03-23T19:27:42Z,5,1,7,,,,,
microsoft,vscode,90415,"Run Active File in Terminal menu should insert quotes for CMD",2376,5,2020-02-11T04:29:50Z,2020-02-19T14:50:59Z,11,1,8,dormesica,1,1,pr,high
microsoft,vscode,88294,"Git Extension: Commit interface should provide date and author name",415,5,2020-01-08T15:44:25Z,2020-02-18T09:04:11Z,9,1,40,zjysdhr,5,0,pr,high
microsoft,vscode,90589,"Expand selection in words with underscores is inconsistent",2230,5,2020-02-13T12:01:05Z,2020-02-17T16:05:09Z,1,1,4,vhpgomes,0,1,pr,high
microsoft,vscode,70464,"outline view (markdown) does not work if yaml frontmatter ends in ""...""",1625,5,2019-03-14T09:31:10Z,2020-02-10T22:45:14Z,7,1,333,unknown,0,1,pr,high
microsoft,vscode,86482,"Move cursor with Alt+Click in Terminal has issues with wrapped lines",936,5,2019-12-06T15:35:40Z,2020-02-07T16:41:55Z,3,1,63,,,,,
microsoft,vscode,84983,"Allow friendly name for task input pickString options",232,6,2019-11-17T06:01:41Z,2020-01-24T11:22:18Z,3,1,68,LarssonOliver,1,1,pr,high
microsoft,vscode,88125,"Unexpected tab order for buttons in marker navigation widget",1622,4,2020-01-03T12:15:12Z,2020-01-07T08:18:17Z,0,1,3,jzyrobert,12,0,pr,high
microsoft,vscode,87456,"Configuration to increase the terminal cursor width",339,4,2019-12-20T17:35:51Z,2019-12-31T20:16:55Z,2,1,11,BuraChuhadar,11,0,pr,high
microsoft,vscode,86722,"Provide Editor Font Size with `px` unit to Webviews",587,4,2019-12-11T07:45:39Z,2019-12-11T23:41:55Z,2,1,0,mjbvz,4599,0,commit,medium
microsoft,vscode,85158,"```git.ignoredRepositories``` does not support case insensitive file systems",856,5,2019-11-19T22:24:08Z,2019-11-28T12:42:00Z,2,1,8,joaomoreno,6586,0,commit,medium
microsoft,vscode,76892,"Add support of relative paths for ```git.ignoredRepositories``` ",542,7,2019-07-08T15:11:09Z,2019-11-29T15:14:46Z,9,1,144,Wowol,3,0,pr,high
microsoft,vscode,82105,"`workbench.action.terminal.rename` should accept name as an argument",503,4,2019-10-08T13:49:23Z,2019-11-25T15:33:10Z,15,1,48,petevdp,8,0,pr,high
microsoft,vscode,22981,"Show JS/TS References Code Lens for Inner Functions ",520,7,2017-03-22T01:24:58Z,2019-11-23T02:06:24Z,5,1,976,okmttdhr,5,0,pr,high
microsoft,vscode,48038,"Git diff ignores language configured encoding",1898,4,2018-04-17T09:09:24Z,2019-11-20T10:29:07Z,7,1,582,,,,,
microsoft,vscode,85142,"Implementations misspelled as Implemenations in settings",823,4,2019-11-19T17:21:35Z,2019-11-20T11:54:33Z,0,1,0,jzyrobert,0,1,pr,high
microsoft,vscode,43643,"SnippetString doesn't have builder-method for Choice",587,9,2018-02-14T09:52:40Z,2019-11-13T15:30:11Z,6,1,637,okmttdhr,4,0,pr,high
microsoft,vscode,83452,"""Select a default formatter for {0}-files"" shouldn't have a hyphen",690,4,2019-10-28T17:08:50Z,2019-10-30T07:43:17Z,2,1,1,gjsjohnmurray,7,0,pr,high
microsoft,vscode,66185,"Intellisense details cannot scroll vertically the first time it's shown",269,5,2019-01-07T23:57:06Z,2019-10-25T23:40:11Z,6,1,290,,,,,
microsoft,vscode,77184,"Update VS Code from Command Palette",309,6,2019-07-11T07:23:57Z,2019-10-25T09:55:29Z,7,1,106,DiamondYuan,6,0,pr,high
microsoft,vscode,76195,"Git: Add command for git stash drop",743,6,2019-06-26T18:18:21Z,2019-10-25T09:42:19Z,3,1,120,drew212,5,0,pr,medium
microsoft,vscode,67670,"Git status bar fails to show branch of current file, on startup",561,5,2019-01-31T19:08:05Z,2019-10-25T10:06:58Z,10,1,266,callummr,1,1,pr,high
microsoft,vscode,74147,"Git: Support deleting tags",171,6,2019-05-22T17:13:24Z,2019-10-24T13:32:22Z,4,1,154,xuhas,5,0,pr,medium
microsoft,vscode,66141,"Show 'clear search' in settings-UI even when matched settings are found",822,5,2019-01-07T11:31:17Z,2019-10-23T01:13:58Z,11,1,288,smilegodly,0,1,pr,high
microsoft,vscode,79665,"Option to not automatically resize all panes when splitting a pane",511,6,2019-08-22T19:48:34Z,2019-10-21T15:58:16Z,9,1,59,dhairyanadapara,1,1,pr,high
microsoft,vscode,80741,"Press BracketLeft to find in explorer and shows Dead",680,5,2019-09-11T19:17:09Z,2019-10-21T13:42:51Z,10,1,39,frobinsonj,1,1,pr,high
microsoft,vscode,30419,"Add preference to turn off ""recently used tasks""",209,5,2017-07-11T19:29:51Z,2019-10-21T08:35:07Z,12,1,831,hypercubestart,3,0,pr,high
microsoft,vscode,80649,"Allow suggested list for Run>Task... to be modified",2889,4,2019-09-10T14:56:47Z,2019-10-21T08:35:25Z,15,1,40,hypercubestart,3,0,pr,medium
microsoft,vscode,82173,"Integrated terminal double click doesn't use comma as word separator",1335,6,2019-10-09T19:10:43Z,2019-10-18T17:44:07Z,6,1,8,Tyriar,3114,0,commit,medium
microsoft,vscode,15104,"Display breakpoints in scrollbar",196,6,2016-11-07T15:24:01Z,2019-10-18T15:55:13Z,11,1,1075,anirudhrb,5,0,pr,high
microsoft,vscode,66748,"Support grunt task argument",527,6,2019-01-18T20:39:09Z,2019-10-18T08:44:54Z,4,1,272,sohailrajdev97,1,1,pr,high
microsoft,vscode,71242,"""Pick a remote to publish the branch to"" should have a ""new branch"" option",379,6,2019-03-27T00:05:06Z,2019-10-17T13:53:02Z,2,1,204,jmbockhorst,6,0,pr,high
microsoft,vscode,80297,"[Feature Request] snippet support RANDOM",267,4,2019-09-04T03:32:01Z,2019-10-16T07:21:09Z,5,1,42,Krystofee,1,1,pr,high
microsoft,vscode,78431,"[Terminal] Support Fast Scrolling",308,7,2019-08-03T17:04:47Z,2019-10-16T01:05:16Z,7,1,73,Tyriar,3110,0,pr,high
microsoft,vscode,82199,"Markdown: color of numbers in code blocks is not suitable with light theme at Preview",523,3,2019-10-10T03:59:34Z,2019-10-14T18:47:53Z,4,1,4,jfhr,1,1,pr,high
microsoft,vscode,81878,"Image preview shows incorrect canvas size when editor is scaled down vertically ",466,4,2019-10-02T23:36:54Z,2019-10-07T21:49:49Z,6,1,4,u-ways,1,1,pr,medium
microsoft,vscode,59372,"Find match was not cleared after researching",182,6,2018-09-25T19:56:56Z,2019-10-08T18:07:38Z,6,1,377,Tyriar,3095,0,commit,medium
microsoft,vscode,67410,"Integrated terminal cursor style is still block when the focus is lost",915,6,2019-01-29T13:56:45Z,2019-10-08T14:27:29Z,12,1,252,Tyriar,3091,0,commit,medium
microsoft,vscode,81876,"Image preview should zoom into center of image",209,4,2019-10-02T23:27:59Z,2019-10-03T18:27:41Z,2,1,0,jeanp413,39,0,pr,high
microsoft,vscode,80837,"save all and commit option only commits unsaved files",447,5,2019-09-13T02:28:38Z,2019-09-30T07:42:34Z,4,1,17,vedipen,3,0,pr,high
microsoft,vscode,78984,"Touch doesn't work in Suggest widget",773,5,2019-08-12T19:47:03Z,2019-09-26T18:16:00Z,4,1,44,davidreis97,5,0,pr,high
microsoft,vscode,60131,"Enable separeate preview modes for Search & Replace results",1097,5,2018-10-08T09:24:46Z,2019-10-26T01:38:40Z,15,1,382,,,,,
microsoft,vscode,12630,"VSCode should reopen when machine rebooted for updates",627,6,2016-09-26T12:22:36Z,2019-10-17T10:04:01Z,10,1,1115,,,,,
microsoft,vscode,24462,"SCM: Focus command for SCM Input box",656,5,2017-04-10T19:13:45Z,2019-10-09T13:56:31Z,4,1,911,,,,,
microsoft,vscode,23591,"SCM: Support optional UI label for SCMResource",515,5,2017-03-29T17:21:33Z,2019-10-09T13:55:52Z,4,1,923,,,,,
microsoft,vscode,48490,"Git: Clone command should find repository, if known",556,5,2018-04-24T08:51:52Z,2019-10-09T13:20:34Z,9,1,533,,,,,
microsoft,vscode,74064,"Git: support passing extra environment variables on git spawn",1010,5,2019-05-21T14:24:25Z,2019-10-09T10:40:50Z,12,1,140,,,,,
microsoft,vscode,78465,"Markdown Preview scroll remains same after clicking on some other link",642,5,2019-08-05T04:06:15Z,2019-08-19T04:45:37Z,3,1,14,hypercubestart,1,1,pr,high
microsoft,vscode,78281,"Terminal Scrolls search even if find result is visible",1339,6,2019-07-31T16:18:42Z,2019-08-16T18:39:24Z,3,1,16,lramos15,40,0,pr,medium
microsoft,vscode,71023,"No Steps Given for JSDoc Comments in Interactive Playground ",488,6,2019-03-23T20:30:30Z,2019-08-15T01:07:27Z,4,1,144,mjbvz,3973,0,commit,medium
microsoft,vscode,76042,"Inside VScode, in release notes, middle-clicking links opens broken link in browser",356,5,2019-06-15T17:16:48Z,2019-08-15T00:26:14Z,3,1,60,devsqrl,1,1,pr,high
microsoft,vscode,56286,"Ability to hide breadcrumb icons",166,6,2018-08-14T01:08:38Z,2019-08-13T08:05:03Z,4,1,364,chrismay,0,1,pr,medium
microsoft,vscode,77343,"Breadcrumbs command to ""go up/down"" a folder during navigation",286,6,2019-07-13T23:07:29Z,2019-08-09T14:29:29Z,5,1,26,DiamondYuan,4,0,pr,high
microsoft,vscode,73644,"Show branch name near commit message box",547,6,2019-05-12T19:40:14Z,2019-08-08T14:58:09Z,6,1,87,burknator,2,1,pr,high
microsoft,vscode,72587,"No vertical scrollbar appears the 1st time completion resolve occurs",2450,5,2019-04-18T23:43:42Z,2019-08-08T15:33:11Z,1,1,111,arussellk,1,1,commit,medium
microsoft,vscode,71258,"'Undo Last commit' does not work if there is no commit message",1546,5,2019-03-27T05:22:13Z,2019-08-08T14:32:24Z,9,1,134,marmikc,3,0,pr,medium
microsoft,vscode,71317,"Intellisense read more close button has 1px wide left side that makes the cursor freak out",335,5,2019-03-27T21:31:30Z,2019-08-08T10:13:46Z,2,1,133,,,,,
microsoft,vscode,71304,"Add branch name to branch hover tooltip",428,5,2019-03-27T16:53:16Z,2019-08-08T10:28:04Z,6,1,133,Daniel-McCarthy,3,0,pr,high
microsoft,vscode,71312,"Difftool Commit Message now removes whitespace from default template",897,5,2019-03-27T19:07:57Z,2019-08-08T10:21:40Z,3,1,133,vitaliymaz,0,1,pr,medium
microsoft,vscode,66296,"git.promptToSaveFilesBeforeCommit should not warn on unstaged files.",557,5,2019-01-09T17:04:35Z,2019-08-08T09:32:59Z,10,1,210,flurmbo,26,0,pr,high
microsoft,vscode,72640,"Opening image file from source control is broken",1258,5,2019-04-20T08:34:53Z,2019-08-07T15:30:30Z,2,1,109,Olovan,0,1,pr,high
microsoft,vscode,69240,"""Save all and commit"" dialog should stage before committing",1746,5,2019-02-22T19:58:46Z,2019-08-07T15:39:13Z,1,1,165,neesonqk,1,1,pr,high
microsoft,vscode,67965,"Screencast Mode - text not resetting",226,5,2019-02-06T06:02:39Z,2019-08-07T13:34:24Z,1,1,182,flurmbo,26,0,pr,high
microsoft,vscode,66620,"git: several hints and dialogs don't appear when using keyboard shortcut commit",1311,7,2019-01-16T20:08:33Z,2019-08-07T10:20:15Z,1,1,202,joaomoreno,6100,0,commit,medium
microsoft,vscode,65438,"Publish new branch from VS Code with name @JA/feature1 with error",1517,5,2018-12-20T03:06:30Z,2019-08-07T09:52:09Z,2,1,230,rcbevans,3,0,pr,high
microsoft,vscode,78170,"Toggling a find button does not re-evaluate the search",397,4,2019-07-30T12:30:38Z,2019-08-06T17:10:13Z,2,1,7,ATheCoder,1,1,pr,high
microsoft,vscode,65693,"Git Discard All Changes fails with ""ENAMETOOLONG""",807,5,2018-12-26T14:29:42Z,2019-08-06T15:53:49Z,15,1,223,rcbevans,3,0,pr,medium
microsoft,vscode,77878,"Trim git clone in command palette",240,6,2019-07-24T15:40:45Z,2019-08-06T11:54:25Z,6,1,12,hunghw,0,1,pr,medium
microsoft,vscode,63127,"Git: Disable smart commit bessage box",336,5,2018-11-14T13:25:21Z,2019-08-05T15:30:58Z,8,1,264,mIkhail-zaretsky,0,1,pr,medium
microsoft,vscode,76518,"Implement resolveTask in grunt extension",111,7,2019-07-03T13:52:15Z,2019-08-05T12:53:07Z,3,1,32,peacemaker14,1,1,pr,medium
microsoft,vscode,69741,"Accessibility improvements for finding in files",2368,4,2019-03-03T15:47:40Z,2019-07-26T18:50:17Z,11,1,145,gbmeow,0,1,pr,medium
microsoft,vscode,76885,"'Configure File Association' has no icons!",137,6,2019-07-08T14:18:05Z,2019-07-09T05:27:46Z,2,1,0,hunghw,0,1,pr,high
microsoft,vscode,76662,"add *.hpp.in to the file.associations in vscode out of the box",184,3,2019-07-05T05:52:16Z,2019-07-05T10:51:07Z,2,1,0,skprabhanjan,13,0,pr,high
microsoft,vscode,76519,"Implement resolveTask in jake extension",33,5,2019-07-03T13:53:25Z,2019-07-05T08:39:14Z,3,1,1,hunghw,0,1,pr,high
microsoft,vscode,35592,"TypeScript version selector can get into bad state after deleting workspace root",1587,5,2017-10-04T18:54:25Z,2019-07-04T09:20:40Z,4,1,637,,,,,
microsoft,vscode,76141,"Add border around image in image preview",64,6,2019-06-25T21:05:56Z,2019-07-03T22:24:54Z,1,1,8,skprabhanjan,12,0,pr,high
microsoft,vscode,76315,"add *.podspec to file associations",199,3,2019-06-28T21:03:21Z,2019-07-03T14:17:55Z,1,1,4,skprabhanjan,12,0,pr,high
microsoft,vscode,76246,"git HEAD info in tab title",389,5,2019-06-27T14:22:39Z,2019-07-03T07:14:31Z,4,1,5,xuhas,3,0,pr,medium
microsoft,vscode,73396,"Terminal find widget actions should be disabled when input is invalid",307,4,2019-05-07T09:49:52Z,2019-06-28T19:36:25Z,5,1,52,Urange,3,0,pr,high
microsoft,vscode,74281,"Standard themes force SourceControlResourceGroup titles to UPPERCASE",614,5,2019-05-24T12:47:26Z,2019-06-28T14:42:42Z,9,1,35,skprabhanjan,10,0,pr,high
microsoft,vscode,74710,"Image preview should only draw ""transparent"" checkered background for the size of the image",280,5,2019-06-01T05:11:42Z,2019-06-25T21:06:28Z,6,1,24,Tyriar,2728,0,pr,high
microsoft,vscode,74454,"Status zoom button should be a IStatusbarEntry",895,4,2019-05-28T10:37:14Z,2019-06-21T21:24:20Z,6,1,24,burknator,1,1,pr,high
microsoft,vscode,75574,"Git clone overrides dir name",531,5,2019-06-15T19:06:43Z,2019-06-20T09:49:21Z,4,1,4,ozyx,3,0,pr,high
microsoft,vscode,35245,"Markdown references links don't handle escapes",240,5,2017-09-27T18:02:06Z,2019-06-12T23:56:14Z,2,1,623,Olovan,0,1,pr,high
microsoft,vscode,74788,"Recent list in dock does not show recent files/folders",597,6,2019-06-03T12:39:50Z,2019-06-12T05:30:39Z,21,1,8,,,,,
microsoft,vscode,73622,"Remember scroll position in SCM changes list when switching to other views and back",448,4,2019-05-11T16:02:51Z,2019-06-05T08:30:16Z,2,1,24,babakks,2,1,pr,high
microsoft,vscode,60904,"Git fails to checkout remote branch with the same name as a local branch",1952,5,2018-10-14T18:15:59Z,2019-05-27T13:41:20Z,7,1,224,laphets,10,0,pr,high
microsoft,vscode,60799,"Git: Delete Branch command should support multiple choice",352,4,2018-10-12T16:58:00Z,2019-05-24T11:00:52Z,7,1,223,,,,,
microsoft,vscode,70369,"shortcut to collapse all in outline view",115,4,2019-03-13T07:26:49Z,2019-05-23T09:24:57Z,9,1,71,Daniel-McCarthy,2,1,pr,high
microsoft,vscode,67424,"VSCode git sync fails because of tags",3014,4,2019-01-29T15:33:25Z,2019-05-23T09:28:29Z,3,1,113,hhu94,3,0,pr,high
microsoft,vscode,68812,"TypeScript task detection is not cross-platform",2433,4,2019-02-15T22:51:26Z,2019-05-21T11:01:55Z,10,1,94,NizamLZ,1,1,pr,high
microsoft,vscode,71577,"vscode-tscancellation- files being created without limit.",2166,5,2019-04-02T04:16:53Z,2019-05-17T18:55:32Z,5,1,45,lramos15,1,1,pr,high
microsoft,vscode,67468,"Find in terminal breaks with reflow",1223,5,2019-01-29T19:29:24Z,2019-05-13T18:17:11Z,6,1,103,Tyriar,2560,0,pr,high
microsoft,vscode,72425,"Support pwsh (PS Core) in Select Default Shell on Windows",292,5,2019-04-16T15:50:50Z,2019-05-13T15:19:27Z,13,1,26,roottool,13,0,pr,medium
microsoft,vscode,72601,"The validation of shell paths does not work properly for empty strings",1478,5,2019-04-19T08:10:10Z,2019-05-10T22:45:55Z,8,1,21,NizamLZ,0,1,pr,high
microsoft,vscode,71570,"Error when restoring a markdown preview for a file that has been deleted",1153,5,2019-04-01T22:54:53Z,2019-04-12T18:07:49Z,5,1,10,skprabhanjan,4,0,pr,high
microsoft,vscode,71904,"Include the extension that provides the formatter when choosing a formatter",922,4,2019-04-08T02:33:11Z,2019-04-10T06:46:37Z,1,1,2,connorshea,5,0,pr,high
microsoft,vscode,71639,"Link to extended config file in tsconfig",957,5,2019-04-03T07:37:45Z,2019-04-09T18:26:52Z,3,1,6,vitaliymaz,0,1,pr,medium
microsoft,vscode,71703,"Comment box issue",219,4,2019-04-04T05:02:47Z,2019-04-08T08:06:10Z,6,1,4,,,,,
microsoft,vscode,21189,"Git: Support remote management",504,6,2017-02-22T18:40:15Z,2019-03-08T09:17:19Z,6,1,743,,,,,
microsoft,vscode,69583,"Split terminal doesn't work",391,5,2019-02-28T08:02:27Z,2019-03-04T23:44:00Z,8,1,4,Kedstar99,1,1,pr,high
microsoft,vscode,67098,"Emmet: Wrap with abbreviation in jsx not producing className",517,6,2019-01-25T06:58:53Z,2019-02-13T07:12:27Z,9,1,19,mattkwiecien,4,0,pr,high
microsoft,vscode,66337,"Enable use of snippet variables in workbench.action.terminal.sendSequence",890,6,2019-01-10T12:51:57Z,2019-02-03T06:38:49Z,19,1,23,njkevlani,11,0,pr,high
microsoft,vscode,67438,"Terminal incremental search doesn't handle shortening search term sometimes",430,5,2019-01-29T18:09:48Z,2019-02-02T03:58:25Z,1,1,3,skyway777,0,1,pr,medium
microsoft,vscode,65233,"Strict Null Checking Part II: The Testing!",3725,3,2018-12-17T22:25:22Z,2019-01-29T19:53:37Z,6,1,42,usernamehw,70,0,pr,medium
microsoft,vscode,64902,"Add Resource Context Key ResourceFsPath",439,4,2018-12-12T17:16:02Z,2019-01-24T16:44:54Z,4,1,42,,,,,
microsoft,vscode,66421,"auto-link tooltip of integrated terminal does not disappear under some conditions",1308,5,2019-01-12T02:51:13Z,2019-01-24T21:01:50Z,3,1,12,rcbevans,3,0,pr,high
microsoft,vscode,66036,"[Feature Request] Add multiline description support in user snippets",1082,4,2019-01-04T17:20:25Z,2019-01-10T08:41:56Z,3,1,5,jamesgeorge007,1,1,pr,high
microsoft,vscode,12817,"Update: Support disabling auto updates",447,6,2016-09-27T19:20:33Z,2019-01-04T15:48:20Z,3,1,828,krider2010,1,1,pr,medium
microsoft,vscode,57910,"Git: Make autofetch period customizable",241,6,2018-09-04T23:08:41Z,2019-01-04T15:38:55Z,12,1,121,,,,,
microsoft,vscode,60300,"Git: Separate the commit length limit of subject line and description lines",727,6,2018-10-09T11:24:01Z,2019-01-04T16:03:42Z,3,1,87,mptap,0,1,pr,medium
microsoft,vscode,60895,"Suggestion: Create git branch action in checkout dropdown after typing in new branch name",460,6,2018-10-14T15:44:26Z,2019-01-04T15:09:01Z,9,1,81,joaomoreno,5248,0,commit,medium
microsoft,vscode,65175,"Keyboard shortcuts list (or any other list we can scroll) column headers should always be visible",186,3,2018-12-16T22:29:07Z,2019-01-04T13:34:21Z,8,1,18,,,,,
microsoft,vscode,41558,"Keybindings editor header problems",229,6,2018-01-13T00:08:06Z,2019-01-04T12:48:54Z,6,1,356,reima,1,1,pr,high
microsoft,vscode,65287,"Disable warning in markdown preview doesn't immediately hide the warning",456,5,2018-12-18T12:27:40Z,2018-12-19T19:05:58Z,4,1,1,skprabhanjan,4,0,pr,high
microsoft,vscode,31372,"Cannot contribute keybindings with arguments",251,7,2017-07-25T09:08:39Z,2018-12-18T16:23:39Z,10,1,511,bvisin,0,1,pr,medium
microsoft,vscode,59693,"Git: Support fetch prune",493,4,2018-09-30T11:08:55Z,2018-12-19T08:02:59Z,5,1,79,rscott,3,0,pr,medium
microsoft,vscode,30314,"Add toggleTabsVisibility to keybinding actions",1492,6,2017-07-09T20:31:51Z,2017-11-08T07:27:20Z,3,1,121,maxfurman,1,1,pr,high
microsoft,vscode,64379,"Terminal find widget shadow is visible when find widget is hidden",165,5,2018-12-04T19:49:34Z,2018-12-07T18:02:46Z,5,1,2,anton-marchenko,1,1,commit,medium
microsoft,vscode,64041,"[API] Update ParameterInformation constructor with new label type",235,4,2018-11-30T00:47:56Z,2018-12-03T17:23:43Z,1,1,3,skprabhanjan,2,1,pr,high
microsoft,vscode,63749,"Bug: Markdown, U+2028, and ""Go to Symbol in File...""",956,5,2018-11-25T19:07:23Z,2018-11-29T17:09:37Z,10,1,3,skprabhanjan,2,1,pr,high
microsoft,vscode,55946,"Add comment snippet variable ",223,7,2018-08-07T14:04:38Z,2018-11-22T08:29:19Z,33,1,106,karanisverma,1,1,pr,medium
microsoft,vscode,59452,"Tree: horizontal scroll covers last element",259,5,2018-09-26T10:48:08Z,2018-11-16T08:23:22Z,6,1,50,isidorn,3645,0,pr,high
microsoft,vscode,62526,"Docs for formatOnSave are unclear",2113,4,2018-11-04T00:50:13Z,2018-11-07T15:05:14Z,2,1,3,jrieken,4469,0,commit,medium
microsoft,vscode,46816,"Welcome page background color",821,4,2018-03-28T08:12:46Z,2018-11-06T10:30:44Z,4,1,223,greybax,1,1,commit,medium
microsoft,vscode,31450,"Show project README when opening a project",574,3,2017-07-26T13:01:12Z,2018-11-06T10:58:01Z,4,1,467,iamnapo,1,1,pr,high
microsoft,vscode,51032,"[json] problem from unaccessible schema is distracting",673,5,2018-06-03T06:23:56Z,2018-10-29T20:37:42Z,14,1,148,literalplus,9,0,pr,medium
microsoft,vscode,7299,"[CSS] Add specificity to hover",1032,5,2016-06-07T06:38:47Z,2018-10-29T10:20:08Z,11,1,874,Ragnoroct,2,1,pr,medium
microsoft,vscode,59376,"First match is not the first match in the viewport",269,6,2018-09-25T20:24:35Z,2018-10-24T19:02:18Z,3,1,28,Tyriar,2280,0,commit,medium
microsoft,vscode,56695,"Allow to set order for breadcrumb items",381,7,2018-08-17T15:18:59Z,2018-10-23T07:38:04Z,11,1,66,ryanclarke,2,1,pr,medium
microsoft,vscode,48268,"Unstaging ranges leaves out whitespace changes",1170,4,2018-04-20T11:35:22Z,2018-10-18T16:14:20Z,4,1,181,,,,,
microsoft,vscode,23666,"[Suggestion] File icon Keybindings",493,5,2017-03-30T12:22:29Z,2018-10-12T15:56:32Z,7,1,561,,,,,
microsoft,vscode,59567,"Syntax highlighting for json5 in markdown",460,6,2018-09-27T17:21:35Z,2018-10-05T18:35:37Z,14,1,8,arshadkazmi42,0,1,pr,high
microsoft,vscode,58176,"Middle clicking files in breadcrumbs explorer opens as preview",954,7,2018-09-07T09:38:19Z,2018-10-05T08:30:04Z,15,1,27,J-Graham,2,1,pr,medium
microsoft,vscode,59364,"Respect global .gitignore when searching",341,6,2018-09-25T17:31:54Z,2018-10-04T18:40:24Z,4,1,9,skprabhanjan,0,1,pr,high
microsoft,vscode,59744,"[loc][Query] Suggestion to reduce number of placeholder in resource ""breakpointHasCondition""",1764,7,2018-10-01T14:37:32Z,2018-10-04T13:41:21Z,9,1,2,FrederikBolding,2,1,pr,high
microsoft,vscode,20303,"[WelcomeUX] Option to not open Welcome when opening a folder",329,3,2017-02-09T14:48:24Z,2018-10-04T07:18:30Z,15,1,601,nocategory,0,1,pr,high
microsoft,vscode,38459,"Feature request: More snippet options",297,4,2017-11-16T00:48:48Z,2018-10-02T08:26:40Z,6,1,320,ronihcohen,2,1,pr,high
microsoft,vscode,44020,"Please allow to disable release notes from vscode and its extensions",543,4,2018-02-20T08:57:34Z,2018-10-02T07:55:50Z,10,1,223,SirHoneyBiscuit,0,1,pr,medium
microsoft,vscode,48853,"""files.trimFinalNewlines"" enabled, doesn't work when file only contains newlines.",736,3,2018-04-27T19:31:07Z,2018-10-01T21:23:21Z,3,1,157,,,,,
microsoft,vscode,21376,"Simplify filing a bug report for an extension",412,4,2017-02-24T16:15:27Z,2018-09-24T13:39:59Z,7,1,576,,,,,
microsoft,vscode,42838,"Feature Request: Allow snippet json prefix to be an array to support multiple prefixes for the same snippet",1819,7,2018-02-02T18:23:55Z,2018-09-21T12:37:39Z,7,1,230,noamyogev84,1,1,pr,medium
microsoft,vscode,56109,"Run active file [with spaces in name] in active terminal",1733,6,2018-08-09T21:00:49Z,2018-09-20T18:31:50Z,4,1,41,luiszun,1,1,pr,high
microsoft,vscode,55152,"Partial stage/unstage ignores whitespace with default settings",902,5,2018-07-26T13:23:34Z,2018-09-19T14:13:23Z,4,1,55,,,,,
microsoft,vscode,53346,"Stage with merge conflicts warning still appears after all conflicts resolved",1169,4,2018-06-29T16:26:35Z,2018-09-19T13:55:13Z,8,1,81,,,,,
microsoft,vscode,49902,"Inline git revert removes unrelated changes",412,5,2018-05-15T14:00:50Z,2018-09-19T10:33:43Z,16,1,126,joaomoreno,4779,0,commit,medium
microsoft,vscode,56925,"Make CSS linting error show rule name",397,5,2018-08-21T17:16:16Z,2018-08-22T07:04:24Z,11,1,0,connorshea,2,1,pr,high
microsoft,vscode,29944,"Synchronize change icon does not move when pulling from Command pane",1090,4,2017-06-30T13:32:47Z,2018-09-18T13:43:37Z,6,1,445,,,,,
microsoft,vscode,34175,"staging file after resolving merge conflicts does not warn if file is not saved",964,4,2017-09-11T23:56:27Z,2018-09-18T13:57:35Z,11,1,371,,,,,
microsoft,vscode,53523,"Expose diff editor border color",295,7,2018-07-04T08:34:19Z,2018-09-17T15:07:40Z,11,1,75,itamark,0,1,pr,medium
microsoft,vscode,19141,"Broken permissions of an extensions install folder can lock up uninstallation of all other extensions",34974,4,2017-01-24T10:27:50Z,2018-09-14T10:11:35Z,4,1,597,,,,,
microsoft,vscode,50736,"Git: Illegal value for `line`",922,5,2018-05-29T20:20:52Z,2018-09-13T16:16:32Z,15,1,106,joaomoreno,4758,0,commit,medium
microsoft,vscode,35905,"[Feature Request] - VSCode ask to open folder if inicializate repo ""out""...",324,6,2017-10-09T13:03:59Z,2018-09-13T15:38:39Z,11,1,339,,,,,
microsoft,vscode,57222,"Git extension should warn of missing user.email and user.name",1122,5,2018-08-26T06:59:25Z,2018-09-13T15:30:25Z,7,1,18,,,,,
microsoft,vscode,54204,"Git Stash Apply",792,6,2018-07-12T20:53:44Z,2018-09-13T14:09:56Z,6,1,62,konstantin-mueller,0,1,pr,medium
microsoft,vscode,51031,"workbench.action.editor.nextChange/previousChange should center the viewport",339,5,2018-06-03T06:19:54Z,2018-09-13T13:51:14Z,3,1,102,1AmNegan,2,1,pr,high
microsoft,vscode,46123,"vscode edit bug report",2107,5,2018-03-19T17:41:14Z,2018-09-13T12:33:29Z,5,1,177,jatinsandilya,1,1,pr,high
microsoft,vscode,57587,"""terminal.integrated.cursorStyle"" setting is ignored when rendering terminal in DOM mode",586,7,2018-08-30T09:26:19Z,2018-09-12T23:17:31Z,5,1,13,,,,,
microsoft,vscode,56463,"Don't dowlonad new branches (Sync)",1394,6,2018-08-15T10:57:48Z,2018-09-12T14:21:48Z,8,1,28,joaomoreno,4730,0,commit,medium
microsoft,vscode,55915,"Git: reverting changes for deleted file shows unclear error",358,5,2018-08-06T22:04:03Z,2018-09-12T13:31:35Z,1,1,36,wistcc,8,0,pr,high
microsoft,vscode,55376,"sidebar option to always show `staged changes` label",349,6,2018-07-30T16:26:51Z,2018-09-12T12:55:12Z,4,1,43,wistcc,8,0,pr,high
microsoft,vscode,53465,"Support opening text document with provided visible ranges from diff editor",1724,5,2018-07-02T22:20:33Z,2018-09-12T10:22:28Z,6,1,71,Hirico,2,1,pr,high
microsoft,vscode,52037,"Git auto refresh blinking icon bug",1861,6,2018-06-15T12:38:32Z,2018-09-12T09:55:56Z,4,1,88,joaomoreno,4716,0,commit,medium
microsoft,vscode,50394,"Add setting for git sync icon to ""sync with rebase""",604,6,2018-05-24T12:10:47Z,2018-09-12T10:04:30Z,2,1,110,wistcc,8,0,pr,high
microsoft,vscode,50165,"Allow disabling the submodule auto detection warning",796,5,2018-05-19T19:44:50Z,2018-09-12T09:41:05Z,2,1,115,wistcc,8,0,pr,high
microsoft,vscode,48929,"Drag and drop onto scrollbar - explorer stays highlighted",673,3,2018-04-30T04:44:44Z,2018-09-11T14:03:12Z,4,1,134,manixate,0,1,pr,high
microsoft,vscode,55723,"Show appropriate error message when extension gallery service is not accessible",1462,5,2018-08-03T05:23:11Z,2018-08-21T16:55:32Z,4,1,18,jatinsandilya,0,1,pr,high
microsoft,vscode,55114,"Unify/clarify ""Check for updates"" for main code and extensions",545,6,2018-07-26T07:59:16Z,2018-08-16T05:40:29Z,13,1,20,ParkourKarthik,1,1,pr,high
microsoft,vscode,55814,"Extension recommendation: Append ""for '.xyz' files"" in ""Don't Show Again"" menu item label",347,6,2018-08-04T09:51:11Z,2018-08-08T17:26:51Z,8,1,4,,,,,
microsoft,vscode,54726,"Pressing up when on the first of multiple suggestions for the same function closes the dialog",894,4,2018-07-20T13:48:04Z,2018-08-07T07:39:13Z,5,1,17,ozyx,2,1,pr,high
microsoft,vscode,45072,"Support for updating extensions from CLI",264,6,2018-03-05T17:30:02Z,2018-08-02T14:38:06Z,12,1,149,oriash93,12,0,pr,high
microsoft,vscode,53696,"Focus search results list",1068,6,2018-07-06T11:14:19Z,2018-07-13T20:43:46Z,8,1,7,yogeshmangaj,0,1,pr,high
microsoft,vscode,29861,"Git gutters don't show when you Uppercase a filename",1897,5,2017-06-29T14:16:40Z,2018-07-06T14:47:23Z,14,1,372,,,,,
microsoft,vscode,46763,"Git: Support an ignored repository list setting",1705,6,2018-03-27T21:20:57Z,2018-07-06T13:20:14Z,4,1,100,avbhatt,1,1,pr,medium
microsoft,vscode,42940,"SCM badges look strange",413,5,2018-02-05T00:36:54Z,2018-07-06T13:43:03Z,6,1,151,,,,,
microsoft,vscode,44776,"Git: fatal: ambiguous argument 'HEAD~': unknown revision or path not in the working tree.",2938,5,2018-02-28T22:20:48Z,2018-07-06T13:32:44Z,17,1,127,ryu1kn,9,0,pr,high
microsoft,vscode,47041,"Editor scrolls to end after reverting change using inline control",131,5,2018-03-31T20:08:51Z,2018-07-06T12:46:22Z,14,1,96,pradeepmurugesan,7,0,pr,high
microsoft,vscode,18231,"Persist git branches that have been recently checked out",174,4,2017-01-06T18:03:27Z,2018-07-05T09:08:51Z,8,1,544,,,,,
microsoft,vscode,39458,"Ctrl hover shows a less useful hint when fn opening brace is on a new line",237,3,2017-12-02T07:16:53Z,2018-06-21T09:35:23Z,9,1,201,,,,,
microsoft,vscode,41483,"Values in keyboard UI should be copyable",323,3,2018-01-11T19:20:44Z,2018-06-18T12:41:26Z,6,1,157,Digized,2,1,pr,medium
microsoft,vscode,51677,"Git icon not ""spinning"" when pushing from command palette",664,5,2018-06-12T08:29:37Z,2018-06-18T08:45:16Z,2,1,6,NahomAgidew,2,1,pr,medium
microsoft,vscode,43625,"Get rid of inline git revert confirmation alert - ""Are you sure you want to revert the selected changes in $FILE?""",859,4,2018-02-13T23:32:28Z,2018-06-18T08:55:17Z,5,1,124,NahomAgidew,2,1,pr,medium
microsoft,vscode,41519,"Global git commands don't show errors",380,5,2018-01-12T08:34:56Z,2018-06-18T08:55:54Z,14,1,157,chenhowa,0,1,pr,medium
microsoft,vscode,45079,"Predefined snippet choices - in many lines cut intellisense prompt [bug]",1175,5,2018-03-05T18:29:10Z,2018-06-06T14:52:14Z,18,1,92,jrieken,3453,0,commit,medium
microsoft,vscode,45219,"[Feature Request] Differentiate foregroundColor in FileExplorer for staged modified/added files",327,5,2018-03-07T17:28:08Z,2018-06-04T15:21:52Z,12,1,88,ddruker,1,1,pr,medium
microsoft,vscode,45179,"Git ui lose focus on message field when git project include submodules",523,5,2018-03-07T06:53:35Z,2018-06-04T15:16:20Z,1,1,89,katakonst,1,1,pr,high
microsoft,vscode,45031,"Prevent the possibility of committing ""a line break as a message"" to git",49,5,2018-03-05T05:09:25Z,2018-06-04T14:58:03Z,3,1,91,gnijuohz,1,1,pr,high
microsoft,vscode,47586,"Extension Details - Contributions tab",1247,5,2018-04-10T13:20:38Z,2018-05-30T09:26:04Z,10,1,49,InspectorDeno,3,0,pr,medium
microsoft,vscode,24396,"New ""Keyboard Shortcut"" dialog should display current assignment",816,6,2017-04-10T05:33:48Z,2018-05-23T16:27:13Z,9,1,408,,,,,
microsoft,vscode,28475,"VSIX extension without a package.json silently fails to install",615,4,2017-06-12T01:05:47Z,2018-05-22T08:48:28Z,3,1,344,,,,,
microsoft,vscode,48928,"Copied search results should be sorted same as in the tree",506,5,2018-04-30T04:24:56Z,2018-05-16T17:48:37Z,2,1,16,cedric05,2,1,pr,medium
microsoft,vscode,24425,"Ctrl + Shift + F5 to start debugger even if the debugger isn't currently running",210,4,2017-04-10T09:58:13Z,2018-05-16T11:41:18Z,9,1,401,ivorhuang,6,0,pr,medium
microsoft,vscode,49677,"Provide an option to that the Debug View is shown automatically when the debugger breaks",312,6,2018-05-11T08:44:03Z,2018-05-16T08:12:22Z,3,1,4,Krzysztof-Cieslak,36,0,pr,high
microsoft,vscode,43179,"Add separate theme colors for explorer rendered diagnostics",289,7,2018-02-08T09:24:07Z,2018-05-04T14:42:46Z,7,1,85,usernamehw,38,0,pr,high
microsoft,vscode,47347,"Error to push to a singular branch '+(branch_name)'",490,4,2018-04-06T18:42:32Z,2018-04-13T07:27:30Z,5,1,6,,,,,
microsoft,vscode,47133,"Error when (git) staging lines in submodule",471,4,2018-04-03T10:47:16Z,2018-04-12T08:49:24Z,8,1,8,,,,,
microsoft,vscode,47348,"Disable source control providers",371,4,2018-04-06T18:56:59Z,2018-04-12T07:36:33Z,6,1,5,,,,,
microsoft,vscode,43961,"Git: no ""Open File"" action for a new file that is on the index",174,4,2018-02-19T10:42:43Z,2018-04-10T13:46:58Z,5,1,50,,,,,
microsoft,vscode,46860,"Git: Delete branch notification should be modal",864,5,2018-03-28T15:42:13Z,2018-04-03T07:04:33Z,2,1,5,floriantraber,1,1,pr,high
microsoft,vscode,45694,"Allow to choose the WorkspacePath from Split Terminal Command",377,6,2018-03-13T20:05:05Z,2018-04-02T18:53:33Z,3,1,19,knyhle,2,1,pr,medium
microsoft,vscode,46728,"Pressing escape in the terminal should clear the selection",544,6,2018-03-27T17:13:13Z,2018-04-02T14:18:04Z,7,1,5,ddruker,1,1,pr,medium
microsoft,vscode,46139,"""Open in Terminal"" does not work when window has no folders",189,6,2018-03-19T21:30:08Z,2018-03-31T20:06:57Z,5,1,11,alexglazkov9,2,1,pr,high
microsoft,vscode,46545,"Unable to stage separate lines in git",769,4,2018-03-26T11:40:41Z,2018-03-29T10:34:06Z,3,1,2,,,,,
microsoft,vscode,30147,"Allow to open context menus using touch gesture",575,4,2017-07-05T17:11:00Z,2018-03-26T08:58:27Z,3,1,263,,,,,
microsoft,vscode,25541,"Add partial staging actions to diff editor context menu",0,4,2017-04-27T12:04:12Z,2018-03-19T13:27:35Z,2,1,326,bmf-ribeiro,1,1,pr,high
microsoft,vscode,45266,"Make a setting out of the submodule git repository discovery limit",17,4,2018-03-08T09:15:36Z,2018-03-19T13:31:17Z,1,1,11,shobhitchittora,21,0,pr,high
microsoft,vscode,45197,"Dialog to uninstall extension with dependencies is a bit weird",155,5,2018-03-07T11:28:09Z,2018-03-16T08:03:24Z,7,1,8,camilogiraldo,1,1,commit,medium
microsoft,vscode,45592,"Inconsistent problem counters",911,6,2018-03-12T14:25:53Z,2018-03-14T05:34:41Z,1,1,1,rsalvador,2,1,commit,medium
microsoft,vscode,4465,"Provide syntax highlighting for .gitignore files",146,5,2016-03-20T00:40:39Z,2018-03-06T22:48:48Z,5,1,716,,,,,
microsoft,vscode,23055,"Support gherkin syntax highlighting in markdown",23,7,2017-03-22T22:26:43Z,2018-03-01T05:10:42Z,6,1,343,,,,,
microsoft,vscode,42557,"""Open in Terminal"" is not multiselect-aware",327,8,2018-01-30T22:06:00Z,2018-02-28T13:04:12Z,11,1,28,isidorn,2816,0,commit,medium
microsoft,vscode,40848,"Clicking on ""Install"" button of an already installed extension doesn't open extension tab",1536,5,2017-12-26T22:55:06Z,2018-02-09T16:37:59Z,7,1,44,nexes,1,1,pr,medium
microsoft,vscode,37714,"Turn off hiding of tree view buttons",656,5,2017-11-06T16:00:43Z,2018-02-09T11:30:21Z,3,1,94,JacksonKearl,0,1,pr,high
microsoft,vscode,9768,"Allow to select text while jumping between brackets",417,3,2016-07-26T12:09:32Z,2018-02-05T10:42:20Z,9,1,558,afonsobspinto,4,0,pr,medium
microsoft,vscode,16228,"Add a Bracket higlight feature on scroll bar",233,4,2016-11-29T15:58:43Z,2018-01-24T08:17:15Z,8,1,420,danrpinho,0,1,pr,medium
microsoft,vscode,35116,"Scrollbar slider should have a min height",572,5,2017-09-26T13:06:46Z,2018-01-14T04:57:16Z,1,1,109,YannickMeeus,1,1,pr,high
microsoft,vscode,28959,"Add support to open `.bib` files on Windows",474,4,2017-06-18T11:04:01Z,2018-01-12T21:17:30Z,4,1,208,anchepiece,2,1,pr,medium
microsoft,vscode,41221,"Misleading documentation for Position functions",488,3,2018-01-06T14:59:23Z,2018-01-11T17:34:21Z,0,1,5,mathieubruguier,2,1,pr,high
microsoft,vscode,35328,"Playground updates",230,1,2017-09-28T16:22:31Z,2018-01-10T08:01:24Z,3,1,103,dkundel,4,0,pr,medium
microsoft,vscode,40843,"Add user snippets line in the cog button",181,4,2017-12-26T19:16:06Z,2018-01-03T13:28:35Z,3,1,7,,,,,
microsoft,vscode,35646,"Can't close vscode while integrated terminal is focused",631,6,2017-10-05T20:37:33Z,2018-01-02T18:13:09Z,6,1,88,usernamehw,14,0,pr,high
microsoft,vscode,33683,"Can't close tasks terminal with Escape",106,5,2017-09-01T13:45:03Z,2017-12-27T14:46:22Z,1,1,117,CoenraadS,3,0,pr,medium
microsoft,vscode,37983,"Allow arrow keys to close terminal",375,5,2017-11-09T19:32:36Z,2017-12-27T14:46:08Z,2,1,47,CoenraadS,3,0,pr,medium
microsoft,vscode,38333,"Option to disable Touch Bar controls and leave control strip",626,5,2017-11-14T17:28:48Z,2017-12-22T13:50:51Z,10,1,37,Baltazore,1,1,pr,medium
microsoft,vscode,32681,"Git: Illegal value for `line`",782,5,2017-08-17T02:23:30Z,2017-12-19T09:09:44Z,24,1,124,Jeyanthinath,2,1,pr,medium
microsoft,vscode,30622,"Git push should ask for an upstream branch if non has been set",458,5,2017-07-13T14:03:33Z,2017-12-12T15:55:57Z,7,1,152,smbkr,1,1,pr,high
microsoft,vscode,35185,"Commit Staged (Amend) asks to stage changes and then fails",421,5,2017-09-26T22:15:16Z,2017-12-11T16:31:23Z,2,1,75,dKab,0,1,pr,high
microsoft,vscode,35645,"`There are no changes to stash` when all files are staged",235,5,2017-10-05T20:16:56Z,2017-12-11T16:40:18Z,4,1,66,dKab,0,1,pr,medium
microsoft,vscode,33004,"Commit should display warning if there are unsaved files in the project",130,5,2017-08-23T07:11:22Z,2018-02-01T13:49:06Z,12,1,162,pradeepmurugesan,1,1,pr,medium
microsoft,vscode,37490,"""git pull from"" should also show remote branches",216,6,2017-11-02T09:43:30Z,2017-12-15T15:00:53Z,17,1,43,Dozed12,0,1,pr,medium
microsoft,vscode,38785,"option to always show Source control providers",213,6,2017-11-20T13:58:40Z,2017-12-15T15:12:53Z,5,1,25,shivammittal99,4,0,pr,high
microsoft,vscode,22769,"`Ctrl+A` in git side bar should select all files",116,6,2017-03-17T00:23:24Z,2017-12-11T17:00:14Z,6,1,269,joaomoreno,3413,0,commit,medium
microsoft,vscode,39738,"Git clone prompt should handle ~",200,6,2017-12-05T23:07:47Z,2017-12-15T15:18:13Z,5,1,9,pfongkye,0,1,pr,high
microsoft,vscode,21795,"Allow control over quick diff decorations",183,6,2017-03-02T16:14:02Z,2017-12-12T09:23:34Z,15,1,284,FabianLauer,0,1,pr,medium
microsoft,vscode,35555,"Allow to disable automatic repository discovery",814,6,2017-10-04T02:23:46Z,2017-12-11T16:52:30Z,4,1,68,sspaink,0,1,pr,medium
microsoft,vscode,29241,"Add option to disable git indicators in gutter",426,6,2017-06-22T04:55:17Z,2017-12-11T15:18:54Z,5,1,172,BuraChuhadar,8,0,pr,medium
microsoft,vscode,37337,"When committing unstaged files, can the Git provider remind me about unsaved files?",992,5,2017-10-31T20:16:55Z,2017-12-15T14:56:26Z,10,1,44,,,,,
microsoft,vscode,40064,"Wording issue",306,3,2017-12-12T03:12:44Z,2017-12-13T09:15:23Z,5,1,1,,,,,
microsoft,vscode,35186,"Commit All (Amend) asks if it should stage changes",347,4,2017-09-26T22:20:00Z,2017-11-27T18:25:55Z,11,1,61,,,,,
microsoft,vscode,34300,"Navigating away and back to diff editor resets the scrollbar position",552,5,2017-09-13T14:24:04Z,2017-11-24T05:45:52Z,4,1,71,,,,,
microsoft,vscode,27901,"Git: cannot undo a change in this folder",515,5,2017-06-02T07:54:54Z,2017-11-23T14:15:24Z,4,1,174,,,,,
microsoft,vscode,29946,"files.autoSave: afterDelay causes distractingly blinking Source Control working indicator ",1557,4,2017-06-30T13:47:57Z,2017-11-23T13:24:19Z,7,1,145,,,,,
microsoft,vscode,26957,"""Stage changes"" command doesn't work on Merge Changes",338,4,2017-05-19T18:24:03Z,2017-11-23T13:44:15Z,5,1,187,,,,,
microsoft,vscode,28821,"No alert when entering bad git password on push",1496,4,2017-06-15T15:36:32Z,2017-11-23T13:44:43Z,5,1,160,,,,,
microsoft,vscode,32782,"Git can't handle non-ascii characters",674,5,2017-08-18T14:00:51Z,2017-11-23T13:49:23Z,4,1,96,,,,,
microsoft,vscode,35182,"Commit Staged (Amend) asks for new commit message",398,4,2017-09-26T22:09:42Z,2017-11-21T10:44:37Z,5,1,55,tsalinger,0,1,pr,high
microsoft,vscode,12829,"Gutter color should be consistent with scrollbar for new content",313,4,2016-09-27T22:07:12Z,2017-11-17T17:34:45Z,7,1,415,,,,,
microsoft,vscode,38524,"Improve the pending changes badge amount",763,6,2017-11-16T14:56:43Z,2017-11-17T17:07:20Z,4,1,1,danbovey,3,0,pr,high
microsoft,vscode,6923,"When using Quick Open, have last open file be the Default Selection.",531,4,2016-05-26T14:47:55Z,2017-11-17T10:31:48Z,22,1,539,,,,,
microsoft,vscode,14935,"Plugin installation stalls when /tmp is full",350,4,2016-11-03T20:25:03Z,2017-11-16T20:40:57Z,4,1,378,,,,,
microsoft,vscode,33017,"""Submit a bug"" should include the command line and remove extensions if launched with --disable-extensions",416,4,2017-08-23T09:09:51Z,2017-11-16T20:43:10Z,3,1,85,Sakerdot,1,1,pr,medium
microsoft,vscode,36981,"Feature request: show line numbers only on every 10th line",890,4,2017-10-26T12:50:20Z,2017-11-14T16:31:49Z,1,1,19,djweber,6,0,pr,medium
microsoft,vscode,36562,"Making multiple selections of lines, then performing the action Sort lines ascending or Sort lines descending only works on the first selection",920,5,2017-10-19T13:53:54Z,2017-11-14T14:25:29Z,3,1,26,Markussss,1,1,pr,high
microsoft,vscode,13276,"Extensions don't appear as `preview` in product",971,5,2016-10-06T03:14:20Z,2017-11-14T09:25:22Z,4,1,404,golf1052,8,0,pr,high
microsoft,vscode,34527,"Feature request: option to include untracked files with Git: Stash command",436,6,2017-09-16T23:06:20Z,2017-11-10T16:13:12Z,3,1,54,raouldc,1,1,pr,medium
microsoft,vscode,31878,"git.defaultCloneDirectory doesn't handle '~' for home directory well",1304,6,2017-08-02T00:10:43Z,2017-11-10T15:28:28Z,5,1,100,unknown,0,1,pr,medium
microsoft,vscode,27331,"Include the GitHub link for an extension if available",935,5,2017-05-26T11:47:39Z,2017-11-10T14:44:41Z,7,1,168,excerebrose,0,1,pr,medium
microsoft,vscode,7278,"Allow to compare project file with clipboard",295,6,2016-06-07T01:52:22Z,2017-11-10T06:54:30Z,7,1,521,maxfurman,2,1,pr,high
microsoft,vscode,37793,"Add platform info in code --version",769,6,2017-11-08T03:03:01Z,2017-11-09T07:53:43Z,4,1,1,ninijay,1,1,pr,medium
microsoft,vscode,31055,"Add Sync (Rebase)",357,6,2017-07-19T16:08:48Z,2017-11-08T11:27:04Z,7,1,111,excerebrose,0,1,pr,medium
microsoft,vscode,37455,"""terminal.integrated.fontSize"" should have a maximum value",511,5,2017-11-02T00:35:29Z,2017-11-06T14:56:25Z,5,1,4,shobhitchittora,2,1,pr,high
microsoft,vscode,37423,"Issue reporter includes disabled extensions",424,6,2017-11-01T16:16:35Z,2017-11-06T13:56:04Z,5,1,4,shobhitchittora,2,1,pr,medium
microsoft,vscode,35322,"Modernize Snippets",145,7,2017-09-28T15:02:46Z,2017-11-03T16:59:37Z,8,1,36,prog-rajkamal,1,1,pr,high
microsoft,vscode,22318,"Move CancellationToken into own npm package",1845,4,2017-03-09T17:56:56Z,2017-10-27T08:19:32Z,9,1,231,,,,,
microsoft,vscode,18214,"Navigate to next/previous symbolic match in file",445,5,2017-01-06T08:54:16Z,2017-10-24T15:46:30Z,2,1,291,Krzysztof-Cieslak,30,0,pr,high
microsoft,vscode,4101,"[html] Why editor.action.smartSelect is not working in html file?",277,3,2016-03-14T08:06:27Z,2016-05-10T19:56:09Z,4,1,57,aeschli,425,0,commit,medium
microsoft,vscode,12997,"Window switcher should indicate the currently active window in the list",239,5,2016-09-29T13:02:08Z,2016-10-03T08:21:53Z,4,1,3,heycalmdown,5,0,pr,medium
microsoft,vscode,14058,"Watermark commands not lined up",478,4,2016-10-20T08:22:35Z,2016-10-20T17:30:28Z,5,1,0,,,,,
microsoft,vscode,12926,"Send feedback dialog doesn't provide correct affordances",874,5,2016-09-28T18:48:36Z,2016-10-18T08:29:18Z,4,1,19,wprater,1,1,pr,medium
microsoft,vscode,10164,"Great feature Snippets and Suggestions",69,1,2016-08-05T03:48:32Z,2016-08-08T14:36:42Z,0,1,3,,,,,
microsoft,vscode,8295,"activationEvents.workspaceContains for directories",194,3,2016-06-28T10:05:12Z,2016-08-16T09:32:01Z,2,1,48,,,,,
microsoft,vscode,13706,"Disable GPU (--disable-gpu) option missing in command line help",1476,3,2016-10-13T21:43:07Z,2016-10-14T13:56:26Z,2,1,0,,,,,
microsoft,vscode,12963,"`code --list-extensions` should also show extension versions",225,3,2016-09-29T00:54:20Z,2016-10-14T13:27:41Z,1,1,15,unknown,0,1,pr,high
microsoft,vscode,14266,"[Feature Request] Synchronize changes key binding",426,3,2016-10-24T09:28:47Z,2016-11-01T08:03:07Z,2,1,7,ChristianAlexander,3,0,pr,medium
microsoft,vscode,14135,"Can't stage file with Merge Changes via `workbench.action.git.stage`",313,4,2016-10-21T06:58:31Z,2016-11-01T08:07:40Z,0,1,11,ChristianAlexander,3,0,pr,high
microsoft,vscode,15142,"Assign a quit command from Ctrl+Q or Ctrl+Shift+Q",684,4,2016-11-08T03:24:10Z,2016-11-10T05:45:40Z,4,1,2,,,,,
microsoft,vscode,15234,"Add command to 'Switch to Changes View' and 'Switch to Editor View'",431,3,2016-11-09T09:23:57Z,2016-11-11T10:02:29Z,5,1,2,,,,,
microsoft,vscode,15939,"Add shortcut for file right click context menu.",356,4,2016-11-23T07:08:50Z,2017-02-16T07:47:39Z,2,1,85,mlewand,3,0,pr,high
microsoft,vscode,14453,"Allow to use middle mouse click to open from viewlets pinned",199,4,2016-10-25T16:48:59Z,2016-12-14T10:36:40Z,9,1,49,hun1ahpu,1,1,pr,high
microsoft,vscode,4883,"Support opening files through URL handling",311,3,2016-04-02T19:39:12Z,2016-11-14T11:09:29Z,15,1,225,KattMingMing,1,1,pr,high
microsoft,vscode,18745,"Add option to disable bracket matching",319,4,2017-01-18T17:50:44Z,2017-02-04T00:46:07Z,3,1,16,,,,,
microsoft,vscode,23178,"Support Using  `...` To Terminate Markdown Yaml FrontMatter",242,6,2017-03-24T20:31:16Z,2017-03-25T02:58:17Z,3,1,0,richardmin,1,1,pr,medium
microsoft,vscode,14464,"Preserve editor relative sizes when switching layouts",986,6,2016-10-25T17:34:22Z,2017-01-05T15:09:13Z,3,1,71,charlespierce,2,1,pr,medium
microsoft,vscode,18605,"better display decimal number of version in Extensions section",217,3,2017-01-16T14:21:06Z,2017-02-06T10:36:13Z,3,1,20,initialshl,4,0,pr,high
microsoft,vscode,18999,"Add .npmignore as a known file type",990,5,2017-01-22T16:11:09Z,2017-02-06T10:37:54Z,1,1,14,chirag64,3,0,pr,high
microsoft,vscode,16424,"how to disable to change matching brackets highlighter",311,3,2016-12-03T03:47:31Z,2017-02-20T10:24:22Z,1,1,79,chirag64,4,0,pr,high
microsoft,vscode,1929,"Add more cursor styles",1883,3,2016-01-11T14:42:23Z,2017-02-20T08:47:36Z,14,1,405,Swiiip,1,1,pr,medium
microsoft,vscode,21536,"Force quit with the ability to revert changes silently",559,6,2017-02-28T05:02:20Z,2017-03-01T07:33:17Z,19,1,1,misoguy,4,0,pr,high
microsoft,vscode,8729,"Default language mode when new file opened",264,5,2016-07-04T14:21:37Z,2017-03-27T23:12:33Z,11,1,266,daviwil,8,0,pr,high
microsoft,vscode,22768,"Add clear recent projects from file menu to commands [ ctrl + shift + p ]",88,5,2017-03-17T00:17:38Z,2017-03-24T13:57:31Z,11,1,7,cristianhosu,3,0,pr,high
microsoft,vscode,22876,"Duplication of file with a number as filename",798,4,2017-03-20T09:59:40Z,2017-03-20T23:38:29Z,5,1,0,imwiss,1,1,pr,medium
microsoft,vscode,12910,"Why can't I sort the installed extensions list?",489,4,2016-09-28T17:31:39Z,2017-04-11T13:32:28Z,6,1,194,spywhere,0,1,pr,medium
microsoft,vscode,20679,"Completion Item Details Header Overflowing Suggestion Box",367,2,2017-02-16T00:16:55Z,2017-04-11T14:02:31Z,0,1,54,burakcan,1,1,pr,high
microsoft,vscode,14873,"Add ""Stage selected lines"" to context menu",141,4,2016-11-02T19:31:37Z,2017-04-07T08:48:12Z,8,1,155,,,,,
microsoft,vscode,20290,"URL vscode://file/path/to/project/ is only able to open folders from the C: drive on Windows",334,4,2017-02-09T12:49:35Z,2017-04-12T10:35:08Z,3,1,61,jordanmkasla2009,9,0,pr,high
microsoft,vscode,24283,"Provide a easy way to get rid of the annoying git version warning",1051,4,2017-04-07T23:15:26Z,2017-04-13T08:05:14Z,0,1,5,timbanaveen,0,1,pr,high
microsoft,vscode,13257,"Noticeable delay each time in-product release notes editor is made active.",716,4,2016-10-05T17:34:55Z,2017-04-21T22:14:42Z,7,1,198,,,,,
microsoft,vscode,22422,"Provide ""terminal.integrated.enableBold"" setting",354,6,2017-03-10T21:23:15Z,2017-03-29T18:43:27Z,20,1,18,lifez,6,0,pr,high
microsoft,vscode,24242,"Extension Explorer: Rating and Download Count only Displayed If Full Name is displayed",600,4,2017-04-07T16:52:40Z,2017-05-05T10:30:46Z,5,1,27,,,,,
microsoft,vscode,25936,"Bring back ahead/behind counts while git syncing",782,4,2017-05-04T21:57:28Z,2017-05-05T10:56:21Z,1,1,0,letmaik,0,1,pr,medium
microsoft,vscode,18697,"Disable Mac help topics in Help menu",457,6,2017-01-18T01:39:50Z,2017-06-14T09:45:40Z,10,1,147,JeremyLoy,2,1,pr,high
microsoft,vscode,28393,"'Trigger Parameter Hints' Does not Work when `editor.parameterHints` is disabled",637,5,2017-06-09T22:29:18Z,2017-06-16T10:16:44Z,0,1,6,joaomoreno,2457,0,commit,medium
microsoft,vscode,17671,"Git Clone: Default clone into /tmp folder",470,4,2016-12-21T13:03:17Z,2017-05-04T14:05:54Z,6,1,134,ihalip,3,0,pr,high
microsoft,vscode,11907,"Feature Request: Drag item to terminal to paste path",256,4,2016-09-12T19:49:35Z,2017-05-22T21:57:56Z,4,1,252,jportela,2,1,pr,medium
microsoft,vscode,27997,"Possibillity to open a specific line via URI file handler",274,4,2017-06-04T08:32:08Z,2017-06-19T17:26:30Z,9,1,15,,,,,
microsoft,vscode,15613,"If No Staged Files, Changed Files are Added to Commit",389,5,2016-11-17T03:20:29Z,2017-05-04T14:47:30Z,14,1,168,mikeseese,3,0,pr,medium
microsoft,vscode,19644,"Cursor does not go to the end of line when pressing ""End"" with word wrap enabled",426,4,2017-01-31T22:23:14Z,2017-05-29T14:56:38Z,19,1,117,misoguy,6,0,pr,high
microsoft,vscode,26738,"Git: Pull from specific branch",232,4,2017-05-16T10:57:08Z,2017-06-26T13:31:15Z,5,1,41,matthewshirley,0,1,pr,medium
microsoft,vscode,29217,"Optionally enable --prune while git fetch'ing",362,4,2017-06-21T22:13:05Z,2017-06-26T15:34:05Z,5,1,4,,,,,
microsoft,vscode,23011,"[Feature request] Capability to open old version of file in Git side bar",310,6,2017-03-22T11:55:43Z,2017-06-26T14:15:40Z,3,1,96,Duroktar,1,1,pr,medium
microsoft,vscode,30294,"Add ability to theme terminal cursor",0,7,2017-07-08T20:51:50Z,2017-07-11T18:08:35Z,2,1,2,roblourens,352,0,commit,medium
microsoft,vscode,29323,"Show tabstops as cursors in emmet preview",1172,4,2017-06-23T12:27:14Z,2017-08-01T23:26:47Z,7,1,39,jens1o,11,0,pr,high
microsoft,vscode,27632,"Make it possible to disable the underlining and clickability of URLs in the editor",583,3,2017-05-30T20:02:19Z,2017-06-13T10:50:56Z,4,1,13,chewong,0,1,pr,medium
microsoft,vscode,23797,"Git: Manage the ignore file",1072,6,2017-04-01T16:03:15Z,2017-06-28T09:15:01Z,7,1,87,BuraChuhadar,6,0,pr,medium
microsoft,vscode,23774,"Extensions: can not open via touch interaction",149,5,2017-03-31T23:28:04Z,2017-06-28T13:53:45Z,2,1,88,joaomoreno,2514,0,commit,medium
microsoft,vscode,28695,"When hovering over vertical menu tooltips, icons have shortcuts in them, but wrapper buttons don't",421,4,2017-06-14T07:23:37Z,2017-06-16T05:47:39Z,1,1,1,brandedoutcast,0,1,pr,high
microsoft,vscode,22987,"vscode should add a option to control markdown breaks",383,4,2017-03-22T03:10:39Z,2017-08-03T21:03:08Z,5,1,134,brandedoutcast,0,1,pr,medium
microsoft,vscode,30626,"A little bit more margin please ",413,5,2017-07-13T14:36:06Z,2017-07-20T16:47:03Z,4,1,7,cleidigh,12,0,pr,high
microsoft,vscode,27271,"Bad Markdown rendering of lists in documentation on hover",6147,5,2017-05-25T13:40:34Z,2017-07-06T09:20:08Z,1,1,41,joaomoreno,2547,0,commit,medium
microsoft,vscode,29491,"Format the extension download count with commas",271,5,2017-06-26T20:01:33Z,2017-07-25T19:26:43Z,10,1,28,cleidigh,15,0,pr,high
microsoft,vscode,29706,"No progress while cloning git repository",362,4,2017-06-28T07:04:49Z,2017-08-17T07:55:07Z,4,1,50,maryam-a,0,1,pr,medium
microsoft,vscode,24653,"Disable extension recommendation",640,4,2017-04-13T06:01:13Z,2017-08-31T14:09:43Z,20,1,140,,,,,
microsoft,vscode,22215,"Align ""Amend Commit"" with ""Smart Commit""",343,4,2017-03-08T11:58:03Z,2017-08-11T08:02:35Z,1,1,155,Krzysztof-Cieslak,16,0,pr,medium
microsoft,vscode,30055,"Disallow staging of files with unresolved conflicts",164,4,2017-07-03T13:47:59Z,2017-08-28T08:58:43Z,7,1,55,BuraChuhadar,8,0,pr,medium
microsoft,vscode,25575,"Add a Git Tag Feature",171,6,2017-04-27T20:42:34Z,2017-08-30T07:08:05Z,6,1,124,ashutoshdhundhara,0,1,pr,medium
microsoft,vscode,32737,"Add TM_FILENAME_BASE snippet variable",1289,7,2017-08-17T18:26:24Z,2017-08-28T08:07:54Z,8,1,10,,,,,
microsoft,vscode,34646,"Import statement snippet inconsistent between .ts and .tsx files",471,6,2017-09-19T16:25:48Z,2017-09-19T19:41:20Z,3,1,0,OliverJAsh,1,1,pr,high
microsoft,vscode,22866,"Show enabled extensions only in the extension viewlet",124,4,2017-03-20T02:23:50Z,2017-09-28T07:18:32Z,5,1,192,BuraChuhadar,8,0,pr,medium
microsoft,vscode,27961,"Option to disable quick fix",621,7,2017-06-03T00:50:52Z,2017-09-13T17:13:45Z,10,1,102,mjbvz,769,0,pr,high
microsoft,vscode,35373,"git.publish ask for remote if only one is setup",319,4,2017-09-29T12:32:50Z,2017-10-02T09:47:46Z,2,1,2,KnisterPeter,2,1,pr,high
microsoft,vscode,11112,"Add an option to prevent copying an empty selection",89,3,2016-08-29T14:03:30Z,2016-10-24T17:50:19Z,7,1,56,kaiwood,0,1,pr,high
microsoft,vscode,33983,"When resolving a merge conflict, adding resolved file to staged changes triggers warning",985,6,2017-09-08T02:47:03Z,2017-11-02T07:42:27Z,10,1,55,joaomoreno,3180,0,commit,medium
facebook,react,31331,"[Compiler Bug]: `""use no memo""` Directive ignored by React Compiler Playground",1566,3,2024-10-23T11:13:05Z,2024-11-18T20:38:24Z,10,1,26,subbu963,1,1,pr,high
facebook,react,29674,"[Compiler]: Consider the `dispatch` fn from useActionState and useFormState to be non-reactive",1172,3,2024-05-30T22:32:16Z,2024-06-17T19:27:20Z,13,1,17,TrickyPi,3,0,pr,medium
facebook,react,11949,"Output JUnit XML test metadata for CircleCI",1255,4,2018-01-02T18:08:39Z,2024-04-10T21:19:27Z,14,1,2290,,,,,
facebook,react,10085,"Nicer Formatting of SSR Validation",1395,5,2017-07-01T00:58:07Z,2020-02-26T21:23:05Z,38,1,970,sebmarkbage,756,0,pr,medium
facebook,react,20700,"Bug: react-hooks/rules-of-hooks should support compound component pattern",348,3,2021-01-31T09:58:08Z,2024-01-31T14:46:24Z,10,1,1095,oliver3,0,1,pr,medium
facebook,react,26352,"[DevTools Bug]: provide an icon to Edge devtools?",1239,4,2023-03-08T23:01:21Z,2023-04-11T18:43:43Z,12,1,33,harrygz889,1,1,pr,medium
facebook,react,20117,"Fast Refresh: Improve dev experience when DevTools hook is disabled",1226,2,2020-10-28T14:49:21Z,2020-11-12T19:52:04Z,27,1,15,AceTheCreator,1,1,pr,medium
facebook,react,25228,"[DevTools Bug]: React extension tab in Edge DevTools doesn't have emoji prefix in title.",613,3,2022-09-09T22:42:43Z,2022-09-14T17:51:43Z,3,1,4,itskolli,1,1,pr,medium
facebook,react,20756,"Bug: using MessageChannel prevents node.js process from exiting",805,2,2021-02-07T14:13:53Z,2021-03-01T18:34:13Z,15,1,22,gaearon,1588,0,pr,high
facebook,react,20454,"React DevTools should bump the Electron version to 11.0.1 for darwin-arm64 builds",1278,2,2020-12-13T23:57:36Z,2021-01-04T15:38:12Z,17,1,21,jaiwanth-v,1,1,pr,high
facebook,react,11827,"Cursor jumps when backspacing in a number input (with ShadowDOM)",1813,4,2017-12-11T16:08:07Z,2021-04-30T17:49:32Z,8,1,1236,,,,,
facebook,react,22323,"Rollup build script --unsafe-partial flag is broken",2706,2,2021-09-15T15:02:49Z,2021-09-15T17:32:10Z,0,1,0,bvaughn,363,0,pr,high
facebook,react,21718,"[DevTools Bug]: Settings panel layout broken",704,4,2021-06-22T09:42:35Z,2021-06-24T15:19:57Z,6,1,2,bvaughn,363,0,pr,high
facebook,react,20997,"Bug: Can't build react-devtools-extensions",1297,4,2021-03-13T18:15:02Z,2021-03-15T13:46:46Z,3,1,1,hecerinc,1,1,pr,high
facebook,react,20061,"Bug: Devtools' update-notifier usage is overly eager",736,2,2020-10-20T18:54:39Z,2021-01-25T13:41:20Z,24,1,96,recurx,1,1,pr,medium
facebook,react,20075,"Bug: Error loading source maps for devtools extension",1595,3,2020-10-22T04:14:33Z,2020-10-22T15:26:33Z,16,1,0,sytranvn,1,1,pr,medium
facebook,react,19545,"Bug: Proxy on Context throws an error in DevTools",1587,3,2020-08-06T14:50:25Z,2020-08-12T16:15:54Z,3,1,6,pfongkye,1,1,pr,high
facebook,react,19362,"Scheduler callback is only checked for null value and therefore throws when callback is undefined.",125,3,2020-07-15T09:32:19Z,2020-07-27T02:48:05Z,8,1,11,RobiFerentz,1,1,pr,medium
facebook,react,19402,"Bug: React Hook ""useContext"" is called in function ""login"" which is neither a React function component or a custom React Hook function  react-hooks/rules-of-hooks",866,4,2020-07-18T02:38:33Z,2020-07-24T23:58:49Z,14,1,6,,,,,
facebook,react,19338,"Bug: react-devtools error when KEY and CERT are provided, SSL not usable",596,3,2020-07-13T20:37:50Z,2020-07-13T20:50:25Z,7,1,0,,,,,
facebook,react,19327,"Bug: react-hooks/exhaustive-deps reports a TypeScript type via typeof as a dependency",1636,3,2020-07-12T23:48:23Z,2020-07-13T17:03:05Z,5,1,0,delca85,1,1,pr,medium
facebook,react,19259,"Suggestion: show HOC names in profiler",838,3,2020-07-06T10:17:15Z,2020-07-10T15:21:20Z,2,1,4,bl00mber,13,0,pr,high
facebook,react,13414,"Fragments in IE11 rendered as strange elements",1948,4,2018-08-16T11:00:29Z,2018-08-16T19:03:54Z,19,1,0,,,,,
facebook,react,18544,"Bug: Devtools in Firefox does not allow adding props or editing props/state/hooks",1055,3,2020-04-08T20:24:37Z,2020-04-17T12:54:04Z,9,1,8,,,,,
facebook,react,17935,"Bug: Excessive cpu usage of the page when react-devtools is active",1599,3,2020-01-30T10:19:22Z,2020-04-06T15:17:46Z,16,1,67,Faelivrinx,1,1,pr,high
facebook,react,16736,"DevTools: Long interaction names cannot be seen",254,2,2019-09-10T17:38:59Z,2020-01-13T19:23:13Z,10,1,125,,,,,
facebook,react,16485,"DevTools: Overlay stays after devtools are closed",356,3,2019-08-19T22:20:03Z,2019-09-30T20:10:53Z,13,1,41,,,,,
facebook,react,16851,"Adding `.displayName` documentation to Contexts",819,1,2019-09-22T12:36:43Z,2019-09-24T15:46:31Z,3,1,2,M-Izadmehr,0,1,pr,medium
facebook,react,16413,"Dev tools does not respect zoom level on firefox OSX",652,3,2019-08-16T07:58:16Z,2019-09-03T12:38:04Z,14,1,18,,,,,
facebook,react,11768,"Error Rendering Inputs in Separate Window using Portals",1413,5,2017-12-04T21:05:00Z,2018-04-02T15:05:40Z,12,1,118,M-ZubairAhmed,0,1,pr,medium
facebook,react,12415,"dangerouslySetInnerHTML will wrap on SSR but not client and both are editing invalid HTML",1996,4,2018-03-21T14:39:36Z,2018-08-06T15:25:39Z,7,1,138,,,,,
facebook,react,14362,"react-hooks linter fails with unusual for loop",1022,3,2018-11-30T14:11:12Z,2019-01-25T17:06:34Z,6,1,56,Yurickh,1,1,pr,high
facebook,react,13610,"IE9: Unable to call apply on console.error when encountering an unknown tag",467,3,2018-09-10T17:13:49Z,2018-09-13T18:38:14Z,4,1,3,link-alex,1,1,pr,medium
facebook,react,11423,"Ignore <noscript> content on the client and don't warn about mismatches ",1038,5,2017-11-01T13:51:13Z,2018-09-03T16:17:54Z,44,1,306,Ephem,1,1,pr,high
facebook,react,12670,"Improve warning message for failure to initialize `state` when using `getDerivedStateFromProps`",1655,2,2018-04-23T15:29:28Z,2018-08-03T15:09:58Z,4,1,101,flxwu,0,1,pr,high
facebook,react,11602,"Children of option tags flattened when select has value",1275,4,2017-11-20T21:02:01Z,2018-08-02T01:47:07Z,15,1,254,,,,,
facebook,react,11806,"Remove selectionStart polyfill?",394,5,2017-12-08T01:23:17Z,2018-01-02T19:11:12Z,19,1,25,,,,,
facebook,react,9500,"yarn prettier runs a too long command for OS windows",124,4,2017-04-22T22:03:35Z,2017-11-05T21:06:09Z,6,1,196,xjlim,3,0,pr,high
tensorflow,tensorflow,58270,"A check fail can be triggered in LSTMBlockCell",2563,2,2022-10-24T03:04:07Z,2023-04-04T20:07:04Z,36,1,162,mattbahr,16,0,pr,high
tensorflow,tensorflow,26276,"Good first issue tag?",1486,3,2019-03-02T03:15:01Z,2019-03-05T08:29:28Z,4,1,3,F20170604,1,1,pr,medium
tensorflow,tensorflow,58261,"A Check Fail can be triggerred in GRUBlockCell",1567,4,2022-10-22T13:04:46Z,2023-02-16T19:25:15Z,20,1,117,nrwahl2,2,1,pr,medium
tensorflow,tensorflow,58106,"Check Fail in AvgPool3DGrad",2307,6,2022-10-16T04:59:08Z,2023-01-22T23:33:28Z,11,1,98,,,,,
tensorflow,tensorflow,26270,"[TF 2.0 API Docs] tf.custom_gradient",2311,5,2019-03-01T23:58:28Z,2021-06-10T16:37:19Z,25,1,831,ashutosh1919,69,0,pr,high
tensorflow,tensorflow,38349,"`nan` gradient when `tf.where` is used",2885,6,2020-04-08T09:30:26Z,2020-10-02T16:47:49Z,34,1,177,0x0badc0de,0,1,pr,medium
tensorflow,tensorflow,37323,"Count number of times `tf.function` is traced",1940,4,2020-03-05T00:11:16Z,2020-11-16T16:36:27Z,29,1,256,,,,,
tensorflow,tensorflow,25802,"[TF 2.0 API Docs] tf.math.acos",1942,5,2019-02-17T03:53:20Z,2020-10-06T15:59:16Z,11,1,597,SSaishruthi,36,0,pr,medium
tensorflow,tensorflow,25794,"[TF 2.0 API Docs] tf.AggregationMethod",906,5,2019-02-16T02:03:01Z,2020-06-24T16:14:11Z,11,1,494,missaugustina,0,1,pr,medium
tensorflow,tensorflow,20402,"Feature request: non-stateful scatter_nd_min and scatter_nd_max",276,3,2018-06-29T06:39:42Z,2020-06-02T17:51:31Z,9,1,704,mihaimaruseac,393,0,commit,medium
tensorflow,tensorflow,30802,"Using tf.function while enumerating a dataset causes an infinite loop",2586,5,2019-07-17T13:08:05Z,2019-08-20T15:14:28Z,10,1,34,yongtang,1038,0,pr,medium
tensorflow,tensorflow,36146,"tf.function and tf.nest break for valid Mapping instances",835,5,2020-01-23T01:51:21Z,2020-04-12T17:19:47Z,33,1,80,punndcoder28,7,0,pr,medium
tensorflow,tensorflow,25988,"[TF 2.0 API Docs] tf.keras.applications.MobileNetV2",845,5,2019-02-21T21:39:05Z,2020-02-24T06:51:38Z,8,1,367,ashutosh1919,19,0,pr,high
tensorflow,tensorflow,34947,"polyval gives TypeError when run inside tf.function with Tensor coeffs, but not when run eagerly",1598,5,2019-12-08T20:40:08Z,2020-02-12T07:02:17Z,8,1,65,rushabh-v,3,0,pr,high
tensorflow,tensorflow,26197,"[TF 2.0 API Docs] tf.keras",1421,5,2019-02-28T05:40:43Z,2020-02-10T04:59:19Z,15,1,346,drakegens,0,1,pr,medium
tensorflow,tensorflow,26211,"[TF 2.0 API Docs] tf.keras.activations.relu ",975,4,2019-02-28T14:07:16Z,2020-01-29T00:29:33Z,13,1,334,Williscool13,8,0,pr,medium
tensorflow,tensorflow,25959,"[TF 2.0 API Docs] tf.image.non_max_suppression",975,5,2019-02-21T06:48:36Z,2019-12-27T01:45:57Z,8,1,308,copybara-service,0,1,pr,high
tensorflow,tensorflow,24815,"If a branch contains summaries, tf.cond doesn't support Operations as branches",3233,4,2019-01-09T23:18:31Z,2019-11-13T16:16:23Z,16,1,307,lsgrep,1,1,pr,medium
tensorflow,tensorflow,25846,"[TF 2.0 API Docs] tf.math.add",925,5,2019-02-18T18:32:14Z,2019-10-31T16:01:10Z,6,1,254,oleksiivolk,1,1,pr,medium
tensorflow,tensorflow,25828,"[TF 2.0 API Docs] tf.keras.activations.serialize",796,4,2019-02-18T06:47:24Z,2019-09-27T20:23:50Z,6,1,221,asmitapoddar,3,0,pr,high
tensorflow,tensorflow,25820,"[TF 2.0 API Docs] tf.math.add_n",929,5,2019-02-17T23:47:58Z,2019-08-27T15:45:01Z,5,1,190,shashvatshahi1998,39,0,pr,medium
tensorflow,tensorflow,30895,"[TF 2.0] autograph issue",4341,5,2019-07-20T07:40:55Z,2019-08-22T19:39:06Z,25,1,33,,,,,
tensorflow,tensorflow,25320,"tf.data.Dataset error in documentation",2194,4,2019-01-30T13:22:28Z,2019-07-12T21:09:39Z,6,1,163,ThomasHagebols,6,0,pr,medium
tensorflow,tensorflow,25973,"[TF 2.0 API Docs] tf.keras.losses.poisson",793,4,2019-02-21T16:02:53Z,2019-07-12T17:31:26Z,3,1,141,dunxen,2,1,pr,medium
tensorflow,tensorflow,26294,"[TF 2.0] Conversion script fails to parse IPython functions.",910,4,2019-03-03T09:09:28Z,2019-07-03T19:52:02Z,8,1,122,,,,,
tensorflow,tensorflow,28248,"[TF 2.0] Using tf.py_function which has tf.string type input in dataset.map() generates dtype warning.",1408,5,2019-04-29T05:27:48Z,2019-06-26T20:31:48Z,10,1,58,feihugis,203,0,pr,high
tensorflow,tensorflow,25827,"[TF 2.0 API Docs] tf.keras.activations.tanh",727,5,2019-02-18T06:43:25Z,2019-06-17T23:41:28Z,3,1,119,,,,,
tensorflow,tensorflow,26074,"tf.spectral.dct length argument not implemented",890,4,2019-02-25T07:07:15Z,2019-06-08T23:17:30Z,5,1,103,kmh4321,11,0,pr,medium
tensorflow,tensorflow,26143,"[TF2.0] Error Logging for GradientTape",852,5,2019-02-26T21:12:27Z,2019-06-04T13:17:06Z,11,1,97,,,,,
tensorflow,tensorflow,25844,"[TF 2.0 API Docs] tf.lite.TFLiteConverter",1064,4,2019-02-18T16:17:32Z,2019-05-31T01:18:29Z,2,1,101,margaretmz,13,0,pr,medium
tensorflow,tensorflow,25826,"[TF 2.0 API Docs] tf.compat.path_to_str",990,4,2019-02-18T06:21:58Z,2019-05-08T15:53:10Z,3,1,79,,,,,
tensorflow,tensorflow,26368,"[TF 2.0] Add skip_empty argument to tf.strings.split so that tf.string_split can be deprecated.",777,2,2019-03-05T19:08:01Z,2019-03-13T16:03:07Z,13,1,7,,,,,
kubernetes,kubernetes,133182,"List available endpoints for kube-controller-manager's /statusz ",213,4,2025-07-24T17:53:56Z,2025-09-10T18:48:23Z,10,1,48,nmn3m,2,1,pr,high
kubernetes,kubernetes,133184,"List available endpoints for kubelet's /statusz",220,4,2025-07-24T17:59:18Z,2025-09-05T08:01:30Z,9,1,42,Peac36,9,0,pr,high
kubernetes,kubernetes,71869,"`failed to garbage collect required amount of images. Wanted to free 473842483 bytes, but freed 0 bytes`",5916,5,2018-12-08T00:21:28Z,2025-08-27T21:54:28Z,74,1,2454,drigz,2,1,pr,high
kubernetes,kubernetes,132153,"Quiet `git worktree add` in `hack/verify-govulncheck.sh`",686,4,2025-06-06T17:18:57Z,2025-08-14T00:12:16Z,21,1,68,vekarpov,1,1,pr,medium
kubernetes,kubernetes,132449,"[Pod Level Resources] Pod-level resource validation fails when container-level is set for other resource",2659,6,2025-06-23T03:33:12Z,2025-07-08T20:25:29Z,18,1,15,chao-liang,1,1,pr,high
kubernetes,kubernetes,103587,"Kubelet should enforce that static pods do not reference other API objects",2633,10,2021-07-08T16:04:03Z,2025-06-26T19:18:31Z,39,1,1449,sreeram-venkitesh,21,0,pr,high
kubernetes,kubernetes,109905,"[FG:InPlacePodVerticalScaling] Add E2E test case to revert resource resize patch",572,5,2022-05-09T13:50:31Z,2025-05-14T19:33:07Z,27,1,1101,vinaykul,44,0,pr,medium
kubernetes,kubernetes,60338,"Figure out a way to manage the discrepancy on windows nodes from the linux node",485,7,2018-02-24T01:15:29Z,2025-05-11T23:31:19Z,27,1,2633,feiskyer,467,0,pr,medium
kubernetes,kubernetes,123470,"Flaky UT TestTerminationOrderingSidecarsInReverseOrder of pkg/kubelet: kuberuntime ",1629,5,2024-02-23T11:56:15Z,2025-05-04T22:32:10Z,12,1,436,simonfogliato,6,0,pr,high
kubernetes,kubernetes,50791,"Move selector immutability check to validation after v1beta1 retires",417,5,2017-08-16T20:11:30Z,2025-04-23T22:58:39Z,18,1,2807,LucaLanziani,1,1,pr,high
kubernetes,kubernetes,120633,"E2E Tests for a separate image filesystem",873,7,2023-09-13T13:40:20Z,2025-03-20T03:12:34Z,21,1,553,p-shah256,0,1,pr,high
kubernetes,kubernetes,129626,"Update client-go README with information from latest release",161,4,2025-01-14T23:18:06Z,2025-01-16T19:56:35Z,6,1,1,kishen-v,2,1,pr,high
kubernetes,kubernetes,116026,"Report event for the cases when probe returned Unknown result",1186,5,2023-02-24T00:02:49Z,2025-01-09T13:20:35Z,25,1,685,jralmaraz,1,1,pr,high
kubernetes,kubernetes,105678,"replace ExpectEqual(someBoolean, ...)",3568,5,2021-10-14T14:21:34Z,2024-06-20T06:17:43Z,108,1,979,NikhilSharmaWe,16,0,pr,high
kubernetes,kubernetes,124047,"sig-windows-gce test jobs are failing consistently for a long time",3299,5,2024-03-25T18:54:59Z,2024-06-12T14:30:17Z,17,1,78,knabben,42,0,pr,medium
kubernetes,kubernetes,120979,"We might benefit from a ""network should continue working in cases that resemble syn_cookie or syn_flood"" test...",2651,6,2023-10-03T11:03:43Z,2024-05-23T17:19:31Z,16,1,233,,,,,
kubernetes,kubernetes,123445,"Cleanup to commonize utility function for CronJob and Job",621,4,2024-02-22T11:04:05Z,2024-05-07T23:59:39Z,11,1,75,kaisoz,6,0,pr,high
kubernetes,kubernetes,111092,"Incorrect error message for pod thresholds in e2e tests in wait.go ",2079,6,2022-07-12T17:26:31Z,2024-04-22T08:24:26Z,19,1,649,mkarrmann,9,0,pr,high
kubernetes,kubernetes,121690,"Cleanup for apps e2e tests: do not use deprecated pointer package",560,5,2023-11-02T08:02:31Z,2023-11-07T08:39:47Z,21,1,5,,,,,
kubernetes,kubernetes,122613,"kubectl describe job should print key fields for scheduling (suspend, tolerations, nodeSelector)",4604,6,2024-01-05T16:57:24Z,2024-01-23T19:03:55Z,10,1,18,ivanvc,1,1,pr,high
kubernetes,kubernetes,123221,"Jobs should display whether or not they are suspended.",1095,6,2024-02-09T15:52:03Z,2024-03-05T17:25:07Z,9,1,25,ivanvc,2,1,pr,high
kubernetes,kubernetes,121449,"[Eviction Manager] Missing unit test on PIDPressure",463,6,2023-10-23T14:59:26Z,2024-02-29T19:55:30Z,13,1,129,reinka,6,0,pr,high
kubernetes,kubernetes,69106,"Failure cause is difficult to determine on test-integration",6142,3,2018-09-26T17:06:07Z,2019-01-18T21:58:12Z,11,1,114,taragu,2,1,pr,medium
kubernetes,kubernetes,123234,"Make `fmt.Errorf` use `%w` to wrap error instead of `%v`",748,6,2024-02-11T11:47:22Z,2024-02-15T07:08:56Z,19,1,3,pohly,798,0,pr,medium
kubernetes,kubernetes,121689,"Cleanup for Job e2e tests: do not use global vars for parallelism, completions and backoffLimit",606,5,2023-11-02T07:47:35Z,2024-01-24T13:00:39Z,11,1,83,HuSharp,1,1,pr,high
kubernetes,kubernetes,109285,"scheduler: enabled plugins not logged during initialization",4515,2,2022-04-04T12:34:45Z,2023-12-13T21:34:08Z,21,1,618,Prateek462003,9,0,pr,high
kubernetes,kubernetes,113627,"Remove dependency on github.com/pkg/errors",431,5,2022-11-04T15:47:25Z,2023-11-10T16:08:12Z,39,1,371,falser101,3,0,pr,high
kubernetes,kubernetes,109034,"Re work pkg/util/ipset.Validate()",1723,4,2022-03-25T19:50:43Z,2023-10-17T20:14:34Z,25,1,571,ArangoGutierrez,5,0,pr,medium
kubernetes,kubernetes,120849,"Check for bridge-nf-call-iptables=1 incorrect",1030,7,2023-09-24T13:00:47Z,2023-09-24T19:28:58Z,7,1,0,dhruvmehtaaa,1,1,pr,high
kubernetes,kubernetes,120217,"Update google.golang.org/protobuf to v1.31.0",517,5,2023-08-28T16:38:05Z,2023-08-29T12:32:23Z,9,1,0,rakshitgondwal,1,1,pr,medium
kubernetes,kubernetes,119133,"controller_util_test.go does not follow similar patterns as other unit tests in the repo.",1024,6,2023-07-06T13:57:38Z,2023-08-15T22:17:57Z,17,1,40,xuexu6666,1,1,pr,high
kubernetes,kubernetes,104432,"imagePullSecrets should log warning if secret does not exist",1289,6,2021-08-18T11:52:45Z,2023-06-28T18:14:33Z,61,1,679,kaisoz,3,0,pr,high
kubernetes,kubernetes,118263,"some wrong comments in netpol e2e",3004,5,2023-05-25T19:53:01Z,2023-06-05T12:31:26Z,9,1,10,jayunit100,175,0,pr,high
kubernetes,kubernetes,94428,"client-go prints a klog warning by default in library code which is not allowed",1307,6,2020-09-02T14:19:14Z,2023-05-24T16:08:52Z,23,1,994,ardaguclu,93,0,pr,high
kubernetes,kubernetes,117045,"Remove SeccompProfilePath",368,4,2023-03-31T20:07:43Z,2023-05-02T05:34:12Z,16,1,31,charles-chenzz,6,0,pr,high
kubernetes,kubernetes,113709,"Replace all deprecated `sets.String` with `sets.Set`",854,5,2022-11-08T01:20:56Z,2023-04-12T02:17:16Z,36,1,155,sarab97,1,1,pr,high
kubernetes,kubernetes,8976,"Capture spew.Sprintf() with all our favorite config into a util func",116,6,2015-05-29T00:11:47Z,2023-04-11T22:34:59Z,27,1,2874,haoruan,9,0,pr,high
kubernetes,kubernetes,116365,"Failure cluster [2fa397b0...] cleanupLocalPVCsPVs invalid memory address or nil pointer dereference",1281,5,2023-03-08T08:46:59Z,2023-03-16T01:24:50Z,11,1,7,tukwila,1,1,pr,medium
kubernetes,kubernetes,93188,"kubectl --local is not quite local across all the commands",1802,4,2020-07-17T14:24:56Z,2022-04-08T11:18:54Z,25,1,629,ardaguclu,20,0,pr,high
kubernetes,kubernetes,115780,"Promote gRPC probe tests to conformance",481,6,2023-02-15T00:06:25Z,2023-03-09T09:06:05Z,8,1,22,lanycrost,6,0,pr,high
kubernetes,kubernetes,115741,"Remove the getAppArmorFS function",500,5,2023-02-13T20:52:27Z,2023-02-23T08:31:35Z,8,1,9,priyanshuraj400,7,0,pr,high
kubernetes,kubernetes,115781,"Switch image in gRPC probe tests to agnhost",445,6,2023-02-15T00:06:54Z,2023-02-18T18:19:38Z,9,1,3,shogohida,3,0,pr,high
kubernetes,kubernetes,110992,"GenerateSelfSignedCertKeyWithFixtures private keys permissions",1517,7,2022-07-06T23:29:30Z,2023-02-17T17:00:06Z,13,1,225,lanycrost,5,0,pr,high
kubernetes,kubernetes,96717,"Clean up SCTP tests",4390,5,2020-11-19T13:34:09Z,2022-12-14T02:33:36Z,40,1,754,danwinship,224,0,pr,high
kubernetes,kubernetes,94301,"Kubectl: Keepalive connection to API server for exec and logs.",1503,7,2020-08-28T08:01:48Z,2021-05-07T09:58:46Z,24,1,252,knight42,61,0,pr,medium
kubernetes,kubernetes,108806,"Cleanup: kube-proxy internal naming",524,5,2022-03-18T18:36:30Z,2022-11-03T01:21:07Z,14,1,229,manav014,1,1,pr,high
kubernetes,kubernetes,110514,"Having two Default StorageClasses should be handled better",1191,4,2022-06-10T21:50:02Z,2022-10-04T08:41:37Z,27,1,115,danishprakash,0,1,pr,high
kubernetes,kubernetes,111734,"Update config for `unused` plugin in .golangci.yaml to golang 1.19",12205,2,2022-08-06T21:25:39Z,2022-08-24T02:00:01Z,5,1,17,Abirdcfly,22,0,pr,high
kubernetes,kubernetes,111659,"PV controller tests should have all struct fields named",1284,5,2022-08-03T08:08:03Z,2022-08-24T00:17:27Z,9,1,20,piroux,1,1,pr,high
kubernetes,kubernetes,102334,"minor netpol test improvements",1584,6,2021-05-26T11:50:45Z,2022-07-19T09:33:01Z,23,1,418,jayunit100,174,0,pr,medium
kubernetes,kubernetes,93792,"new scheduler_perf framework: allow users to specify default pod and node specs",525,7,2020-08-07T19:05:24Z,2022-06-29T18:44:07Z,27,1,690,sanposhiho,44,0,pr,high
kubernetes,kubernetes,110773,"Remove pkg/scheduler/util/clock.go",110,5,2022-06-24T14:29:32Z,2022-06-25T05:32:57Z,4,1,0,harry1064,1,1,pr,high
kubernetes,kubernetes,92402,"fix staticcheck failures",1972,10,2020-06-23T01:59:51Z,2022-06-04T08:39:03Z,45,0,711,praseodym,17,0,pr,medium
kubernetes,kubernetes,102545,"Get rid of duplicate set of metrics for watch counts",1303,5,2021-06-02T21:51:28Z,2022-05-31T19:53:16Z,19,1,362,jyz0309,15,0,pr,medium
kubernetes,kubernetes,99828,"Change the users of IsQualifiedName to ValidateQualifiedName",320,5,2021-03-05T07:58:47Z,2022-04-29T10:34:25Z,17,1,420,creydr,1,1,pr,high
kubernetes,kubernetes,91628,"Missing defaults and clarifying info for kube-controller-manager",952,5,2020-06-01T13:49:15Z,2022-04-24T11:57:10Z,34,1,691,,,,,
kubernetes,kubernetes,108801,"Cleanup: pkg/util/ipset ",387,5,2022-03-18T17:15:31Z,2022-03-25T22:35:02Z,7,1,7,ArangoGutierrez,5,0,pr,high
kubernetes,kubernetes,108355,"Logging statement with missing parameter",374,4,2022-02-25T15:28:33Z,2022-03-16T13:31:50Z,10,1,18,ArangoGutierrez,2,1,pr,high
kubernetes,kubernetes,103907,"Operationexecutor log format problem",1285,7,2021-07-26T07:10:15Z,2022-02-09T07:38:32Z,14,1,198,devinleee,0,1,pr,high
kubernetes,kubernetes,92229,"Scheduling framework: test more failure points that trigger Unreserve",226,4,2020-06-17T15:39:40Z,2022-02-08T10:36:54Z,19,1,600,kerthcet,21,0,pr,high
kubernetes,kubernetes,107735,"Kubelet does not assign node address on expanded ipv6 address",1594,6,2022-01-24T20:03:18Z,2022-01-27T07:07:14Z,12,1,2,jyotimahapatra,1,1,pr,medium
kubernetes,kubernetes,105798,"Reduce code duplication in test/e2e/storage/testsuites/snapshottable.go",927,5,2021-10-20T18:28:39Z,2022-01-25T22:35:42Z,20,1,97,acumino,1,1,pr,high
kubernetes,kubernetes,103764,"Add test case in pkg/cm/cpuset to verify no elements are added after result is called",565,5,2021-07-19T11:14:27Z,2022-01-11T09:59:46Z,11,1,175,,,,,
kubernetes,kubernetes,94404,"test/integration/scheduler_perf: check for unused template parameters",235,5,2020-09-01T22:43:48Z,2022-01-11T00:21:17Z,31,1,496,sanposhiho,22,0,pr,high
kubernetes,kubernetes,92090,"Security contacts for cluster-bootstrap not specified or out of date",1448,8,2020-06-12T22:22:30Z,2022-01-06T20:15:22Z,8,1,572,,,,,
kubernetes,kubernetes,102405,"HPA desired replicas not respecting minReplicas when set to 1",7226,6,2021-05-28T14:09:28Z,2021-12-26T18:11:32Z,20,1,212,,,,,
kubernetes,kubernetes,104234,"kube-proxy should log the payload when iptables-restore fails ",1935,4,2021-08-09T09:51:26Z,2021-12-24T01:24:15Z,22,1,136,cyclinder,9,0,pr,high
kubernetes,kubernetes,99453,"Failed to run the pod with duplicate persistent volumes",5017,9,2021-02-25T10:37:30Z,2021-11-27T20:50:39Z,35,1,275,slayer321,0,1,pr,medium
kubernetes,kubernetes,105927,"Logs from kubemark master are not exported",252,4,2021-10-27T06:11:31Z,2021-11-09T18:29:47Z,12,1,13,NikhilSharmaWe,7,0,pr,high
kubernetes,kubernetes,104418,"Add non-serialized metrics tests for Windows",454,5,2021-08-17T16:45:06Z,2021-11-08T21:11:32Z,13,1,83,NikhilSharmaWe,5,0,pr,high
kubernetes,kubernetes,105981,"v1.Time Stringer implementation does not protect against nil-pointer dereference",2739,5,2021-10-28T19:59:41Z,2021-11-08T21:08:21Z,11,1,11,kaisoz,0,1,pr,medium
kubernetes,kubernetes,99675,"Ensure all external API types have descriptions",5035,6,2021-03-03T04:54:53Z,2021-11-07T05:22:52Z,42,1,249,shiyajuan123,4,0,pr,medium
kubernetes,kubernetes,92674,"Cleanup e2e_node/jenkins",382,4,2020-07-01T01:37:41Z,2021-11-04T18:02:22Z,23,1,491,,,,,
kubernetes,kubernetes,95052,"Fixup bugs in the upstream OpenAPI spec",553,5,2020-09-25T01:10:23Z,2021-10-17T20:51:56Z,22,1,387,,,,,
kubernetes,kubernetes,90833,"Leverage image preloading in kubemark tests",495,5,2020-05-07T08:42:24Z,2021-10-07T14:06:07Z,49,1,518,tosi3k,19,0,pr,medium
kubernetes,kubernetes,105438,"pkg/proxy/ipvs/README.md says `kube init` but means `kubeadm init`",296,5,2021-10-04T06:59:45Z,2021-10-07T01:45:46Z,5,1,2,shivanshuraj1333,4,0,pr,high
kubernetes,kubernetes,102787,"Refactor preparePVCDataSourceForProvisioning to support BlockVolume tests in multivolume.go",1547,6,2021-06-10T18:37:43Z,2021-10-05T21:18:58Z,11,1,117,dbgoytia,1,1,pr,high
kubernetes,kubernetes,102295,"add ExecWithOptions to exec_util.go for ClientSet Creation",371,5,2021-05-25T15:36:45Z,2021-10-05T18:21:54Z,6,1,133,mcbenjemaa,7,0,pr,high
kubernetes,kubernetes,88547,"Switch to go1.14 tls cipher suite helper methods",353,7,2020-02-25T22:43:10Z,2021-09-21T18:56:43Z,10,1,573,knight42,69,0,pr,high
kubernetes,kubernetes,96514,"windows kube-proxy: fall back to node-local terminating endpoints for external traffic",460,9,2020-11-12T15:47:18Z,2021-09-15T12:57:32Z,16,1,306,andrewsykim,272,0,pr,medium
kubernetes,kubernetes,99005,"Use helper functions to clean up test-cases (specifically net but not really specific)",1018,5,2021-02-11T17:55:17Z,2021-09-09T00:01:27Z,18,1,209,danielamlins,16,0,pr,medium
kubernetes,kubernetes,104184,"Log attempts to output resp.Body ",956,6,2021-08-05T22:45:45Z,2021-09-07T12:33:16Z,9,1,32,feeltimeQ,0,1,pr,high
kubernetes,kubernetes,104457,"apiserver/pkg/storage/interfaces.go contains unintended HTML tags",1197,5,2021-08-19T16:15:12Z,2021-08-25T00:00:40Z,10,1,5,nicomitchell,3,0,pr,high
kubernetes,kubernetes,7923,"Refactor ""create object, launch goroutines"" logic all over",261,5,2015-05-07T22:11:58Z,2021-08-21T14:25:52Z,35,1,2297,andrewsykim,272,0,pr,medium
kubernetes,kubernetes,102919,"(cleanup) Make the netpol/ model.go model stateful ",2305,5,2021-06-16T14:17:00Z,2021-07-20T13:23:32Z,14,1,33,jayunit100,173,0,pr,medium
kubernetes,kubernetes,96935," Add priority flag to kube-proxy on Windows hosts",616,9,2020-11-29T04:09:11Z,2021-07-17T17:12:42Z,23,1,230,,,,,
kubernetes,kubernetes,103308,"Scheduler: Ensure the default config output of --write-to-config is usable",460,5,2021-06-29T19:40:08Z,2021-07-01T04:00:06Z,3,1,1,SataQiu,288,0,pr,high
kubernetes,kubernetes,62788,"Lack of documentation for ImagePullBackOff timing",286,5,2018-04-18T13:50:06Z,2021-06-30T12:03:04Z,37,1,1168,tech-geek29,2,1,pr,high
kubernetes,kubernetes,102820,"Pods with Shutdown status confuse users of graceful node shutdown feature",1174,5,2021-06-11T22:38:31Z,2021-06-16T19:48:13Z,5,1,4,glebiller,1,1,pr,high
kubernetes,kubernetes,102684,"Endpoint slice mirroring controller mirrors kubectl  kubectl.kubernetes.io/last-applied-configuration",3884,5,2021-06-08T08:20:50Z,2021-06-15T20:41:56Z,11,1,7,sharmarajdaksh,1,1,pr,high
kubernetes,kubernetes,92092,"Security contacts for component-base not specified or out of date",1458,9,2020-06-12T22:24:32Z,2021-06-14T12:31:07Z,11,1,366,,,,,
kubernetes,kubernetes,100933,"CRD structural schema validation doesn't allow having description on openAPIV3Schema.properties[metadata]",3007,6,2021-04-08T22:47:42Z,2021-04-08T22:53:21Z,10,1,0,ilyee,0,1,pr,high
kubernetes,kubernetes,54491,"kubectl get pods should report last restart time?",594,5,2017-10-24T15:37:31Z,2021-06-02T17:54:43Z,25,1,1317,jjacobelli,2,1,pr,high
kubernetes,kubernetes,101679,"Server logs flooded with Skipping invalid IP",2344,4,2021-04-30T18:43:44Z,2021-05-13T21:15:20Z,6,1,13,fenngwd,1,1,pr,high
kubernetes,kubernetes,101309,"Misnamed feature gate in API server help",1587,6,2021-04-21T08:41:43Z,2021-05-01T21:30:00Z,9,1,10,amanchourasiya,1,1,pr,high
kubernetes,kubernetes,99966,"sched: cleanup clusterEventReg from pkg/scheduler/internal/queue/events.go",358,6,2021-03-08T23:34:22Z,2021-04-24T18:12:57Z,15,1,46,minbaev,3,0,pr,medium
kubernetes,kubernetes,93795,"test/integration/scheduler_perf: make sure each testCase and workload has a unique name",676,5,2020-08-07T19:18:25Z,2021-04-11T02:03:31Z,17,1,246,nicomitchell,2,1,pr,high
kubernetes,kubernetes,96512,"cheking UID's in windows, follow on (quick pr)",593,5,2020-11-12T15:14:21Z,2021-03-12T03:08:18Z,16,1,119,perithompson,1,1,pr,high
kubernetes,kubernetes,99934,"Improve concurrency for hack/verify-structured-logging.sh",683,6,2021-03-08T07:07:03Z,2021-03-09T11:22:50Z,8,1,1,learner0810,0,1,pr,medium
kubernetes,kubernetes,91042,"Add test coverage for SelfSubjectRulesReview and node authorizer",239,6,2020-05-13T02:27:25Z,2021-02-13T21:14:17Z,17,1,276,liggitt,1556,0,pr,medium
kubernetes,kubernetes,95707,"Remove WindowsGMSA and WindowsRunAsUserName feature gates in 1.20",306,5,2020-10-19T16:22:30Z,2021-01-30T09:03:48Z,25,1,102,ialidzhikov,38,0,pr,high
kubernetes,kubernetes,94091,"build/README.md suggests using outdated docker-machine",627,5,2020-08-18T22:31:05Z,2021-01-19T16:41:32Z,21,1,153,jesusha123,6,0,pr,medium
kubernetes,kubernetes,97929,"Switch to new location and version for cfssl and cfssljson (cfssl and cfssljson installed via ./hack/local-cluster-up.sh broken)",419,4,2021-01-11T21:26:13Z,2021-01-13T05:10:37Z,7,1,1,Haleygo,0,1,pr,high
kubernetes,kubernetes,90047,"ESIPP [Slow] should handle updates to ExternalTrafficPolicy field is failing in 5k-node tests",1188,5,2020-04-10T11:30:30Z,2021-01-11T13:28:22Z,25,1,276,knight42,56,0,pr,high
kubernetes,kubernetes,89874,"Need better debug logging for patch operations",809,5,2020-04-06T04:57:29Z,2020-12-19T22:20:10Z,23,1,257,,,,,
kubernetes,kubernetes,35054,"kubectl --v= is underdocumented",507,5,2016-10-18T17:49:21Z,2018-12-21T13:53:12Z,37,1,793,MalloZup,1,1,pr,high
kubernetes,kubernetes,89082,"IntStr GetValueFromIntOrPercent assumes all strings are percentages",2788,4,2020-03-12T12:06:33Z,2020-10-06T03:00:20Z,18,1,207,renatoviana12,1,1,pr,high
kubernetes,kubernetes,94602,"core v1 Event API needs improvement?",1333,4,2020-09-08T04:01:05Z,2020-10-05T13:23:06Z,17,1,27,yashvardhan-kukreja,1,1,pr,high
kubernetes,kubernetes,94240,"write unit tests for azure_storageaccount.go",450,5,2020-08-26T02:57:41Z,2020-09-29T04:31:25Z,8,1,34,antcs,1,1,pr,high
kubernetes,kubernetes,94499,"Feature gate ExternalPolicyForExternalIP is GA - when does it get removed?",69,4,2020-09-03T22:58:46Z,2020-09-16T19:35:21Z,11,1,12,knabben,15,0,pr,high
kubernetes,kubernetes,94497,"Feature gate SupportIPVSProxyMode is GA - when does it get removed?",69,6,2020-09-03T22:58:41Z,2020-09-10T02:35:45Z,9,1,6,tangwz,1,1,pr,high
kubernetes,kubernetes,93608,"Support for --register-with-taints in kubemark hollow-kubelet args",640,4,2020-07-31T17:02:25Z,2020-09-07T08:33:42Z,9,1,37,kshitijcode,1,1,pr,high
kubernetes,kubernetes,93949,"Analytics link not working in main README.md",434,5,2020-08-12T22:16:22Z,2020-09-03T13:16:10Z,10,1,21,avr1254,1,1,pr,high
kubernetes,kubernetes,72158,"Update docs to indicate that API values of []byte are always base64-encoded",644,4,2018-12-18T15:45:46Z,2020-08-29T21:36:41Z,24,1,620,SgtCoDFish,0,1,pr,medium
kubernetes,kubernetes,81121,"Port parsing can overflow (TOB-K8S-015: Overflows when using strconv.Atoi and downcasting the result)",7259,9,2019-08-08T02:03:36Z,2020-08-28T18:36:38Z,26,1,386,thockin,1410,0,pr,medium
kubernetes,kubernetes,93662,"Cleanup wait forever loops in pv_controller_test.go",663,4,2020-08-03T20:05:26Z,2020-08-28T15:04:18Z,4,1,24,zhouya0,41,0,pr,high
kubernetes,kubernetes,92996,"Add unit test for `pkg/kubelet/util/util_unix.go#GetAddressAndDialer`",1136,4,2020-07-11T23:38:18Z,2020-08-28T13:36:05Z,7,1,47,FreeZhang61,1,1,pr,high
kubernetes,kubernetes,91313,"Add unit test coverage for `pkg/kubelet/types/pod_update.go`",921,4,2020-05-21T00:21:49Z,2020-08-28T00:55:00Z,7,1,99,knabben,14,0,pr,high
kubernetes,kubernetes,68712,"API docs for job status should clearly explain what fields indicate success or failure",2353,5,2018-09-15T19:55:55Z,2020-08-27T08:19:03Z,23,1,711,somtochiama,4,0,pr,high
kubernetes,kubernetes,93965,"isNodeConditionSetAsExpected code duplicated, needs comments",375,4,2020-08-13T15:45:41Z,2020-08-18T12:04:41Z,5,1,4,,,,,
kubernetes,kubernetes,93744,"scheduler PreFilter NodePorts plugins  clean up getContainerPorts Loop  naming ",1022,4,2020-08-06T09:13:44Z,2020-08-12T02:40:53Z,5,1,5,,,,,
kubernetes,kubernetes,92672,"Get Kubelet address from kubelet config during node e2e tests",934,4,2020-07-01T01:13:25Z,2020-07-09T16:09:29Z,4,1,8,knabben,13,0,pr,high
kubernetes,kubernetes,92561,"Typo of PercentageOfNodesToScore",472,3,2020-06-26T23:53:29Z,2020-07-02T18:44:55Z,5,1,5,satishbellapu,1,1,pr,medium
kubernetes,kubernetes,91994,"Renaming DefaultPodTopologySpread plugin",583,4,2020-06-10T17:38:22Z,2020-06-30T01:34:59Z,15,1,19,rakeshreddybandi,1,1,pr,high
kubernetes,kubernetes,79523,"Support UDP with AWS NLB",746,5,2019-06-28T11:24:38Z,2020-06-25T04:40:37Z,54,1,362,kishorj,1,1,pr,high
kubernetes,kubernetes,90208,"Fix staticcheck failures",3682,4,2020-04-16T13:34:41Z,2020-06-23T02:11:09Z,9,1,67,tangcong,5,0,pr,medium
kubernetes,kubernetes,91944,"imagePullPolicy when defined without a value defaults to Always not to IfNotPresent ",769,4,2020-06-09T12:45:14Z,2020-06-20T05:44:40Z,8,1,10,rvmzes,0,1,pr,high
kubernetes,kubernetes,92320,"Rename NodeImageWhiteList",649,5,2020-06-19T19:40:44Z,2020-06-20T04:52:23Z,7,1,0,wfernandes,0,1,pr,high
kubernetes,kubernetes,91404,"API-server repair considers ports with same port number but different protocols as same",1820,4,2020-05-25T08:17:14Z,2020-06-16T01:14:11Z,14,1,21,knight42,13,0,pr,high
kubernetes,kubernetes,91165,"EnvVarSource doc was wrong",1255,5,2020-05-16T12:11:43Z,2020-05-19T07:51:41Z,4,1,2,wawa0210,17,0,pr,high
kubernetes,kubernetes,90632,"Incomplete list of operations for admission webhook",1179,4,2020-04-30T04:50:38Z,2020-05-09T01:27:53Z,6,1,8,helenfeng737,0,1,pr,high
kubernetes,kubernetes,86547,"It's impossible to restart master in private clusters created via kube-up (provider GCE)",579,5,2019-12-23T10:13:20Z,2020-04-24T16:38:08Z,8,1,123,bartekzurawski,1,1,pr,high
kubernetes,kubernetes,89960,"Human readable duration formats exact year inconsistently",1951,4,2020-04-08T14:09:11Z,2020-04-18T00:23:37Z,20,1,9,bitscuit,2,1,pr,high
kubernetes,kubernetes,27744,"Log version/build info as the first line of every glog log from every binary",157,6,2016-06-21T00:54:59Z,2020-04-17T01:01:53Z,37,1,1396,mml,134,0,pr,medium
kubernetes,kubernetes,88738,"Missing validation for HPA annotation",2424,5,2020-03-02T19:08:06Z,2020-04-09T21:15:49Z,19,1,38,liggitt,1352,0,pr,high
kubernetes,kubernetes,77024,"Remove dependency on ghodss/yaml",903,5,2019-04-24T19:55:56Z,2020-04-09T03:57:44Z,18,1,350,rohitsardesai83,1,1,pr,medium
kubernetes,kubernetes,89265,"kube-proxy should treat failure to bind to a port as fatal",552,4,2020-03-19T18:14:05Z,2020-04-09T01:29:53Z,5,1,20,SataQiu,232,0,pr,medium
kubernetes,kubernetes,89458,"Inaccurate logging when RBAC Authorizer returns DecisionNoOpinion",1410,3,2020-03-25T03:59:45Z,2020-04-08T20:37:45Z,5,1,14,gauravsofat,1,1,pr,high
kubernetes,kubernetes,34059,"destroy the ""Expect(err).NotTo(HaveOccurred())"" anti-pattern in e2e tests",924,9,2016-10-04T22:54:15Z,2020-03-31T20:09:29Z,45,1,1273,vikramk7,1,1,pr,high
kubernetes,kubernetes,69896,"Remove hyperkube short aliases",859,5,2018-10-16T20:57:48Z,2019-05-08T11:54:35Z,23,1,203,dims,303,0,pr,high
kubernetes,kubernetes,79209,"Connect lower level traces to surrounding request handling trace",2838,5,2019-06-20T04:29:09Z,2020-02-11T04:19:29Z,24,1,235,jpbetz,97,0,pr,medium
kubernetes,kubernetes,66766,"kube-proxy: node-port ipv6 port open on v4 cluster ",2466,5,2018-07-30T10:02:00Z,2020-02-14T07:54:18Z,23,1,563,michaelbeaumont,1,1,pr,high
kubernetes,kubernetes,75191,"FC Plugin Support for Mount Options",1129,4,2019-03-08T16:43:37Z,2020-02-07T13:55:57Z,20,1,335,ejweber,1,1,pr,high
kubernetes,kubernetes,70421,"change service port with aws nlb ，old security group rules not deleted",2040,6,2018-10-30T11:24:49Z,2020-01-24T11:25:58Z,17,1,451,,,,,
kubernetes,kubernetes,72915,"build/run.sh hangs on stopping rsync container ",4513,4,2019-01-15T13:15:50Z,2020-01-16T10:18:47Z,18,1,365,,,,,
kubernetes,kubernetes,79832,"Different Webhook with same name have same label-value in metric webhook_admission_duration_seconds",1236,6,2019-07-05T10:23:32Z,2019-12-12T04:29:27Z,14,1,159,,,,,
kubernetes,kubernetes,73360,"kube-proxy: ipv4/ipv6 mix crashes: KUBE-MARK-DROP':No such file or directory",2499,3,2019-01-26T23:07:38Z,2019-11-09T22:13:22Z,15,1,286,,,,,
kubernetes,kubernetes,73527,"Creating selectors is expensive in EndpointsController",1241,7,2019-01-30T13:44:55Z,2019-11-07T02:47:02Z,23,1,280,gongguan,0,1,pr,high
kubernetes,kubernetes,83458,"Scheduler cache.GetNodeInfo should return IsNotFound error if applicable",1208,4,2019-10-03T16:37:18Z,2019-10-22T04:12:00Z,13,1,18,phiremande,1,1,pr,high
kubernetes,kubernetes,83085,"Azure File Premium Persistent Volume fails due to HTTP 400 error",4560,5,2019-09-24T20:57:32Z,2019-10-22T01:34:17Z,10,1,27,,,,,
kubernetes,kubernetes,83464,"Change scheduler pod_preemption_victims from Gauge to Histogram",351,4,2019-10-03T19:27:59Z,2019-10-11T17:53:44Z,6,1,7,Tabrizian,1,1,pr,high
kubernetes,kubernetes,67777,"HPA metrics client assumes all resources are namespaced",460,5,2018-08-23T17:39:36Z,2019-10-06T10:27:46Z,29,1,408,,,,,
kubernetes,kubernetes,81526,"Many links in API documentation broken",843,4,2019-08-16T19:09:15Z,2019-10-03T13:11:53Z,15,1,47,lblackstone,1,1,pr,medium
kubernetes,kubernetes,75491,"Remove make-symlink parameter in hyperkube in 1.16",98,4,2019-03-20T01:00:24Z,2019-07-11T17:09:09Z,8,1,113,Pothulapati,1,1,pr,high
kubernetes,kubernetes,83244,"[framework] a consistent interface for plugin extended functionality",1863,4,2019-09-27T13:41:09Z,2019-10-01T20:01:13Z,13,1,4,notpad,1,1,pr,high
kubernetes,kubernetes,15636,"decouple dbus and iptables",91,5,2015-10-14T15:55:13Z,2019-09-17T17:58:04Z,14,1,1434,danwinship,68,0,pr,high
kubernetes,kubernetes,62185,"clients: port exec-based client auth provider to non go-lang clients",654,8,2018-04-06T00:23:13Z,2019-09-10T21:39:50Z,17,1,522,naumvd95,0,1,pr,medium
kubernetes,kubernetes,15863,"Cleanup: Audit log and error capitalization",204,5,2015-10-19T18:18:22Z,2019-08-26T08:23:43Z,37,1,1406,wangyx1992,0,1,pr,high
kubernetes,kubernetes,50564,"Sign error in comment on resource.ScaledValue",1209,5,2017-08-13T03:52:51Z,2019-08-08T17:03:33Z,32,1,725,josiahbjorgaard,1,1,pr,high
kubernetes,kubernetes,79835,"Remove panic in staging/src/k8s.io/apiserver/pkg/storage/etcd3/store.go",321,4,2019-07-05T10:55:33Z,2019-07-06T10:30:35Z,5,1,0,caohe,1,1,pr,high
kubernetes,kubernetes,77273,"test/soak/cauldron uses Docker Hub to push/pull image",804,5,2019-04-30T17:44:27Z,2019-05-07T04:32:19Z,1,1,6,rusik69,0,1,pr,high
kubernetes,kubernetes,68231,"update doc.go in staging/ repositories",1366,5,2018-09-04T15:57:47Z,2019-06-29T11:41:23Z,12,1,297,brsmsn,1,1,pr,high
kubernetes,kubernetes,78285,"kube-proxy depricated flags are misorganized",354,7,2019-05-24T08:42:24Z,2019-05-29T12:33:30Z,6,1,5,zanetworker,2,1,pr,high
kubernetes,kubernetes,69904,"Add volume test cases for Windows",915,4,2018-10-17T00:23:42Z,2019-05-08T20:28:19Z,15,1,203,vyta,17,0,pr,medium
kubernetes,kubernetes,75567,"Add-On manager should not be creating kube-system namespace",916,4,2019-03-21T23:36:08Z,2019-04-15T18:46:40Z,10,1,24,hprateek43,1,1,pr,high
kubernetes,kubernetes,68201,"Upate import-boss restrictions ",1985,4,2018-09-03T23:30:51Z,2019-04-13T22:34:47Z,18,1,221,mkenigs,1,1,pr,medium
kubernetes,kubernetes,71016,"Update golang.org/x/net/http2 vendored files",166,2,2018-11-14T01:03:50Z,2019-03-19T12:02:10Z,11,1,125,dims,292,0,pr,high
kubernetes,kubernetes,58640,"Manifests in test/e2e/testing-manifests/ingress related to GCE should be in a separate folder.",68,4,2018-01-22T23:34:27Z,2019-03-13T17:39:36Z,13,1,414,vllry,11,0,pr,high
kubernetes,kubernetes,55219,"Literal ""$Format"" in API server logs",1074,5,2017-11-07T07:53:39Z,2019-03-09T11:55:18Z,31,1,487,,,,,
kubernetes,kubernetes,73327,"Need NodePort test for mixed-OS clusters",2827,4,2019-01-25T19:46:03Z,2019-03-07T14:35:06Z,21,1,40,brusMX,1,1,pr,high
kubernetes,kubernetes,70588,"[RFE] Allow to override default AWS endpoint",1672,3,2018-11-02T15:45:12Z,2019-01-29T20:49:51Z,10,1,88,ampsingram,11,0,pr,high
kubernetes,kubernetes,69776,"Updating vendored dependencies for Kubernetes 1.13",12533,3,2018-10-13T23:37:01Z,2018-11-08T20:01:28Z,22,1,25,ash2k,57,0,pr,medium
kubernetes,kubernetes,73882,"1000s of warnings: FindExpandablePluginBySpec err:no volume plugin matched",1977,3,2019-02-10T00:33:13Z,2019-02-20T07:20:42Z,1,1,10,danielqsj,63,0,pr,high
kubernetes,kubernetes,73361,"Replace kubernetes/pkg/util/net/sets with code in k8s.io/utils/net/",353,2,2019-01-26T23:50:55Z,2019-02-04T19:43:15Z,2,1,8,ashishranjan738,1,1,pr,high
kubernetes,kubernetes,73385,"Replace kubernetes/pkg/util/strings with k8s.io/utils/tree/master/strings",339,2,2019-01-28T03:52:18Z,2019-02-02T01:40:14Z,4,1,4,danielqsj,45,0,pr,medium
kubernetes,kubernetes,73384,"Replace kubernetes/pkg/util/keymutex with k8s.io/utils/tree/master/keymutex",342,2,2019-01-28T03:50:03Z,2019-01-31T17:56:20Z,2,1,3,danielqsj,45,0,pr,high
kubernetes,kubernetes,71866,"[scheduler cleanup phase 2]: Move predicate and priority registration into their own packages",1308,4,2018-12-07T23:29:13Z,2018-12-22T18:39:42Z,14,1,14,bhavin192,1,1,pr,high
kubernetes,kubernetes,71867,"[scheduler cleanup phase 2]: Move compatibility_test.go to `pkg/scheduler/api`",654,5,2018-12-07T23:29:15Z,2018-12-21T06:39:10Z,9,1,13,huynguyennovem,0,1,pr,high
kubernetes,kubernetes,70198,"Add an impersonation test case to the audit E2E test",278,6,2018-10-24T18:53:48Z,2018-12-18T20:30:12Z,18,1,55,dczombera,1,1,pr,high
kubernetes,kubernetes,70145,"Some commands do not show glog flags",1003,3,2018-10-23T20:58:36Z,2018-11-23T03:55:41Z,9,1,30,imjching,4,0,pr,medium
kubernetes,kubernetes,69011,"Use http.Error() instead of writing responses directly",1313,5,2018-09-24T21:49:13Z,2018-10-23T22:31:55Z,1,1,29,ibrasho,3,0,pr,high
kubernetes,kubernetes,68964,"[scheduler cleanup phase 1]: Simplify kube-scheduler’s server.go `run`",762,4,2018-09-21T22:13:45Z,2018-09-27T14:18:11Z,2,1,5,shubheksha,3,0,pr,high
kubernetes,kubernetes,68235,"master/staging/README.md is out of date",212,4,2018-09-04T16:45:40Z,2018-09-18T01:03:55Z,7,1,13,stantonxu,2,1,pr,high
pytorch,pytorch,135954,"Torch Inductor Windows Path Escape Characters",25578,5,2024-09-13T03:58:57Z,2025-09-17T23:39:43Z,10,1,369,ghostspiders,7,0,commit,medium
pytorch,pytorch,142306,"Improve typing of args and kwargs with ParamSpec",1092,4,2024-12-07T17:35:45Z,2025-09-07T18:06:06Z,11,1,274,yijun-lee,1,1,commit,medium
pytorch,pytorch,161080,"torch.export fails for expand_copy when implicit=True",718,4,2025-08-20T19:28:20Z,2025-09-04T18:16:59Z,6,1,14,albertw7711,1,1,commit,medium
pytorch,pytorch,147842,"[inductor] `torch.slice_scatter` throws `AssertionError` when meeting internal `float32`",1817,4,2025-02-25T11:25:00Z,2025-09-02T01:08:29Z,9,1,188,ghostspiders,6,0,commit,medium
pytorch,pytorch,152952,"Remove redundant type aliases of _device for torch.Device",317,3,2025-05-06T14:55:21Z,2025-08-21T00:22:45Z,11,1,106,grantinator,1,1,commit,medium
pytorch,pytorch,159399,"HAS_CUDA in the inductor tests is really HAS_CUDA_AND_TRITON",229,5,2025-07-29T18:58:04Z,2025-08-08T15:44:55Z,9,1,9,ghostspiders,3,0,commit,medium
pytorch,pytorch,152280,"Update `torch/nn/modules/conv.py` to use Literal for support padding modes",486,4,2025-04-27T15:36:16Z,2025-07-25T23:05:05Z,9,1,89,PyDevC,1,1,commit,medium
pytorch,pytorch,157474,"[AOTI] Unit test for testing load_state_dict and",1368,5,2025-07-02T17:30:37Z,2025-07-15T21:17:27Z,4,1,13,dsashidh,4,0,commit,medium
pytorch,pytorch,103194,"[inductor] test_fft_real_inputs fails with dynamic shapes",3571,5,2023-06-07T20:08:07Z,2025-07-11T03:45:16Z,3,1,764,,,,,
pytorch,pytorch,60531,"Enhanced torch.chunk and torch.split ",3198,3,2021-06-23T11:33:26Z,2025-07-03T10:21:08Z,20,1,1470,,,,,
pytorch,pytorch,141262,"Use expecttest in test_compiled_optimizers.py",358,6,2024-11-21T18:55:19Z,2025-06-27T06:29:53Z,11,1,217,zeshengzong,105,0,commit,medium
pytorch,pytorch,136075,"torch._dynamo.exc.Unsupported: builtin: bool [<class 'torch._dynamo.variables.tensor.SymNodeVariable'>] False",665,6,2024-09-14T04:47:47Z,2025-06-23T15:53:18Z,7,1,282,StrongerXi,125,0,commit,medium
pytorch,pytorch,115992,"Please implement the batching rule for torch.matrix_exp.",820,4,2023-12-17T06:37:30Z,2025-06-18T17:35:39Z,8,1,549,b-vitamins,1,1,commit,medium
pytorch,pytorch,155718,"[cutlass backend] Add cutlass 3x support ops config to control which ops to do cutlass lowerings on",1003,5,2025-06-11T16:44:21Z,2025-06-14T08:19:56Z,2,1,2,penknife6153,2,1,commit,medium
pytorch,pytorch,155307,"[inductor] Improve GEMM loggings for torch.bmm",1702,5,2025-06-06T03:10:53Z,2025-06-11T16:57:43Z,3,1,5,penknife6153,1,1,commit,medium
pytorch,pytorch,138412,"`_amp_foreach_non_finite_check_and_unscale_` can be torch.compiled inside torch.amp, but not in identical code outside it",16108,5,2024-10-20T03:37:35Z,2025-06-03T18:18:44Z,9,1,226,StrongerXi,123,0,commit,medium
pytorch,pytorch,153298,"Cleanup autotune_fallback_to_aten post-deprecation",709,4,2025-05-10T00:04:47Z,2025-05-29T20:30:01Z,14,1,19,joaquinmartis,1,1,commit,medium
pytorch,pytorch,153392,"[inductor] Make precompilation_timeout_seconds into a config instead of hardcoded it as 3600",692,5,2025-05-12T17:52:24Z,2025-05-22T06:44:04Z,11,1,9,noor-malaika,1,1,commit,medium
pytorch,pytorch,153646,"[dynamo, logging] Move extra graph_code logging to a verbose artifact",3478,5,2025-05-15T18:48:25Z,2025-05-21T18:32:02Z,3,1,5,deyshift,1,1,commit,medium
pytorch,pytorch,130557,"Dynamo set impl. does not support `intersection(...)` method",837,6,2024-07-11T18:02:16Z,2024-07-14T10:44:28Z,4,1,2,awayzjj,4,0,commit,medium
pytorch,pytorch,81075,"[ONNX] Support opset 17 operators",761,5,2022-07-08T00:47:14Z,2023-11-06T20:50:53Z,31,1,486,1-800-BAD-CODE,0,1,pr,medium
pytorch,pytorch,152847,"Clean up CUTLASS_VERSION post cutlass version update",362,5,2025-05-05T18:25:03Z,2025-05-08T08:32:36Z,4,1,2,narekmalk,1,1,commit,medium
pytorch,pytorch,150850,"[BE] Add FrozenOrderedSet",293,4,2025-04-08T15:12:44Z,2025-04-17T14:06:30Z,6,1,8,,,,,
pytorch,pytorch,133253,"Triton tl.reinterpret is not Dynamo traceable",5688,5,2024-08-12T18:56:09Z,2025-03-31T18:14:44Z,11,1,230,Lazarus42,1,1,pr,high
pytorch,pytorch,144607,"broken `torch.compile` with `""meta""` device tensors",7259,6,2025-01-11T05:10:15Z,2025-03-28T15:14:34Z,9,1,76,,,,,
pytorch,pytorch,149572,"Cleanup ctx manager state management",573,5,2025-03-19T22:56:16Z,2025-03-25T17:54:54Z,1,1,5,,,,,
pytorch,pytorch,135087,"[export] _fft_r2c does not support dynamic shapes",17171,5,2024-09-04T03:25:56Z,2025-01-27T04:26:06Z,10,1,145,ezyang,3282,0,commit,medium
pytorch,pytorch,136481,"dataclasses.replace not supported by dynamo",9295,5,2024-09-23T22:39:48Z,2025-03-05T18:15:51Z,2,1,162,,,,,
pytorch,pytorch,133637,"Very large memory increase when combining bfloat16 autocast with torch.compile",5622,6,2024-08-15T22:06:42Z,2025-02-28T05:34:09Z,9,1,196,,,,,
pytorch,pytorch,147627,"Enforce full FIPS compliance with hashlib - ruff rule S324 on python 3.9+",1253,5,2025-02-21T15:07:50Z,2025-02-25T18:27:36Z,0,1,4,zeshengzong,56,0,commit,medium
pytorch,pytorch,147236,"Enforce FIPS compliance on Pytorch on python 3.9+",768,5,2025-02-14T23:22:43Z,2025-02-20T20:13:28Z,10,1,5,dtrifiro,1,1,pr,medium
pytorch,pytorch,136862,"Cleanup stale Dynamo feature flags",2549,5,2024-09-27T15:17:10Z,2024-12-31T09:27:45Z,13,1,94,vinayak912002,1,1,commit,medium
pytorch,pytorch,144717,"assert size/strides for fallback kernel",2137,5,2025-01-13T23:19:17Z,2025-02-07T18:44:35Z,2,1,24,shunting314,195,0,commit,medium
pytorch,pytorch,133157,"RuntimeError: ""fill_empty_deterministic_"" not implemented for 'ComplexHalf'",356,2,2024-08-10T02:19:07Z,2024-10-10T01:21:35Z,7,1,60,wenqiny,1,1,commit,medium
pytorch,pytorch,131654,"torch.export.save doesn't support torch.float8_e4m3fn dtype",7862,3,2024-07-24T14:49:04Z,2025-01-14T17:03:20Z,6,1,174,,,,,
pytorch,pytorch,133394,"PT2: Split with zero size tensor and 0 results in View operation returned a tensor that is the same as the input base tensor",2650,4,2024-08-14T01:53:58Z,2025-01-09T23:36:01Z,4,1,148,,,,,
pytorch,pytorch,112532,"[Tracking] Follow ups for itertools infinite iterators",984,6,2023-10-31T21:11:07Z,2024-12-18T23:29:16Z,6,1,414,,,,,
pytorch,pytorch,120503,"make it clearer (in docs) one can double decorate with torch.library.impl_* APIs",25,3,2024-02-23T18:06:22Z,2024-12-17T15:14:01Z,1,1,297,jackson-tsang578,1,1,commit,medium
pytorch,pytorch,142380,"Add a bash script linter for -o pipefail",294,3,2024-12-09T16:40:54Z,2024-12-12T06:18:44Z,3,1,2,Grove-YJX,2,1,commit,medium
pytorch,pytorch,135127,"ban native ops from having python reserved kwargs as names",36,3,2024-09-04T18:12:35Z,2024-11-22T07:44:52Z,5,1,78,ishon19,2,1,commit,medium
pytorch,pytorch,137179,"dynamic shapes: as_strided() on non-size-like int doesn't infer size-like",2906,5,2024-10-02T15:25:49Z,2024-11-22T04:51:51Z,9,1,50,,,,,
pytorch,pytorch,105519,"aten.bernoulli.p is missing in core aten IR opset but does not get decomposed",4759,5,2023-07-19T06:18:20Z,2024-11-20T19:53:00Z,2,1,490,zero000064,3,0,commit,medium
pytorch,pytorch,109504,"[dynamo] torch._dynamo.exc.Unsupported: comparison SymNodeVariable() <built-in function is_> ListVariable()",482,5,2023-09-18T15:25:02Z,2024-11-19T00:19:36Z,9,1,427,StrongerXi,37,0,commit,medium
pytorch,pytorch,137380,"[dynamo] filter graph breaks on infinite iterators and also does not return a filter object",735,6,2024-10-04T22:57:36Z,2024-11-12T17:32:59Z,8,1,38,shink,40,0,commit,medium
pytorch,pytorch,118072,"Dynamo: assert ""source"" in options and options[""source""] is not None for default_generator.set_state call",30201,7,2024-01-23T05:24:21Z,2024-11-12T00:01:06Z,9,1,293,,,,,
pytorch,pytorch,126268,"```FlopCounterMode``` returns 0 when inference mode is on during forwardpropagation.",7362,4,2024-05-15T07:48:53Z,2024-11-09T03:13:55Z,11,1,177,Feuermagier,1,1,commit,medium
pytorch,pytorch,124738,"`torch.autocast` produces confusing error message when passing `torch.device`",2053,5,2024-04-23T16:17:00Z,2024-04-28T16:27:34Z,4,1,5,alat-rights,1,1,commit,medium
pytorch,pytorch,137159,"Env var to shut up ""for more info run with TORCHDYNAMO_EXTENDED_DEBUG_CREATE_SYMBOL""",163,4,2024-10-02T03:16:40Z,2024-11-01T06:43:28Z,0,1,30,andrasmatyassy,1,1,commit,medium
pytorch,pytorch,131040,"Create the pages which explain `torch.nan` and `torch.inf` in the doc",412,4,2024-07-18T15:35:10Z,2024-10-31T05:46:49Z,3,1,104,nluu175,1,1,commit,medium
pytorch,pytorch,129690,"[torch.export] Simple model fails to export with dynamic shapes",8483,2,2024-06-27T19:31:23Z,2024-10-30T23:50:26Z,6,1,125,cz2h,1,1,commit,medium
pytorch,pytorch,138150,"torch.cond should support omitting arguments to pass in when it is empty",1454,5,2024-10-17T02:28:22Z,2024-10-26T15:26:24Z,3,1,9,shink,35,0,commit,medium
pytorch,pytorch,137186,"`nn.Transformer().generate_square_subsequent_mask()` doesn't care `set_default_device()` and `set_default_dtype()`",1468,4,2024-10-02T15:58:24Z,2024-10-10T03:10:03Z,4,1,7,FinlaySanders,1,1,commit,medium
pytorch,pytorch,103615,"Can't call allow_in_graph inside of a function being torch.compile'd ",938,5,2023-06-14T19:22:04Z,2024-10-08T22:48:41Z,3,1,482,DuyguA,2,1,commit,medium
pytorch,pytorch,135584,"aot compile failed with ""TypeError:arg is neither SymInt/int nor torch.Tensor, None"" when run with TORCH_COMPILE_DEBUG=1",3019,4,2024-09-10T16:36:47Z,2024-10-04T00:25:09Z,6,1,23,,,,,
pytorch,pytorch,135439,"`torch._dynamo.exc.Unsupported: torch.* op returned non-Tensor bool call_method is_inference`",30481,4,2024-09-08T15:23:50Z,2024-09-27T09:15:10Z,10,1,18,SalmanMohammadi,1,1,pr,medium
pytorch,pytorch,136524,"[ONNX] Support `operator.mod`",298,5,2024-09-24T11:59:08Z,2024-09-27T01:20:05Z,25,1,2,bhack,7,0,pr,medium
pytorch,pytorch,135880,"The order of the parameters of `nn.Conv1d()`, `nn.Conv2d()` and `nn.Conv3d()` should be explained in the actual order of the parameters.",4602,5,2024-09-12T18:34:14Z,2024-09-27T01:05:24Z,3,1,14,pytorchbot,1,1,pr,medium
pytorch,pytorch,127049,"[dynamo] Fake tensor impl for Tensor.add_ not checking for errors",3156,4,2024-05-24T01:39:28Z,2024-09-19T03:09:39Z,11,1,118,DuyguA,1,1,commit,medium
pytorch,pytorch,93553,"Better error message when attempting to `torch.save` an optimized model",1343,5,2022-10-20T02:30:44Z,2024-09-17T23:28:26Z,3,1,698,,,,,
pytorch,pytorch,135463,"Setting a wrong type value instead of a correct integer typed value to `in_features` or `out_features` argument of `nn.Linear()` gets indirect error messages",1678,6,2024-09-09T04:49:29Z,2024-09-12T21:28:39Z,6,1,3,sanskarmodi8,1,1,commit,medium
pytorch,pytorch,135436,"bitwise_xor  does not work for uint32",1471,3,2024-09-08T11:17:13Z,2024-09-11T20:48:55Z,3,1,3,malfet,1992,0,commit,medium
pytorch,pytorch,93701,"Replace same with TestCase assertEqual",546,6,2022-09-27T23:54:35Z,2024-09-10T21:13:53Z,4,1,713,,,,,
pytorch,pytorch,133766,"Add dynamo support to itertools.pairwise",509,5,2024-08-17T15:43:23Z,2024-09-10T11:38:01Z,5,1,23,torotoki,1,1,commit,medium
pytorch,pytorch,121374,"Pointer argument (at 1) cannot be accessed from Triton (cpu tensor?)",6904,6,2024-03-07T01:12:26Z,2024-08-08T03:42:23Z,11,1,154,FindHao,11,0,commit,medium
pytorch,pytorch,123451,"Update test_cuda.py and test_torch.py optim tests to use OptimizerInfo and optim_db",1850,5,2024-04-05T16:11:50Z,2024-08-28T16:34:08Z,16,1,145,gambiTarun,1,1,commit,medium
pytorch,pytorch,132222,"aten::bucketize.Scalar doesn't work in compile mode",5213,6,2024-07-31T09:59:23Z,2024-08-28T13:35:44Z,4,1,28,Lazarus42,1,1,commit,medium
pytorch,pytorch,133172,"NameError('math is not defined') - malformed Triton codegen with math.trunc",3443,5,2024-08-10T20:07:22Z,2024-08-15T16:38:29Z,2,1,4,isuruf,71,0,commit,medium
pytorch,pytorch,118230,"Add capturable single-tensor RAdam",506,6,2024-01-24T22:03:27Z,2024-03-13T01:28:33Z,3,1,48,,,,,
pytorch,pytorch,117836,"Support full graph compilation of single tensor (foreach=False) Adamax",947,7,2024-01-19T07:05:44Z,2024-03-13T01:28:42Z,3,1,53,,,,,
pytorch,pytorch,117807,"Supporting full graph compilation of RAdam",794,6,2024-01-19T00:10:44Z,2024-01-27T04:32:31Z,0,1,8,mlazos,136,0,commit,medium
pytorch,pytorch,131944,"Inconsistency between `torch.get_device` and `torch.Tensor.get_device` with `__torch_function__`",1718,5,2024-07-26T20:48:33Z,2024-08-04T04:26:31Z,4,1,8,exclamaforte,2,1,commit,medium
pytorch,pytorch,130087,"Calling id function on model param causes error or graph break for compile",6466,4,2024-07-04T03:12:20Z,2024-08-02T01:19:27Z,5,1,28,jerrychenhf,1,1,commit,medium
pytorch,pytorch,130301,"torch._dynamo.exc.Unsupported: builtin: str [<class 'torch._dynamo.variables.user_defined.UserDefinedObjectVariable'>] False",585,4,2024-07-09T00:31:49Z,2024-07-31T16:40:02Z,2,1,22,datagero,1,1,commit,medium
pytorch,pytorch,132054,"Fix the rest of pyi annotations in torch/_C/_distributed_c10d.pyi",651,3,2024-07-29T15:25:42Z,2024-07-30T13:52:34Z,1,1,0,ishon19,1,1,commit,medium
pytorch,pytorch,110315,"torch._dynamo.exc.Unsupported: unexpected sourceless type bases: (<class 'torchrec.streamable.Pipelineable'>,)",1104,7,2023-09-29T21:08:35Z,2024-07-26T21:06:29Z,5,1,300,Fidget-Spinner,8,0,commit,medium
pytorch,pytorch,129158,"Example usage for `convert_conv3d_weight_memory_format` does not work anymore",384,4,2024-06-20T19:04:30Z,2024-07-25T20:01:46Z,4,1,35,ashwanirathee,1,1,commit,medium
pytorch,pytorch,103602,"test_fstrings2 fails with dynamic",2763,5,2023-06-14T17:12:50Z,2024-07-25T16:16:36Z,11,1,406,ydwu4,161,0,commit,medium
pytorch,pytorch,118476,"logging errors for toy model with TORCH_COMPILE_DEBUG",8409,4,2024-01-27T22:06:28Z,2024-07-24T18:50:02Z,8,1,178,,,,,
pytorch,pytorch,123974,"Dynamo export: Missing support for list.reverse()",7176,4,2024-04-12T21:22:14Z,2024-04-17T23:33:35Z,5,1,5,amjames,47,0,commit,medium
pytorch,pytorch,98918,"pth name is garbled when there is Chinese character",3130,3,2023-04-12T07:30:33Z,2023-04-26T01:15:57Z,6,1,13,rob-guo,1,1,commit,medium
pytorch,pytorch,130554,"torch dynamo does not support `defaultdict(...)`.",613,6,2024-07-11T17:52:01Z,2024-07-15T22:23:36Z,4,1,4,alexcdennis,1,1,commit,medium
pytorch,pytorch,129403,"SymNode.__repr__ shouldn't be used for compilation output",606,3,2024-06-24T19:31:32Z,2024-07-12T18:31:25Z,9,1,17,bt2513,1,1,commit,medium
pytorch,pytorch,117026,"torch._dynamo.exc.InternalTorchDynamoError: ListIteratorVariable() has no type",31136,7,2024-01-09T07:10:19Z,2024-07-12T01:14:21Z,12,1,184,KumoLiu,0,1,pr,medium
pytorch,pytorch,112919,"Export + assume_constant_result does not work for top-level annotated function",1364,4,2023-11-03T22:01:44Z,2024-07-10T21:29:24Z,3,1,249,,,,,
pytorch,pytorch,129719,"aot_compile unintuitive error with make_fx graphs",6780,3,2024-06-27T23:38:26Z,2024-07-10T01:18:57Z,3,1,12,awayzjj,3,0,commit,medium
pytorch,pytorch,109610,"AsyncCompile loses useful exception backtrace in __get_result",3049,5,2023-09-19T15:31:58Z,2024-07-05T20:18:35Z,13,1,290,,,,,
pytorch,pytorch,110738,"Support using SymBool in arithmetics",715,4,2023-10-06T18:31:54Z,2024-07-05T19:43:07Z,11,1,273,drubinstein,0,1,pr,medium
pytorch,pytorch,127043,"[dynamo] Fake tensor impl for torch.addr not checking for errors",3276,4,2024-05-24T00:10:41Z,2024-07-02T09:20:51Z,3,1,39,awayzjj,2,1,commit,medium
pytorch,pytorch,122307,"ConstraintViolationError not thrown when constraining dynamic dim to static int",8091,4,2024-03-20T13:44:13Z,2024-06-27T22:33:35Z,6,1,99,zero000064,1,1,commit,medium
pytorch,pytorch,103111,"Turn on Inductor Max Pool2d Backward Lowering For Channels Last",1526,5,2023-06-06T21:38:52Z,2024-06-25T17:51:42Z,0,1,384,,,,,
pytorch,pytorch,112848,"[dynamo] nit - add `@torch.autocast` function decoration to the testing path",447,4,2023-11-03T13:37:36Z,2024-06-25T17:17:11Z,4,1,235,,,,,
pytorch,pytorch,103276,"Dynamo trouble shooting dead link",429,5,2023-06-08T22:22:52Z,2024-06-18T18:50:25Z,6,1,375,,,,,
pytorch,pytorch,127003,"[dynamo] Trace through invalid bool tensor operations properly",3078,4,2024-05-23T20:17:57Z,2024-06-17T13:41:17Z,7,1,24,ambareesh1510,1,1,commit,medium
pytorch,pytorch,110599,"[torch.compile] Multiple set operations don't work",732,6,2023-10-05T13:54:42Z,2024-06-11T14:04:57Z,5,1,250,,,,,
pytorch,pytorch,118156,"[dynamo] Missing guard for builtin callable",646,6,2024-01-24T01:17:12Z,2024-06-11T00:00:43Z,6,1,138,,,,,
pytorch,pytorch,75287,"[RFC] Consolidated and unified state_dict and load_state_dict hooks",5078,7,2022-04-05T22:31:35Z,2024-06-10T21:50:20Z,14,1,796,MaigoAkisame,3,0,pr,medium
pytorch,pytorch,58034,"Add a `descending` flag to `linalg.eigh` and `linalg.svd` ",525,5,2021-05-11T09:35:53Z,2024-05-30T18:13:24Z,10,1,1115,awmle,1,1,commit,medium
pytorch,pytorch,119588,"Bad error message for aten::_local_scalar_dense on meta tensor",743,9,2024-02-09T20:27:14Z,2024-05-30T00:50:32Z,5,1,110,Saadelkouari,1,1,commit,medium
pytorch,pytorch,103539,"torch.fx.passes.split_module.split_module doesn't support dynamic shapes",3426,3,2023-06-13T20:18:29Z,2024-05-29T23:14:06Z,5,1,351,,,,,
pytorch,pytorch,12728,"Add Tensor.nbytes() / `Tensor.itemsize()`",767,4,2018-10-16T21:53:46Z,2023-04-05T12:12:03Z,14,1,1631,bjhargrave,3,0,commit,medium
pytorch,pytorch,120998,"torch.compile fails with .view(dtype)",2198,5,2024-03-01T14:56:00Z,2024-03-15T19:33:34Z,28,1,14,tfiala,1,1,commit,medium
pytorch,pytorch,126026,"Graph break: Unsupported: torch.* op returned non-Tensor bool call_function <built-in function _is_any_autocast_enabled>",3278,5,2024-05-12T13:14:54Z,2024-05-15T03:16:16Z,0,1,2,yanboliang,252,0,commit,medium
pytorch,pytorch,114517,"Update error message on cache size exceeded to mention whether it's from `cache_size_limit` or `accumulated_cache_size_limit`",579,5,2023-11-24T19:18:18Z,2024-05-11T14:31:00Z,5,1,168,,,,,
pytorch,pytorch,31980,"repeat_interleave Performance Issue",1332,4,2020-01-09T04:57:29Z,2024-05-07T05:05:26Z,9,1,1580,,,,,
pytorch,pytorch,119210,"Non-strict export does not support tolist: RuntimeError: .tolist() is not supported for tensor subclasses, got FunctionalTensor",569,6,2024-02-05T18:46:15Z,2024-05-07T04:38:02Z,4,1,91,,,,,
pytorch,pytorch,125140,"torch._dynamo.exc.Unsupported: comparison AutogradFunctionVariable() <built-in function is_not> ConstantVariable(NoneType)",7920,5,2024-04-29T05:39:46Z,2024-04-30T04:04:24Z,1,1,0,,,,,
pytorch,pytorch,123317,"[Dynamo] Unsupported: missing: DELETE_SUBSCR",4712,4,2024-04-04T00:56:52Z,2024-04-25T22:07:28Z,5,1,21,arunppsg,9,0,commit,medium
pytorch,pytorch,85439,"`aminmax` will trigger INTERNAL ASSERT if input is empty on cuda",641,4,2022-09-21T21:21:54Z,2024-04-24T14:20:11Z,24,1,580,pmeier,139,0,pr,medium
pytorch,pytorch,124512,"`torch.histc` does not work with `torch.compile(dynamic=True)`",18813,4,2024-04-19T18:43:55Z,2024-04-23T00:25:06Z,4,1,3,nopperl,1,1,commit,medium
pytorch,pytorch,122771,"torch.nn.ChannelShuffle graph break due to unsupported shape inference",28912,4,2024-03-27T07:29:17Z,2024-04-11T10:07:22Z,4,1,15,Episkey0109,1,1,commit,medium
pytorch,pytorch,107006,"Apply fusion more aggressively in NAdam and Adagrad compilation",1155,5,2023-08-11T02:15:43Z,2024-04-09T10:40:11Z,7,1,242,,,,,
pytorch,pytorch,122937,"Inductor: aten.split_with_sizes.default: TypeError: Cannot convert symbols to int",2710,5,2024-03-29T03:33:10Z,2024-04-07T04:24:01Z,4,1,9,LamForest,6,0,commit,medium
pytorch,pytorch,119969,"Also attempt to match weaker conditions when replacing deferred runtime asserts",1535,4,2024-02-15T04:41:24Z,2024-03-28T12:51:12Z,2,1,42,,,,,
pytorch,pytorch,103169,"breakpoint() in torch.compile region behaves oddly",1251,4,2023-06-07T18:21:50Z,2024-03-23T02:48:14Z,2,1,289,,,,,
pytorch,pytorch,86446,"Improve FX naming for getitem calls",789,7,2022-10-07T04:23:20Z,2024-03-22T16:41:10Z,2,1,532,,,,,
pytorch,pytorch,86443,"Stack trace preservation should work on plain use of make_fx / AOTAutograd",1318,6,2022-10-07T04:08:05Z,2024-03-22T16:41:03Z,0,1,532,,,,,
pytorch,pytorch,121077,"Compiler warnings for `ForeachReduceOp.cu`",720,3,2024-03-02T16:04:58Z,2024-03-07T12:21:48Z,9,1,4,,,,,
pytorch,pytorch,118733,"[ONNX] Export wrong dtype for scalar constant in where",5702,3,2024-01-31T05:39:19Z,2024-03-04T19:27:33Z,2,1,33,fuscof-ibm,1,1,commit,medium
pytorch,pytorch,117058,"Torch leaks dlpack tensors that have a nullptr `data` pointer.",636,4,2024-01-09T20:34:17Z,2024-03-01T11:29:09Z,5,1,51,copybara-service,0,1,pr,medium
pytorch,pytorch,119543,"`Tensor.scatter_` unclear documentation",908,4,2024-02-09T11:54:06Z,2024-02-23T02:51:59Z,5,1,13,lancerts,15,0,commit,medium
pytorch,pytorch,117652,"dynamo + autograd.Function: dynamo doesn't model multiple `ctx.save_for_backward` calls.",1998,6,2024-01-17T15:50:27Z,2024-02-16T21:16:10Z,3,1,30,bdhirsh,392,0,commit,medium
pytorch,pytorch,119606,"`torch.set_float32_matmul_precision` doc issue wrt floating point formats",755,2,2024-02-09T23:26:24Z,2024-02-11T06:41:40Z,0,1,1,lancerts,9,0,commit,medium
pytorch,pytorch,119233,"Add a binding for Storage resizable",349,2,2024-02-05T22:00:43Z,2024-02-07T19:15:59Z,5,1,1,hkmatsumoto,2,1,commit,medium
pytorch,pytorch,119133,"`sdpa_kernel` context manager has wrong annotation and input sanitizing",629,3,2024-02-03T22:49:05Z,2024-02-06T07:33:26Z,2,1,2,ajbrent,1,1,commit,medium
pytorch,pytorch,113876,"Fine grained SymNode logging",1513,4,2023-11-16T16:39:10Z,2024-02-05T07:34:57Z,4,1,80,PrincipalsOffice,1,1,commit,medium
pytorch,pytorch,117563,"[dynamo] Bug in supporting ellipsis class",4308,5,2024-01-16T18:49:44Z,2024-02-01T07:25:16Z,4,1,15,,,,,
pytorch,pytorch,117556,"[dynamo] Support `callable` builtin on callable classes",3309,5,2024-01-16T18:27:55Z,2024-02-01T07:19:19Z,2,1,15,,,,,
pytorch,pytorch,104884,"[dynamo][higher_order_op] assert in check_kwargs leads to error instead of graph-break",416,4,2023-07-10T17:19:36Z,2024-01-31T21:41:54Z,2,1,205,,,,,
pytorch,pytorch,102339,"[Dynamo] Better graph-break message for unsupported ctx managers",1143,4,2023-05-26T05:48:21Z,2024-01-31T21:37:13Z,1,1,250,,,,,
pytorch,pytorch,117370,"KeyError: torch.complex128, KeyError: torch.complex32",1847,3,2024-01-12T16:27:17Z,2024-01-31T19:35:02Z,2,1,19,hodavand,1,1,commit,medium
pytorch,pytorch,103101,"Refactor mm_plus_mm to check conditions upfront",841,5,2023-06-06T19:38:21Z,2024-01-30T07:48:09Z,3,1,237,hgl71964,3,0,commit,medium
pytorch,pytorch,109266,"Add a unittest for ModuleWrapPolicy callable",371,4,2023-09-14T00:35:19Z,2024-01-25T17:40:10Z,4,1,133,bjhargrave,10,0,commit,medium
pytorch,pytorch,108621,"[inductor] Triton matmul templates should use reduced_precision_reduction flags",841,7,2023-09-06T03:14:18Z,2024-01-17T21:01:18Z,6,1,133,hgl71964,2,1,commit,medium
pytorch,pytorch,114527,"[debugging] Given a flag, `FakeTensor`s should store metadata about their creation stacktrace ",258,7,2023-11-25T04:10:08Z,2024-01-17T06:07:22Z,0,1,53,anabasalo,1,1,commit,medium
pytorch,pytorch,114179,"funccol collectives rewrite in dynamo does not work w/ kwargs",1010,5,2023-11-20T22:26:27Z,2024-01-17T03:50:32Z,4,1,57,lamroger,2,1,commit,medium
pytorch,pytorch,116581,"Inductor pattern matching percolate_tags is slow",380,5,2024-01-01T00:48:29Z,2024-01-12T07:52:35Z,6,1,11,anijain2305,203,0,commit,medium
pytorch,pytorch,115811,"Dynamo can't parse torch.rrelu or torch.nn.functional.rrelu",3699,5,2023-12-14T08:48:59Z,2024-01-12T05:32:16Z,1,1,28,aorenste,2,1,commit,medium
pytorch,pytorch,116463,"[dynamo] missing support for itertools.chain.from_iterable",932,4,2023-12-27T17:45:23Z,2024-01-05T15:14:25Z,5,1,8,hgl71964,1,1,commit,medium
pytorch,pytorch,115106,"ExportedProgram.run_decompistion creates mutated inputs and does not pass export verification",6405,2,2023-12-04T22:47:40Z,2024-01-03T05:04:29Z,4,1,29,sooryranga,1,1,commit,medium
pytorch,pytorch,112371,"Why is flake8 F821 disabled",521,3,2023-10-30T06:59:07Z,2024-01-01T08:40:52Z,4,1,63,Skylion007,140,0,commit,medium
pytorch,pytorch,113026,"ZeroDivisionError in torch.compile with torch.unfold_copy and Zero-Dimension Tensor",14944,3,2023-11-06T15:17:51Z,2023-11-09T17:25:42Z,2,1,3,lamroger,1,1,commit,medium
pytorch,pytorch,96456,"Shape Error when training HF deberta-base with Inductor",46540,5,2023-03-09T22:08:48Z,2023-12-12T00:48:06Z,13,1,277,,,,,
pytorch,pytorch,114676,"'SymFloat' object has no attribute 'is_integer'",7791,4,2023-11-28T09:19:34Z,2023-12-07T23:23:59Z,6,1,9,isuruf,16,0,commit,medium
pytorch,pytorch,114218,"math.radians with integer input creates a graph break for dynamic shapes",5150,4,2023-11-21T10:07:37Z,2023-11-30T14:12:04Z,9,1,9,vfdev-5,160,0,commit,medium
pytorch,pytorch,96459,"[torch.compile] Warning using BuiltinVariable.call_dict but not for {}",1952,4,2023-03-09T22:24:35Z,2023-11-28T00:49:36Z,9,1,263,,,,,
pytorch,pytorch,113198,"Different behaviour of pow(tensor, bool) for CPU vs CUDA",6056,5,2023-11-07T20:28:42Z,2023-11-22T22:57:42Z,9,1,15,pdrocaldeira,1,1,commit,medium
pytorch,pytorch,107970,"[Dynamo] Graph break on str arg to torch function",2254,4,2023-08-25T17:56:58Z,2023-09-07T21:22:28Z,5,1,13,ev-br,4,0,commit,medium
pytorch,pytorch,113894,"[Dynamo] [Python3.10] Missing support for strict=True kwargs in zip()",5281,4,2023-11-16T21:05:07Z,2023-11-22T08:48:58Z,2,1,5,jon-chuang,89,0,commit,medium
pytorch,pytorch,86808,"[MPS] Add support for aten::erfinv.out for MPS backend",397,3,2022-10-12T17:31:55Z,2023-11-21T22:30:24Z,9,1,405,,,,,
pytorch,pytorch,107595,"torch._dynamo.exc.Unsupported: call_method UserDefinedObjectVariable(defaultdict) items [] {}",289,4,2023-08-21T14:32:39Z,2023-11-14T19:14:10Z,5,1,85,rusty1s,5,0,pr,medium
pytorch,pytorch,105230,"Enable Mypy Checking in torch/_inductor",4019,4,2023-07-14T18:00:20Z,2023-11-02T17:28:07Z,7,1,110,ashok-kumar-kannan,2,1,commit,medium
pytorch,pytorch,106207,"dynamo struggles with list of tensor elements",996,3,2023-07-28T15:08:45Z,2023-10-31T18:44:11Z,1,1,95,jon-chuang,50,0,commit,medium
pytorch,pytorch,111776,"Add regex matching to Inductor all2all collective unit tests",1878,3,2023-10-23T03:09:31Z,2023-10-26T08:29:37Z,1,1,3,dshi7,3,0,commit,medium
pytorch,pytorch,110765,"Dynamo forward hooks registered before compile region (inlined) w/o tensor ops, don't respect is_compiling control flow",1452,3,2023-10-06T21:15:46Z,2023-10-25T19:27:23Z,3,1,18,jon-chuang,39,0,commit,medium
pytorch,pytorch,111222,"Test factory functions with layout=torch.strided",259,3,2023-10-13T18:35:53Z,2023-10-24T17:05:52Z,4,1,10,alhridoy,1,1,commit,medium
pytorch,pytorch,109056,"UserError: Can't call type() on generated custom object. Please use __class__ instead",1747,4,2023-09-11T19:50:40Z,2023-10-24T13:46:46Z,3,1,42,,,,,
pytorch,pytorch,109538,"[dynamo] torch._dynamo.exc.Unsupported: call_function BuiltinVariable(float) [TensorVariable()] {}",850,5,2023-09-18T20:52:38Z,2023-10-20T22:54:05Z,7,1,32,jon-chuang,28,0,commit,medium
pytorch,pytorch,105225," torch.matrix_exp Performance Issue - Extreme Slowness on GPU (3x slower than CPU)",6667,6,2023-07-14T15:51:54Z,2023-10-18T04:43:32Z,20,1,95,scruel,1,1,commit,medium
pytorch,pytorch,110286,"[dynamo] support itertools.repeat: call_function repeat in skip_files Builtin repeat, skip reason: filename is None",749,4,2023-09-29T15:55:05Z,2023-10-10T20:40:41Z,0,1,11,jon-chuang,21,0,commit,medium
pytorch,pytorch,109031,"torch._dynamo.exc.Unsupported: call_method ListVariable() index [ConstantVariable(str)] {}",3576,4,2023-09-11T16:48:09Z,2023-10-09T19:48:46Z,3,1,28,jon-chuang,19,0,commit,medium
pytorch,pytorch,109502,"[dynamo] torch._dynamo.exc.Unsupported: hasattr: ListVariable()",382,4,2023-09-18T15:20:09Z,2023-10-08T05:34:07Z,3,1,19,cdzhan,7,0,commit,medium
pytorch,pytorch,110712,"broken links for dynamo troubleshooting",518,4,2023-10-06T15:52:30Z,2023-10-07T04:15:23Z,1,1,0,dmage,0,1,pr,high
pytorch,pytorch,103620,"torch._dynamo.exc.Unsupported: call_function BuiltinVariable(all) [ListIteratorVariable()] {} in DynamicShapesReproTests.test_chunk_reformer_ff_dynamic_shapes",5340,3,2023-06-14T19:53:21Z,2023-10-04T07:59:33Z,6,1,111,Fidget-Spinner,5,0,commit,medium
pytorch,pytorch,109508,"[dynamo] torch._dynamo.exc.Unsupported: torch.* op returned non-Tensor dtype call_function <built-in method promote_types of type object at 0x7f7d9c202160>",370,5,2023-09-18T15:29:36Z,2023-10-02T15:20:43Z,1,1,13,cdzhan,5,0,commit,medium
pytorch,pytorch,109605,"[dynamo] We are not generating code for x**2 when x is an ndarray",870,4,2023-09-19T14:52:03Z,2023-09-28T13:11:14Z,4,1,8,Aashishthakur10,3,0,commit,medium
pytorch,pytorch,108904,"[Dynamo] Translate ""value in tensor"" into something more efficient",823,4,2023-09-08T20:54:05Z,2023-09-26T02:52:51Z,2,1,17,,,,,
pytorch,pytorch,84589,"Update DDP checkpoint documentation",551,4,2022-09-06T19:01:57Z,2023-09-25T22:54:31Z,3,1,384,andreigh,4,0,commit,medium
pytorch,pytorch,103618,"torch._dynamo.exc.Unsupported: torch.* op returned non-Tensor bool call_method is_contiguous on DynamicShapesFunctionTests.test_is_contiguous_memory_format_dynamic_shapes",3598,3,2023-06-14T19:48:24Z,2023-09-24T23:08:25Z,4,1,102,,,,,
pytorch,pytorch,107022,"Improve log1p(complex) speed/accuracy",489,4,2023-08-11T09:26:53Z,2023-09-21T22:18:00Z,0,1,41,,,,,
pytorch,pytorch,107856,"dynamo failed to handle ""isinstance"" builtin function with variable device",3296,5,2023-08-24T07:59:02Z,2023-09-18T02:20:49Z,1,1,24,Aashishthakur10,2,1,commit,medium
pytorch,pytorch,106064,"Should not print bytecode at warning logging level",5383,4,2023-07-26T18:41:05Z,2023-09-13T23:33:05Z,1,1,49,,,,,
pytorch,pytorch,106051,"`torch.conj()` slice assignment not working",3670,9,2023-07-26T17:26:53Z,2023-09-08T20:44:51Z,11,1,44,ezyang,2674,0,pr,medium
pytorch,pytorch,103480,"[Inductor] Inference Fuse Gelu ",1903,4,2023-06-13T01:56:58Z,2023-09-06T17:09:01Z,3,1,85,,,,,
pytorch,pytorch,107682,"Dynamo doesn't support itertools.accumulate",746,4,2023-08-22T12:30:22Z,2023-09-06T15:41:05Z,3,1,15,,,,,
pytorch,pytorch,106125,"torch.compile prevents access to the __dict__ attribute",11456,4,2023-07-27T08:48:20Z,2023-09-03T01:55:18Z,6,1,37,,,,,
pytorch,pytorch,97211,"Triangular solve fails on batches of matrices of size > (*, 524281)",700,5,2023-03-21T02:41:19Z,2023-08-31T21:31:29Z,5,1,163,,,,,
pytorch,pytorch,106407,"`Unsupported: call_method SizeVariable() numel [] {}` when compiling a function sampling from Categorical",11482,4,2023-08-01T20:49:50Z,2023-08-28T17:55:04Z,3,1,26,,,,,
pytorch,pytorch,89382,"Feature request: complex CUDA nn.silu()",881,7,2022-11-20T15:53:13Z,2023-08-19T06:57:16Z,5,1,271,FFFrog,20,0,commit,medium
pytorch,pytorch,96517,"Dynamo cannot reconstruct ConstantVariable",1962,3,2023-03-10T13:47:40Z,2023-08-14T19:30:43Z,8,1,157,,,,,
pytorch,pytorch,106175,"Use Shape Env Bounds in Inductor Bounds.by",1382,3,2023-07-27T22:47:22Z,2023-08-11T17:18:05Z,1,1,14,,,,,
pytorch,pytorch,93605,"Make the The Nop AOT Autograd Backend Free Input References",168,4,2022-11-02T20:17:29Z,2023-08-10T19:56:46Z,6,1,280,,,,,
pytorch,pytorch,64978,"ONNX export of torch.nn.functional.linear with weight dimension 1",10860,8,2021-09-14T09:48:49Z,2023-08-07T18:55:50Z,12,1,692,,,,,
pytorch,pytorch,106448,"Matmul between two meta 1D tensors should throw an error on miss-matched shaped",4074,4,2023-08-02T11:19:45Z,2023-08-04T18:34:42Z,3,1,2,bobby-palmer,1,1,commit,medium
pytorch,pytorch,104359,"Behaviour of `ScriptModule.save()`'s `f` parameter is undocumented",411,2,2023-06-28T17:36:12Z,2023-08-02T19:32:52Z,10,1,35,,,,,
pytorch,pytorch,105452,"not bug -- Suggestion of edit to RuntimeError from torch.solve() / torch.linalg.solve()",1236,4,2023-07-18T08:38:57Z,2023-07-20T10:48:13Z,3,1,2,franklinscudder,1,1,commit,medium
pytorch,pytorch,102857,"AttributeError when attempting  to remove inductor buffers twice",13183,5,2023-06-02T18:17:45Z,2023-07-19T06:00:39Z,6,1,46,mixarcid,1,1,commit,medium
pytorch,pytorch,104985,"torch.autograd.set_multithreading_enabled doesn't work as a function",610,4,2023-07-11T15:58:23Z,2023-07-18T16:55:47Z,11,1,7,poseljacob,1,1,commit,medium
pytorch,pytorch,103008,"Torch Dynamo Error when Eager-Compiling Detectron2-based Model",15124,5,2023-06-05T19:49:57Z,2023-07-17T23:53:04Z,10,1,42,anijain2305,163,0,commit,medium
pytorch,pytorch,97096,"Dynamo fails on bit shifts when dynamic=True",10527,4,2023-03-18T20:23:23Z,2023-06-24T16:50:58Z,7,1,97,,,,,
pytorch,pytorch,103892,"`torch.compile`: Error `Cannot call sizes() on tensor with symbolic sizes/strides` with dynamic shapes and `F.adaptive_max_pool1d`",11324,5,2023-06-20T15:45:46Z,2023-07-05T07:02:14Z,5,1,14,nkaretnikov,132,0,commit,medium
pytorch,pytorch,103545,"test_builtin_getitem regression",3381,3,2023-06-13T20:52:21Z,2023-06-28T13:13:14Z,1,1,14,cdzhan,4,0,commit,medium
pytorch,pytorch,96864,"[doc] linalg.ldl_factor : Shape of tensor `A` is rendered incorrectly",452,4,2023-03-15T17:48:07Z,2023-06-28T09:28:52Z,5,1,104,isdanni,5,0,commit,medium
pytorch,pytorch,98729,"torch.ops.aten.sym_size output error with negative diment",4782,4,2023-04-10T07:41:46Z,2023-06-26T01:21:52Z,8,1,76,,,,,
pytorch,pytorch,98287,"Proper error description for float resize dims in tv.transforms.Resize",3542,5,2023-04-04T09:04:07Z,2023-06-23T00:48:51Z,6,1,79,ryan597,1,1,commit,medium
pytorch,pytorch,100698,"[PT2] sum operator int32 compile+ eager backened fails ",8032,5,2023-05-05T08:46:59Z,2023-06-19T22:26:43Z,6,1,45,ekamiti,1,1,commit,medium
pytorch,pytorch,100854,"`torch.compile` raises DataDependentOutputException with `torch.autograd.set_detect_anomaly`",14789,4,2023-05-08T06:33:55Z,2023-06-14T20:24:49Z,13,1,37,,,,,
pytorch,pytorch,101979,"[dynamo] Dynamo struggles with dictionary of dictionaries of torch objects",1498,4,2023-05-22T16:03:03Z,2023-06-09T20:18:56Z,10,1,18,ysiraichi,69,0,commit,medium
pytorch,pytorch,101980,"[dynamo] Dynamo struggles with in-line dicts where keys are types",6354,4,2023-05-22T16:10:21Z,2023-06-08T07:16:22Z,1,1,16,tugsbayasgalan,126,0,commit,medium
pytorch,pytorch,102147,"indentation error in test_binary_ufuncs.py",2805,1,2023-05-24T04:11:06Z,2023-05-25T21:21:39Z,3,1,1,,,,,
pytorch,pytorch,99735,"ParameterDict breaks torch.compile",9611,4,2023-04-21T17:00:21Z,2023-05-23T20:28:56Z,3,1,32,,,,,
pytorch,pytorch,93384,"[pt2] exception when compiling `max_pool2d_with_indices`",21130,4,2023-01-31T18:54:26Z,2023-05-18T01:07:13Z,4,1,106,cdzhan,3,0,commit,medium
pytorch,pytorch,89914,"Functionalization should not compute reference output if it is not needed",742,4,2022-11-30T15:37:36Z,2023-05-12T15:32:31Z,4,1,162,,,,,
pytorch,pytorch,83486,"ProcessGroupNCCL work.wait() timeout not respected even for NCCL_BLOCKING_WAIT",450,5,2022-08-15T23:05:43Z,2023-05-10T03:07:55Z,1,1,267,cdzhan,2,1,commit,medium
pytorch,pytorch,100697,"[PT2] frexp out initialization causes assertion error if compiled and backed is ""eager""",4432,4,2023-05-05T08:35:37Z,2023-05-10T01:57:18Z,2,1,4,Bearnardd,1,1,commit,medium
pytorch,pytorch,99531,"Incorrect documentation/implementation of the new gate in GRU",2178,6,2023-04-19T14:37:55Z,2023-05-05T22:19:02Z,3,1,16,isdanni,4,0,commit,medium
pytorch,pytorch,97117,"Inconsistent behaviours when padding size is zero",5974,3,2023-03-19T23:39:22Z,2023-04-26T23:58:14Z,5,1,38,cdzhan,1,1,commit,medium
pytorch,pytorch,100076,"`torch.utils.data.DataLoader.__init__()` does not document `multiprocessing_context` argument",384,5,2023-04-26T07:33:49Z,2023-04-26T19:11:57Z,4,1,0,,,,,
pytorch,pytorch,91402,"vmap support for special bessel functions",1546,3,2022-12-27T15:09:48Z,2023-04-19T23:40:04Z,1,1,113,SiddharthIVEX,1,1,commit,medium
pytorch,pytorch,96308,"SymInt'ify fft functions",4403,4,2023-03-08T16:03:22Z,2023-04-15T18:02:29Z,7,1,38,,,,,
pytorch,pytorch,87219,"[MPS] Add support for aten::repeat_interleave for MPS backend",414,3,2022-10-18T17:27:31Z,2023-02-12T08:44:01Z,3,1,116,jazzysoggy,3,0,commit,medium
pytorch,pytorch,75950,"cpu cfloat and cdouble ne and eq incorrectly populates complex out where vectorized",707,4,2022-04-17T21:26:34Z,2023-04-14T02:02:24Z,4,1,361,bjhargrave,5,0,commit,medium
pytorch,pytorch,96737,"Tracer incorrectly get Guard name in dynamo",7911,4,2023-03-14T08:14:49Z,2023-04-05T03:53:52Z,8,1,21,knwng,1,1,commit,medium
pytorch,pytorch,97480,"Torch Dynamo Error when Compiling/Exporting Module which Uses `getattr`",2552,4,2023-03-23T22:49:12Z,2023-04-06T16:48:32Z,5,1,13,chengzhou9,1,1,commit,medium
pytorch,pytorch,94634,"`masked_scatter` should only accept bool tensors as mask",3605,4,2023-02-10T22:55:02Z,2023-04-01T23:25:33Z,6,1,50,malfet,1402,0,commit,medium
pytorch,pytorch,96734,"in test files when run test_reductions.py::TestReductionsCPU::test_prod_bool_cpu issue module 'numpy' has no attribute 'bool'",263,5,2023-03-14T07:09:31Z,2023-03-30T15:10:33Z,4,1,16,,,,,
pytorch,pytorch,91176,"vmap support for torch.copysign",1174,3,2022-12-20T17:23:00Z,2023-03-27T14:21:35Z,6,1,96,lithomas1,2,1,commit,medium
pytorch,pytorch,91415,"vmap support for linalg.lu_factor",2106,3,2022-12-27T21:59:52Z,2023-03-23T14:19:05Z,5,1,85,isdanni,3,0,commit,medium
pytorch,pytorch,96992,"Dynamo: Tensor.size() unhandled kwargs on 'dim'",4244,3,2023-03-17T00:25:26Z,2023-03-22T14:20:07Z,3,1,5,nima10khodaveisi,1,1,commit,medium
pytorch,pytorch,44189,"Option to set grads of unused inputs to zeros instead of None",2471,5,2020-09-04T10:06:40Z,2023-03-18T03:11:23Z,6,1,924,zqigolden,1,1,commit,medium
pytorch,pytorch,70904,"Bitwise shifts are broken in some cases if shift is greater than bit size",1306,4,2022-01-06T10:25:39Z,2023-03-17T21:35:42Z,6,1,435,bjhargrave,1,1,commit,medium
pytorch,pytorch,91403,"vmap support for torch.tril, torch.triu",1494,3,2022-12-27T15:17:06Z,2023-03-16T22:33:26Z,3,1,79,isdanni,2,1,commit,medium
pytorch,pytorch,91175,"vmap support for torch.complex",1169,3,2022-12-20T17:21:45Z,2023-03-14T20:48:01Z,4,1,84,lithomas1,1,1,commit,medium
pytorch,pytorch,95376,"SWA AveragedModel saving issue: avg_fn is unpickable",4197,5,2023-02-23T13:27:39Z,2023-03-12T05:13:30Z,5,1,16,DavidFM43,1,1,commit,medium
pytorch,pytorch,93539,"Support single-arg min/max",621,3,2022-10-16T01:42:42Z,2023-03-11T14:52:35Z,4,1,146,,,,,
pytorch,pytorch,95796,"Can we add nn.ZeroPad1d/3d like nn.ZeroPad2d ?",504,5,2023-03-01T17:06:42Z,2023-03-10T03:51:48Z,7,1,8,rishub-tamirisa,1,1,commit,medium
pytorch,pytorch,95371,"`torch.sparse.log_softmax` crash with `Floating point exception (core dumped)` in PyTorch 1.12.0",3693,6,2023-02-23T10:04:54Z,2023-03-02T16:11:32Z,5,1,7,,,,,
pytorch,pytorch,74326,"Lint rule that would fail for PRs containing subdmodule updates",451,4,2022-03-16T19:49:28Z,2023-03-02T18:05:34Z,11,1,350,malfet,1369,0,commit,medium
pytorch,pytorch,94740,"torch.diff of negative orders return the original array",5035,4,2023-02-13T16:56:43Z,2023-02-25T17:31:11Z,14,1,12,,,,,
pytorch,pytorch,57031,"[DataLoader] Implement Map-style functional DataPipe",2426,4,2021-04-27T16:00:31Z,2023-02-24T21:46:37Z,24,1,668,,,,,
pytorch,pytorch,86810,"[MPS] Add support for aten::fmod.Tensor_out for MPS backend",400,3,2022-10-12T17:32:15Z,2023-02-18T21:41:07Z,11,1,129,,,,,
pytorch,pytorch,94598,"torch.autocast + einops.rearrange breaks torch.compile",6659,2,2023-02-10T15:28:19Z,2023-02-16T17:05:22Z,6,1,6,,,,,
pytorch,pytorch,86990,"[MPS] Add support for aten::range for MPS backend",518,3,2022-10-14T20:20:45Z,2023-02-13T23:19:17Z,19,1,122,OwenElliottDev,1,1,commit,medium
pytorch,pytorch,86750,"[MPS] Add support for aten::sort.values_stable for MPS backend",586,3,2022-10-11T23:35:30Z,2023-02-13T02:42:50Z,8,1,124,,,,,
pytorch,pytorch,86991,"[MPS] Add support for aten::argsort for MPS backend",570,3,2022-10-14T20:24:41Z,2023-02-13T02:42:45Z,9,1,121,,,,,
pytorch,pytorch,88098,"[Label Check] Move label check logic from CI to mergebot",1175,3,2022-10-31T17:01:40Z,2023-02-12T12:19:03Z,2,1,103,Goldspear,3,0,commit,medium
pytorch,pytorch,87221,"[MPS] Add support for aten::trace for MPS backend",393,3,2022-10-18T17:43:14Z,2023-02-12T08:54:56Z,4,1,116,,,,,
pytorch,pytorch,86806,"[MPS] Add support for aten::remainder.Tensor_out for MPS backend",410,3,2022-10-12T17:31:10Z,2023-02-09T15:32:37Z,6,1,119,jinsu35,1,1,commit,medium
pytorch,pytorch,86807,"[MPS] Add support for aten::hardswish for MPS backend",402,3,2022-10-12T17:31:40Z,2023-02-11T00:28:26Z,3,1,121,,,,,
pytorch,pytorch,86809,"[MPS] Add support for aten::nansum for MPS backend",393,3,2022-10-12T17:32:07Z,2023-02-09T10:31:03Z,4,1,119,soof-golan,2,1,commit,medium
pytorch,pytorch,93376,"`torch.rsub` with `alpha=xxx` triggers assertion fail in compile mode",9495,2,2023-01-31T17:03:04Z,2023-02-07T17:21:20Z,3,1,7,,,,,
pytorch,pytorch,87333,"[RPC][BE][Easy] Custom python UDF should catch BaseExceptions",603,5,2022-10-19T23:59:12Z,2023-02-06T03:52:44Z,3,1,109,,,,,
pytorch,pytorch,93713,"Hitting AssertionError from autocast query with torchdynamo: `AssertionError: torch.* op returned non-Tensor bool call_function <built-in function is_autocast_enabled>`",3490,2,2022-10-06T18:25:28Z,2023-02-01T13:35:28Z,2,1,117,,,,,
pytorch,pytorch,91781,"torch.concatenate is not a proper alias for torch.cat in functorch",2210,3,2023-01-05T22:33:21Z,2023-01-30T08:50:54Z,6,1,24,,,,,
pytorch,pytorch,91177,"vmap support for torch.index_fill",1230,3,2022-12-20T17:26:52Z,2023-01-30T08:08:40Z,1,1,40,qqaatw,36,0,commit,medium
pytorch,pytorch,80153,"Change `@pytorchbot merge` merged failed to Matched rule superuser to include all users",773,3,2022-06-23T18:11:26Z,2023-01-26T17:59:22Z,3,1,216,,,,,
pytorch,pytorch,92209,"ONNX Opset 16 GridSample Does Not Support 5D Volumetric Input Tensor",3202,3,2023-01-14T19:03:16Z,2023-01-16T03:34:11Z,0,1,1,leimao,2,1,commit,medium
pytorch,pytorch,91505,"PyTorch 2.0 torch.compile fails with unfold, unsqueeze, permute sequence for negative index",13144,4,2022-12-29T14:28:33Z,2023-01-06T23:55:43Z,3,1,8,MDK8888,1,1,commit,medium
pytorch,pytorch,75705,"Unpin cmake across our repo",227,3,2022-04-12T22:17:28Z,2023-01-06T21:13:19Z,2,1,268,,,,,
pytorch,pytorch,91404,"vmap support for torch.trace",1309,3,2022-12-27T16:08:24Z,2023-01-04T23:45:55Z,0,1,8,msaroufim,9,0,commit,medium
pytorch,pytorch,91506,"PyTorch 2.0 compiled torch.linspace crashes when given steps=1",12804,3,2022-12-29T14:38:39Z,2023-01-02T20:30:51Z,0,1,4,jancervenka,1,1,commit,medium
pytorch,pytorch,91174,"vmap support for nansum, nanmean",1170,3,2022-12-20T16:59:11Z,2022-12-28T18:49:54Z,1,1,8,khushi-411,44,0,commit,medium
pytorch,pytorch,85712,"max_pool1d error messages diverge between CPU and CUDA",800,4,2022-09-27T16:01:39Z,2022-12-14T20:12:15Z,6,1,78,deandyu,1,1,commit,medium
pytorch,pytorch,85021,"[Missing documentation] cuSOLVER path for `linalg.lstsq` for underdetermined linear systems (on GPU)",1318,5,2022-09-14T17:47:49Z,2022-11-25T21:32:01Z,7,1,72,jlukehubbard,1,1,commit,medium
pytorch,pytorch,87220,"[MPS] Add support for aten::median for MPS backend",393,3,2022-10-18T17:39:03Z,2022-11-18T02:53:55Z,4,1,30,Raman-Kumar,1,1,commit,medium
pytorch,pytorch,80441,"torch.linalg.lstsq has confusing syntax highlighting in example",875,5,2022-06-28T10:19:12Z,2022-11-14T23:58:51Z,4,1,139,wswartworth,1,1,commit,medium
pytorch,pytorch,87672,"INTERNAL ASSERT FAILED source.dtype() == self.dtype() ",943,3,2022-10-25T04:51:29Z,2022-11-10T18:11:38Z,6,1,16,PanosAntoniadis,1,1,commit,medium
pytorch,pytorch,83038,"[ONNX] Produce comprehensive assertion errors for quantized outputs",681,5,2022-08-08T23:29:25Z,2022-11-02T23:07:50Z,1,1,85,jazzysoggy,1,1,commit,medium
pytorch,pytorch,88094,"`torch.bitwise_left_shift` crash with segmentation fault when out is torch.Tensor",430,4,2022-10-31T16:03:10Z,2022-11-01T06:14:23Z,3,1,0,,,,,
pytorch,pytorch,87862,"torch.where: `out` kwarg support is undocumented",461,3,2022-10-27T14:50:44Z,2022-10-27T21:03:47Z,2,1,0,foram-chandra,5,0,commit,medium
pytorch,pytorch,86744,"[MPS] Add support for aten::expm1.out for MPS backend",345,3,2022-10-11T22:41:27Z,2022-10-26T17:45:51Z,5,1,14,arnaudstiegler,1,1,commit,medium
pytorch,pytorch,86208,"[doc] LR scheduler example is terrible",1014,5,2022-10-04T16:13:56Z,2022-10-13T17:41:04Z,4,1,9,,,,,
pytorch,pytorch,86224,"`dtype` arg in `cumsum` is passed around in the implementation, but it's not used.",246,5,2022-10-04T19:44:01Z,2022-10-07T14:13:28Z,7,1,2,suprajb,1,1,commit,medium
pytorch,pytorch,85155,"torch.nn.PixelShuffle crash with floating point exception when input has 0 size in the last three dimensions",2234,6,2022-09-16T15:34:43Z,2022-10-05T11:13:42Z,7,1,18,Thytu,2,1,commit,medium
pytorch,pytorch,84566,"Update dist.scatter() documentation to provide clearer arg description",1312,4,2022-09-06T14:23:35Z,2022-10-03T17:22:21Z,2,1,27,zerolinux5,1,1,commit,medium
pytorch,pytorch,85111,"torch.nn.functional.conv1d/2d/3d crash with floating point exception",2504,5,2022-09-15T21:26:50Z,2022-09-19T18:49:23Z,9,1,3,Thytu,1,1,commit,medium
pytorch,pytorch,83533,"[jit] jit.trace fails on mps models",4373,5,2022-08-16T19:06:20Z,2022-09-16T01:45:33Z,9,1,30,SalahuddinX,1,1,commit,medium
pytorch,pytorch,84865,"torch.distributed.reduce_scatter documentation lacks op parameter description",595,4,2022-09-12T15:49:48Z,2022-09-15T18:17:24Z,1,1,3,ShisuiUzumaki,1,1,commit,medium
pytorch,pytorch,71458,"[rpc] Wrong usage of RRefContext::handleException",515,3,2022-01-19T00:19:05Z,2022-09-08T18:23:07Z,7,1,232,,,,,
pytorch,pytorch,82245,"[ONNX] Remove einsum_helper from opset12 public functions",234,5,2022-07-26T20:07:41Z,2022-08-05T18:57:42Z,3,1,9,msebindavis,1,1,commit,medium
pytorch,pytorch,82031,"[ONNX] RReLU converted to onnx is not determenistic",2580,5,2022-07-22T23:15:33Z,2022-08-05T01:46:24Z,8,1,13,titaiwangms,7,0,commit,medium
pytorch,pytorch,73193,"Floating point exception in mkldnn_convolution",1894,6,2022-02-21T17:42:10Z,2022-08-02T17:26:44Z,5,1,161,,,,,
pytorch,pytorch,80786,"`torch.nn.functional.interpolate` parameter size for `scale_factor`",994,4,2022-07-01T22:26:33Z,2022-07-04T04:36:27Z,0,1,2,dogeplusplus,1,1,commit,medium
pytorch,pytorch,79361,"[ONNX Export] Interpolation likely should be exported with `half_pixel` instead of `pytorch_half_pixel`",5151,4,2022-06-12T03:19:01Z,2022-06-24T18:25:37Z,2,1,12,lazycal,2,1,commit,medium
pytorch,pytorch,74341,"ci: Add lint to check for trailing whitespaces in filenames",936,4,2022-03-16T21:53:17Z,2022-06-02T20:11:34Z,22,1,77,ZainRizvi,2,1,commit,medium
pytorch,pytorch,73188,"Floating point exception in group_norm",1770,6,2022-02-21T17:35:06Z,2022-05-31T19:50:29Z,6,1,99,,,,,
pytorch,pytorch,75112,"Debug with ssh instructions incorrect on CONTRIBUTING.md",539,3,2022-04-01T17:22:52Z,2022-04-01T21:12:39Z,0,1,0,janeyx99,321,0,commit,medium
pytorch,pytorch,74692,"Optional[int] argument to RandomSampler is not optional",460,3,2022-03-24T16:40:04Z,2022-03-28T15:36:06Z,3,1,3,,,,,
pytorch,pytorch,72661,"Tests should be disabled in forks when they are expected to fail",549,5,2022-02-10T17:59:26Z,2022-03-15T15:55:59Z,6,1,32,clee2000,1,1,commit,medium
pytorch,pytorch,73859,"ci: Check if docker daemon is running and start it if it isn't",895,4,2022-03-07T18:17:24Z,2022-03-14T16:14:47Z,3,1,6,,,,,
pytorch,pytorch,69444,"[PYTORCH]: log error",364,3,2021-12-06T10:00:05Z,2022-03-04T19:35:47Z,6,1,88,yulonglin,1,1,commit,medium
pytorch,pytorch,73701,"GHA Retry step: Build and upload nightly docker",143,4,2022-03-02T23:34:21Z,2022-03-03T16:39:29Z,0,1,0,cdeepali,2,1,commit,medium
pytorch,pytorch,71385,"`torch.linalg.solve` is not consistent with `A.inv @ B`",714,4,2022-01-17T15:17:34Z,2022-02-22T12:29:39Z,6,1,35,ajcost,1,1,commit,medium
pytorch,pytorch,71096,"Obliviate ALL_TENSORTYPES and ALL_TENSORTYPES2",296,4,2022-01-10T15:24:40Z,2022-01-26T03:25:10Z,3,1,15,khushi-411,3,0,commit,medium
pytorch,pytorch,65980,"Improve this error message: RuntimeError: Expected from <= to to be true, but got false.  (Could this error message be improved?  If so, please report an enhancement request to PyTorch.)",444,3,2021-10-01T02:27:26Z,2022-01-25T17:42:28Z,4,1,116,,,,,
pytorch,pytorch,70301,"The signature of `multilabel_soft_margin_loss` in the doc misses `reduction` parameter",481,4,2021-12-22T12:12:15Z,2021-12-28T17:49:25Z,1,1,6,srijan789,1,1,commit,medium
pytorch,pytorch,52306,"[TorchScript usability] Should report error when instance attributes are annotated outside `__init__`",823,4,2021-02-16T17:15:01Z,2021-12-25T03:00:06Z,1,1,311,,,,,
pytorch,pytorch,67612,"[testing] `gradient` OpInfo tests fail in Python 3.10",11762,3,2021-11-01T05:53:29Z,2021-12-03T03:02:32Z,7,1,31,ankitaS11,3,0,commit,medium
pytorch,pytorch,68928,"[docs] {select, slice, diagonal}_scatter not available in documentation",256,4,2021-11-26T06:08:54Z,2021-11-30T20:06:05Z,1,1,4,nikulpatel3141,1,1,commit,medium
pytorch,pytorch,46741,"Tensor with read only memory mapped numpy array causes seg fault.",625,5,2020-10-22T21:47:24Z,2021-11-11T21:05:15Z,20,1,384,leonvol,1,1,commit,medium
pytorch,pytorch,67904,"Feature Request: zeros_like() from a dense tensor to a sparse tensor",1990,5,2021-11-05T10:43:37Z,2021-11-11T16:55:40Z,0,1,6,,,,,
pytorch,pytorch,65431,"Do not print sccache stats on tests/failed builds",1129,4,2021-09-21T22:53:18Z,2021-11-10T13:28:23Z,2,1,49,,,,,
pytorch,pytorch,67227,"Suggest adding the words 'Chi-squared' to the docstring of the Chi2 distribution to be explicit",1260,3,2021-10-25T22:18:39Z,2021-10-29T20:48:38Z,1,1,3,,,,,
pytorch,pytorch,54182,"[JIT] Provide an API to choose a different output stream for `PYTORCH_JIT_LOG_LEVEL`",617,5,2021-03-17T17:09:42Z,2021-10-01T06:26:35Z,12,1,197,narang99,3,0,commit,medium
pytorch,pytorch,62501,"test_python_dispatch fails under pytest",955,4,2021-07-30T20:00:56Z,2021-09-13T00:08:08Z,8,1,44,kshitij12345,203,0,commit,medium
pytorch,pytorch,52053,"[TorchScript usability] More intuitive error message for type annotated `self`",788,4,2021-02-10T16:08:38Z,2021-08-03T20:19:10Z,10,1,174,,,,,
pytorch,pytorch,56909,"`getattr` does not support default parameter when jitted",3072,4,2021-04-26T09:49:16Z,2021-07-20T16:53:49Z,11,1,85,,,,,
pytorch,pytorch,55359,"torch.sigmoid throws RuntimeError on GPU for complex datatype",840,4,2021-04-06T07:29:39Z,2021-04-16T17:49:57Z,2,1,10,prabhat00155,1,1,commit,medium
pytorch,pytorch,58739,"Python Array API: support constants",240,3,2021-05-21T09:54:38Z,2021-06-22T03:47:47Z,17,1,31,praneethratna,1,1,commit,medium
pytorch,pytorch,54188,"[JIT] Provide an API to turn on and off JIT logging",764,5,2021-03-17T17:19:42Z,2021-06-21T23:12:46Z,5,1,96,narang99,1,1,commit,medium
pytorch,pytorch,19277,"[onnx] Silent crash when exporting a model larger than 2gb",2463,3,2019-04-15T21:12:30Z,2021-06-01T17:17:15Z,14,1,777,,,,,
pytorch,pytorch,57698,"Freezing doesn't remove tuple operations",464,4,2021-05-06T00:25:56Z,2021-05-13T02:08:35Z,6,1,7,FloydHsiu,1,1,commit,medium
pytorch,pytorch,57387,"[JIT] Canonicalize `aten::__is__` and `aten::__isnot__` among boolean inputs",1425,3,2021-04-30T20:57:15Z,2021-05-11T19:21:56Z,3,1,10,Gamrix,1,1,commit,medium
pytorch,pytorch,2793,"Support `clamp()` with tensor min and max",389,5,2017-09-19T22:07:43Z,2021-05-03T19:57:30Z,10,1,1321,ZHZisZZ,0,1,pr,medium
pytorch,pytorch,55599,"torch.matrix_exp() doc is missing a signature",211,3,2021-04-08T06:36:29Z,2021-04-11T23:04:43Z,1,1,3,neal2018,1,1,commit,medium
pytorch,pytorch,24991,"[Feature request] Add support for selu activation to calculate_gain function.",182,4,2019-08-21T22:48:18Z,2021-03-25T18:22:46Z,18,1,581,mrTsjolder,1,1,commit,medium
pytorch,pytorch,54413,"test_inplace_grad should skip itself if the op does not have an inplace variant",367,3,2021-03-22T13:09:41Z,2021-03-24T04:12:13Z,1,1,1,imaginary-person,8,0,commit,medium
pytorch,pytorch,52669,"Replace deprecated AT_ERROR with `TORCH_CHECK(false,`  in `c10`",341,3,2021-02-23T14:30:51Z,2021-03-22T18:28:05Z,5,1,27,,,,,
pytorch,pytorch,53062,"Add compare_set for HashStore and FileStore",2040,3,2021-03-01T23:36:20Z,2021-03-12T20:40:30Z,4,1,10,siva1007,1,1,commit,medium
pytorch,pytorch,32193,"Size checks in recurrent cells should be moved from python to c++ implementations",301,4,2020-01-14T23:02:14Z,2021-03-09T23:04:03Z,2,1,420,prokotg,1,1,commit,medium
pytorch,pytorch,41750,"Replace blacklist/whitelist in test/backward_compatibility/check_backward_compatibility.py",186,3,2020-07-20T23:21:10Z,2021-03-03T22:19:32Z,6,1,225,,,,,
pytorch,pytorch,52455,"Skip handle_r_to_c for torch.dot and torch.vdot in derivatives.yaml",323,4,2021-02-18T20:14:26Z,2021-02-22T20:02:20Z,3,1,3,imaginary-person,5,0,commit,medium
pytorch,pytorch,50790,"Implement torch.max for float16 and bfloat16 on CPU and CUDA",944,4,2021-01-20T03:40:07Z,2021-02-19T07:15:49Z,16,1,30,imaginary-person,4,0,commit,medium
pytorch,pytorch,41443,"Replace blacklist/whitelist throughout the PyTorch codebase",5159,3,2020-07-15T01:05:34Z,2021-02-19T00:43:47Z,21,1,218,awaelchli,0,1,pr,medium
pytorch,pytorch,41736,"Replace blacklist/whitelist in torch/onnx/symbolic_helper.py",156,3,2020-07-20T23:20:57Z,2021-02-19T00:42:45Z,2,1,213,,,,,
pytorch,pytorch,41739,"Replace blacklist/whitelist in CMakeLists.txt",141,3,2020-07-20T23:21:00Z,2021-02-19T00:42:14Z,4,1,213,,,,,
pytorch,pytorch,41742,"Replace blacklist/whitelist in aten/src/ATen/gen.py",147,3,2020-07-20T23:21:03Z,2021-02-19T00:42:05Z,2,1,213,,,,,
pytorch,pytorch,39842,"list of numpy -> tensor is much slower than list of numpy -> np.stack -> tensor",1500,5,2020-06-11T03:27:41Z,2021-02-04T03:56:45Z,10,1,238,,,,,
pytorch,pytorch,51141,"autograd.detect_anomaly docs incorrectly formatted",426,4,2021-01-26T20:50:26Z,2021-01-29T19:23:40Z,3,1,2,lacrosse91,1,1,commit,medium
pytorch,pytorch,50064,"Complex dispatch should be disabled on min/max functions",551,3,2021-01-04T20:53:23Z,2021-01-18T06:03:59Z,5,1,13,imaginary-person,3,0,commit,medium
pytorch,pytorch,49982,"[bug] torch.flip: IndexError for dims=() on CUDA but works on CPU",336,4,2020-12-30T23:27:54Z,2021-01-12T13:46:55Z,10,1,12,dheerajgattupalli,1,1,commit,medium
pytorch,pytorch,15921,"Inconsistent behaviour of torch.fmod on CPU and GPU",1145,3,2019-01-10T12:16:32Z,2021-01-10T09:37:20Z,19,1,730,,,,,
pytorch,pytorch,46391,"Warnings during compiling: floating-point value does not fit in required integral type",6098,4,2020-10-15T13:50:15Z,2021-01-07T21:28:59Z,4,1,84,imaginary-person,1,1,commit,medium
pytorch,pytorch,33290,"Fix error message when using as_strided with negative striding",2036,3,2020-02-13T15:10:44Z,2020-12-31T10:37:30Z,3,1,321,,,,,
pytorch,pytorch,47934,"Throw error if `kthvalue` `out` argument overlaps with input",285,3,2020-11-13T20:42:37Z,2020-12-19T19:34:05Z,4,1,35,guol-fnst,8,0,commit,medium
pytorch,pytorch,47594,"SparseAdam exhausts generator params before initializing Optimizer",4056,4,2020-11-09T09:46:23Z,2020-12-07T17:43:10Z,5,1,28,mariosasko,5,0,commit,medium
pytorch,pytorch,45323,"Blank value for _GLIBCXX_USE_CXX11_ABI when compiling with Homebrew's GCC (on macOS)",2465,4,2020-09-25T02:11:43Z,2020-12-07T05:32:15Z,2,1,73,,,,,
pytorch,pytorch,48198,"Doc for global module hooks is not added to the docs website",235,3,2020-11-18T19:23:01Z,2020-11-30T19:36:38Z,8,1,12,AishwaryaKalloli,1,1,commit,medium
pytorch,pytorch,46982,"Mean_cuda not implemented for complex types",2542,4,2020-10-28T12:56:29Z,2020-11-07T05:29:35Z,0,1,9,RockingJavaBean,15,0,commit,medium
pytorch,pytorch,46392,"Replace list(map(lambda constructs by list comprehension",618,3,2020-10-15T14:41:03Z,2020-10-20T01:47:37Z,2,1,4,Flamefire,10,0,commit,medium
pytorch,pytorch,43212,"Bazel build has warnings",2252,3,2020-08-18T17:37:15Z,2020-10-15T03:08:49Z,6,1,57,guol-fnst,7,0,commit,medium
pytorch,pytorch,16357,"Add an argument 'beta' in smooth L1 loss?",95,3,2019-01-25T02:50:03Z,2020-10-10T10:13:45Z,12,1,624,,,,,
pytorch,pytorch,41752,"Replace blacklist/whitelist in tools/clang_format_all.py",152,3,2020-07-20T23:21:12Z,2020-10-06T16:21:36Z,4,1,77,REX51,2,1,commit,medium
pytorch,pytorch,41762,"Replace blacklist/whitelist in torch/quantization/_numeric_suite.py",163,3,2020-07-20T23:21:21Z,2020-10-03T07:05:55Z,3,1,74,,,,,
pytorch,pytorch,41763,"Replace blacklist/whitelist in torch/quantization/default_mappings.py",165,3,2020-07-20T23:21:22Z,2020-10-03T07:07:16Z,3,1,74,,,,,
pytorch,pytorch,41764,"Replace blacklist/whitelist in torch/quantization/quantize.py",157,3,2020-07-20T23:21:23Z,2020-10-03T07:08:13Z,4,1,74,,,,,
pytorch,pytorch,41731,"Replace blacklist/whitelist in caffe2/opt/tvm_transformer.cc",156,3,2020-07-20T23:20:52Z,2020-10-03T07:03:45Z,1,1,74,,,,,
pytorch,pytorch,41730,"Replace blacklist/whitelist in caffe2/onnx/onnx_exporter.h",154,3,2020-07-20T23:20:51Z,2020-10-03T07:02:27Z,1,1,74,,,,,
pytorch,pytorch,41728,"Replace blacklist/whitelist in torch/utils/mobile_optimizer.py",158,3,2020-07-20T23:20:49Z,2020-10-03T06:52:24Z,2,1,74,,,,,
pytorch,pytorch,41718,"Replace blacklist/whitelist in test/test_mobile_optimizer.py",156,3,2020-07-20T23:20:39Z,2020-10-03T06:48:30Z,3,1,74,,,,,
pytorch,pytorch,41754,"Replace blacklist/whitelist in tools/code_analyzer/gen_op_registration_whitelist.py",179,3,2020-07-20T23:21:13Z,2020-09-29T07:30:58Z,3,1,70,Vishal487,2,1,commit,medium
pytorch,pytorch,15786,"Dropout on integer tensor types dies with SIGFPE",316,4,2019-01-07T08:43:11Z,2020-09-21T14:14:18Z,7,1,623,,,,,
pytorch,pytorch,41707,"Replace blacklist/whitelist in caffe2/opt/tvm_transformer.h",155,3,2020-07-20T23:20:29Z,2020-09-18T19:47:06Z,1,1,59,,,,,
pytorch,pytorch,41706,"Replace blacklist/whitelist in caffe2/opt/tvm_transformer.cc",156,3,2020-07-20T23:20:28Z,2020-09-18T19:46:43Z,4,1,59,,,,,
pytorch,pytorch,32049,"nll_loss does not check for negative indices",1494,4,2020-01-10T17:32:17Z,2020-09-18T15:23:13Z,2,1,251,,,,,
pytorch,pytorch,10370,"Different results when using function argmax or argmin for data type "".cuda()"" and "".cpu()""",1980,5,2018-08-09T10:37:40Z,2020-09-17T22:37:12Z,9,1,770,,,,,
pytorch,pytorch,44472,"Convert num_kernels to int64 before calling into CUDA GET_BLOCKS",772,4,2020-09-10T15:32:48Z,2020-09-17T17:55:12Z,8,1,7,soulitzer,1,1,commit,medium
pytorch,pytorch,41756,"Replace blacklist/whitelist in torch/quantization/default_mappings.py",165,3,2020-07-20T23:21:16Z,2020-09-04T17:04:41Z,1,1,45,VinodSKumar,4,0,commit,medium
pytorch,pytorch,35954,"torch.finfo doesn't work for complex",403,3,2020-04-03T17:25:42Z,2020-09-01T21:52:14Z,15,1,151,,,,,
pytorch,pytorch,5025,"Crash when autograd function returns list instead of tuple",694,6,2018-02-03T01:22:40Z,2020-08-21T12:51:45Z,5,1,930,rakshithvasudev,1,1,commit,medium
pytorch,pytorch,41735,"Replace blacklist/whitelist in caffe2/python/onnx/onnxifi.py",156,3,2020-07-20T23:20:56Z,2020-08-20T21:35:44Z,0,1,30,priyanshuwustl,4,0,commit,medium
pytorch,pytorch,41704,"Replace blacklist/whitelist in caffe2/opt/onnxifi_transformer.cc",160,3,2020-07-20T23:20:27Z,2020-08-18T20:27:52Z,11,1,28,,,,,
pytorch,pytorch,41720,"Replace blacklist/whitelist in tools/autograd/gen_python_functions.py",165,3,2020-07-20T23:20:41Z,2020-08-18T22:12:30Z,0,1,28,James-Gilbert-,1,1,commit,medium
pytorch,pytorch,41711,"Replace blacklist/whitelist in caffe2/python/pybind_state.cc",156,3,2020-07-20T23:20:33Z,2020-08-18T20:39:27Z,2,1,28,,,,,
pytorch,pytorch,41705,"Replace blacklist/whitelist in caffe2/opt/onnxifi_transformer.h",159,3,2020-07-20T23:20:28Z,2020-08-18T20:29:06Z,1,1,28,,,,,
pytorch,pytorch,41702,"Replace blacklist/whitelist in caffe2/onnx/onnx_exporter.h",154,3,2020-07-20T23:20:25Z,2020-07-31T23:18:38Z,1,1,10,,,,,
pytorch,pytorch,41701,"Replace blacklist/whitelist in caffe2/onnx/onnx_exporter.cc",155,3,2020-07-20T23:20:24Z,2020-07-31T01:08:53Z,3,1,10,DeepakVelmurugan,2,1,commit,medium
pytorch,pytorch,41734,"Replace blacklist/whitelist in caffe2/python/pybind_state.cc",156,3,2020-07-20T23:20:55Z,2020-07-29T23:28:23Z,0,1,9,priyanshuwustl,3,0,commit,medium
pytorch,pytorch,41748,"Replace blacklist/whitelist in cmake/Whitelist.cmake",148,3,2020-07-20T23:21:08Z,2020-07-28T20:43:59Z,2,1,7,,,,,
pytorch,pytorch,41703,"Replace blacklist/whitelist in caffe2/opt/backend_transformer_base.h",164,3,2020-07-20T23:20:26Z,2020-07-28T20:23:58Z,0,1,7,nitish-awasthi,2,1,commit,medium
pytorch,pytorch,41741,"Replace blacklist/whitelist in .github/workflows/clang_format.yml",161,3,2020-07-20T23:21:02Z,2020-07-28T19:32:02Z,1,1,7,kalmufti,2,1,commit,medium
pytorch,pytorch,41726,"Replace blacklist/whitelist in torch/csrc/utils/python_arg_parser.cpp",165,3,2020-07-20T23:20:47Z,2020-07-28T19:10:37Z,0,1,7,nitish-awasthi,1,1,commit,medium
pytorch,pytorch,41729,"Replace blacklist/whitelist in torch/utils/hipify/hipify_python.py",162,3,2020-07-20T23:20:50Z,2020-07-28T17:25:38Z,0,1,7,priyanshuwustl,2,1,commit,medium
pytorch,pytorch,41757,"Replace blacklist/whitelist in caffe2/CMakeLists.txt",148,3,2020-07-20T23:21:17Z,2020-07-28T15:03:44Z,1,1,7,kalmufti,1,1,commit,medium
pytorch,pytorch,41716,"Replace blacklist/whitelist in test/run_test.py",143,3,2020-07-20T23:20:37Z,2020-07-28T14:58:38Z,1,1,7,,,,,
pytorch,pytorch,41749,"Replace blacklist/whitelist in test/test_namedtuple_return_api.py",161,3,2020-07-20T23:21:09Z,2020-07-27T23:04:30Z,1,1,6,agniutkarsh,2,1,commit,medium
pytorch,pytorch,41700,"Replace blacklist/whitelist in aten/src/ATen/native/cudnn/Conv.cpp",162,3,2020-07-20T23:20:23Z,2020-07-27T22:58:37Z,5,1,6,admud,1,1,commit,medium
pytorch,pytorch,41760,"Replace blacklist/whitelist in test/backward_compatibility/check_backward_compatibility.py",186,3,2020-07-20T23:21:19Z,2020-07-27T22:49:42Z,1,1,6,,,,,
pytorch,pytorch,41743,"Replace blacklist/whitelist in caffe2/CMakeLists.txt",148,3,2020-07-20T23:21:04Z,2020-07-27T22:38:10Z,2,1,6,,,,,
pytorch,pytorch,41722,"Replace blacklist/whitelist in tools/pyi/gen_pyi.py",147,3,2020-07-20T23:20:43Z,2020-07-27T21:14:51Z,2,1,6,subedigaurav,1,1,commit,medium
pytorch,pytorch,41758,"Replace blacklist/whitelist in test/test_autograd.py",148,3,2020-07-20T23:21:18Z,2020-07-24T21:27:53Z,0,1,3,agniutkarsh,1,1,commit,medium
pytorch,pytorch,41733,"Replace blacklist/whitelist in test/backward_compatibility/check_backward_compatibility.py",186,3,2020-07-20T23:20:54Z,2020-07-24T04:38:24Z,0,1,3,superkirill,2,1,commit,medium
pytorch,pytorch,41746,"Replace blacklist/whitelist in caffe2/transforms/common_subexpression_elimination.h",179,3,2020-07-20T23:21:07Z,2020-07-23T23:56:03Z,1,1,3,priyanshuwustl,1,1,commit,medium
pytorch,pytorch,41745,"Replace blacklist/whitelist in caffe2/transforms/common_subexpression_elimination.cc",180,3,2020-07-20T23:21:06Z,2020-07-23T23:56:03Z,0,1,3,priyanshuwustl,1,1,commit,medium
pytorch,pytorch,41740,"Replace blacklist/whitelist in .circleci/cimodel/data/simple/binary_smoketest.py",176,3,2020-07-20T23:21:01Z,2020-07-23T23:17:05Z,1,1,2,kenjihiraoka,2,1,commit,medium
pytorch,pytorch,41712,"Replace blacklist/whitelist in caffe2/python/onnx/frontend.py",157,3,2020-07-20T23:20:34Z,2020-07-22T17:05:04Z,0,1,1,,,,,
pytorch,pytorch,41744,"Replace blacklist/whitelist in caffe2/predictor/transforms.cc",157,3,2020-07-20T23:21:05Z,2020-07-21T21:50:21Z,2,1,0,,,,,
pytorch,pytorch,41753,"Replace blacklist/whitelist in tools/clang_format_ci.sh",151,3,2020-07-20T23:21:13Z,2020-07-21T19:34:04Z,0,1,0,superkirill,1,1,commit,medium
pytorch,pytorch,41719,"Replace blacklist/whitelist in test/test_type_hints.py",150,3,2020-07-20T23:20:40Z,2020-07-21T18:26:01Z,0,1,0,ari-hacks,1,1,commit,medium
pytorch,pytorch,41751,"Replace blacklist/whitelist in test/quantization/test_quantized_op.py",165,3,2020-07-20T23:21:11Z,2020-07-21T18:10:39Z,1,1,0,kenjihiraoka,1,1,commit,medium
pytorch,pytorch,41761,"Replace blacklist/whitelist in torch/csrc/jit/passes/lower_tuples.cpp",185,4,2020-07-20T23:21:20Z,2020-07-20T23:43:50Z,0,1,0,,,,,
pytorch,pytorch,41759,"Replace blacklist/whitelist in torch/csrc/jit/passes/quantization/helper.cpp",192,4,2020-07-20T23:21:19Z,2020-07-20T23:43:37Z,0,1,0,,,,,
pytorch,pytorch,41755,"Replace blacklist/whitelist in torch/jit/_script.py",167,4,2020-07-20T23:21:15Z,2020-07-20T23:43:20Z,0,1,0,,,,,
pytorch,pytorch,41727,"Replace blacklist/whitelist in torch/jit/_recursive.py",170,4,2020-07-20T23:20:48Z,2020-07-20T23:43:04Z,0,1,0,,,,,
pytorch,pytorch,41725,"Replace blacklist/whitelist in torch/csrc/jit/python/init.cpp",177,4,2020-07-20T23:20:46Z,2020-07-20T23:42:47Z,0,1,0,,,,,
pytorch,pytorch,41724,"Replace blacklist/whitelist in torch/csrc/jit/passes/xnnpack_rewrite.h",186,4,2020-07-20T23:20:46Z,2020-07-20T23:42:31Z,0,1,0,,,,,
pytorch,pytorch,41723,"Replace blacklist/whitelist in torch/csrc/jit/passes/xnnpack_rewrite.cpp",188,4,2020-07-20T23:20:44Z,2020-07-20T23:42:22Z,0,1,0,,,,,
pytorch,pytorch,41721,"Replace blacklist/whitelist in tools/jit/gen_unboxing_wrappers.py",181,4,2020-07-20T23:20:42Z,2020-07-20T23:42:04Z,0,1,0,,,,,
pytorch,pytorch,41717,"Replace blacklist/whitelist in test/test_jit.py",163,4,2020-07-20T23:20:38Z,2020-07-20T23:41:43Z,0,1,0,,,,,
pytorch,pytorch,41715,"Replace blacklist/whitelist in docs/cpp/source/Doxyfile",151,3,2020-07-20T23:20:37Z,2020-07-20T23:40:58Z,0,1,0,,,,,
pytorch,pytorch,41699,"Replace blacklist/whitelist in .jenkins/pytorch/dirty.sh",152,3,2020-07-20T23:13:23Z,2020-07-20T23:40:26Z,0,1,0,,,,,
pytorch,pytorch,41402,"test_torch.py fails if not build with MKL",1192,3,2020-07-14T13:54:25Z,2020-07-16T17:47:30Z,1,1,2,,,,,
pytorch,pytorch,40803,"randint is missing Generator argument from typing annotation",358,3,2020-06-30T19:36:00Z,2020-07-02T13:29:34Z,3,1,1,,,,,
pytorch,pytorch,26411,"LogCumsumExp",2059,4,2019-09-18T17:46:18Z,2020-05-21T16:14:16Z,19,1,245,kshitij12345,15,0,commit,medium
pytorch,pytorch,36340,"torch.gather doesn't work for complex tensors",226,3,2020-04-09T21:10:40Z,2020-05-20T16:17:16Z,5,1,40,nuka137,11,0,commit,medium
pytorch,pytorch,34392,"Have isFloatingType, tensor.is_floating_point() return true for complex dtype",89,3,2020-03-06T20:09:12Z,2020-05-19T19:55:26Z,5,1,73,,,,,
pytorch,pytorch,37736,"[discussion] Add convenience instance methods tensor.isnan(), tensor.isinf(), tensor.isfinite()",92,3,2020-05-03T17:26:40Z,2020-05-11T20:58:51Z,1,1,8,ShawnZhong,5,0,commit,medium
pytorch,pytorch,33567,"Inconsistency between torch.abs() and np.absolute() for complex tensors",384,4,2020-02-20T19:34:48Z,2020-04-30T20:10:43Z,8,1,70,,,,,
pytorch,pytorch,34380,"rand() method for complex dtype",184,3,2020-03-06T19:00:10Z,2020-04-30T20:09:01Z,5,1,55,,,,,
pytorch,pytorch,33494,"Complex number printing inconsistent with float",1000,4,2020-02-19T15:02:40Z,2020-04-13T19:13:54Z,10,1,54,,,,,
pytorch,pytorch,36327,"torch.eye cpu not supported for complex",354,3,2020-04-09T18:58:40Z,2020-04-13T12:42:56Z,3,1,3,,,,,
pytorch,pytorch,20240,"Cumulative Maximum",589,4,2019-05-07T19:57:32Z,2020-03-17T22:10:06Z,39,1,315,,,,,
pytorch,pytorch,26418,"Fuse operators inside of the (CPU) glu operator. ",130,4,2019-09-18T18:50:58Z,2020-02-27T15:32:39Z,4,1,161,,,,,
pytorch,pytorch,33422,"torch.where segfaults on mixed cpu and cuda arguments",4385,1,2020-02-17T16:24:00Z,2020-02-18T15:50:41Z,2,1,0,,,,,
pytorch,pytorch,27048,"[Contributor Welcome] Implement C++ API version of torch.nn.functional.normalize",2007,3,2019-09-30T04:37:28Z,2020-01-31T20:49:52Z,6,1,123,,,,,
pytorch,pytorch,30477,"[jit] Spurious error when type comments are found in the body of a function.",953,3,2019-11-26T19:23:14Z,2019-12-13T02:19:43Z,2,1,16,stante,1,1,commit,medium
pytorch,pytorch,27197,"[Contributor Welcome] Implement C++ API version of torch.nn.TripletMarginLoss",2836,4,2019-10-02T02:16:22Z,2019-11-17T02:42:30Z,7,1,46,,,,,
pytorch,pytorch,27078,"[Contributor Welcome] Implement C++ API version of torch.nn.functional.gumbel_softmax",2191,3,2019-09-30T18:17:09Z,2019-11-17T02:42:16Z,14,1,47,,,,,
pytorch,pytorch,27365,"[docs] save_for_backward docs missing",513,5,2019-10-04T09:06:32Z,2019-10-28T13:43:30Z,5,1,24,,,,,
pytorch,pytorch,25804,"[jit] String default args get printed as ascii values",514,3,2019-09-06T21:41:22Z,2019-10-18T17:33:24Z,4,1,41,,,,,
pytorch,pytorch,25801,"[jit] Missing source highlight error",109,3,2019-09-06T21:08:25Z,2019-10-16T17:39:47Z,5,1,39,hi-ogawa,1,1,commit,medium
pytorch,pytorch,19947,"[bug] Conv shape check prints overflowed ints",2775,4,2019-04-30T04:34:57Z,2019-10-11T18:53:34Z,5,1,164,,,,,
pytorch,pytorch,27196,"[Contributor Welcome] Implement C++ API version of torch.nn.functional.affine_grid",1471,4,2019-10-02T01:40:13Z,2019-10-10T21:21:31Z,3,1,8,,,,,
pytorch,pytorch,27198,"[Contributor Welcome] Implement C++ API version of torch.nn.MultiMarginLoss",2921,4,2019-10-02T02:38:12Z,2019-10-10T21:20:56Z,5,1,8,,,,,
pytorch,pytorch,27081,"[Contributor Welcome] Implement C++ API version of torch.nn.functional.one_hot",1774,3,2019-09-30T18:23:14Z,2019-10-03T23:44:01Z,1,1,3,,,,,
pytorch,pytorch,27082,"[Contributor Welcome] Implement C++ API version of torch.nn.functional.pdist",1207,3,2019-09-30T18:28:08Z,2019-10-01T14:58:58Z,3,1,0,,,,,
pytorch,pytorch,22970,"Inconsistent Behavior in torch.distributions log_prob for float input in uniform distribution.",3065,4,2019-07-17T14:22:36Z,2019-08-22T15:19:52Z,7,1,36,vbsinha,1,1,commit,medium
pytorch,pytorch,22697,"[docs] torch.lerp typo",287,4,2019-07-10T19:01:13Z,2019-08-18T16:17:27Z,5,1,38,,,,,
pytorch,pytorch,23603,"torch.Tensor.repeat() fails for 0 repeats",1147,3,2019-07-31T16:20:39Z,2019-08-07T16:19:19Z,2,1,6,oja,1,1,commit,medium
pytorch,pytorch,22243,"`torch.lu_solve` gives an unintuitive error message when the inputs are not batched",517,3,2019-06-25T23:26:34Z,2019-07-25T14:49:54Z,2,1,29,,,,,
pytorch,pytorch,14698,"torch.onnx.export is missing documentation on the docs page",315,6,2018-12-03T11:54:54Z,2019-07-17T17:53:18Z,2,1,226,zhangguanheng66,3,0,commit,medium
pytorch,pytorch,19220,"[FR] support base in logspace",268,5,2019-04-12T21:44:58Z,2019-04-24T23:20:57Z,2,1,12,,,,,
pytorch,pytorch,18382,"[FR] make torch.nn.utils.convert_sync_batchnorm a classmethod of SyncBatchNorm",308,6,2019-03-23T06:38:15Z,2019-04-07T07:14:55Z,3,1,15,iArunava,2,1,commit,medium
pytorch,pytorch,16364,"ReduceLROnPlateau should clone ""current"" when saving ""best""",2741,1,2019-01-25T14:16:55Z,2019-03-29T13:59:10Z,8,1,62,,,,,
pytorch,pytorch,15409,"Bad error message when creating a class instance in script functions",1012,2,2018-12-19T21:02:39Z,2019-03-18T18:05:00Z,4,1,88,,,,,
pytorch,pytorch,15537,"RandomSampler length",700,2,2018-12-26T09:39:09Z,2019-01-14T05:53:05Z,5,1,18,,,,,
pytorch,pytorch,15338,"Inconsistent behavior of clamp on CPU / GPU with nans",941,1,2018-12-18T10:30:07Z,2019-01-02T12:14:29Z,3,1,15,,,,,
pytorch,pytorch,15344,"inspect.getargspec() is deprecated in Python 3",2992,1,2018-12-18T15:52:54Z,2018-12-21T17:41:51Z,1,1,3,bastonero,0,1,pr,medium
pytorch,pytorch,6773,"Indexing with list of booleans differs from numpy",652,1,2018-04-19T17:01:53Z,2018-12-21T03:26:23Z,14,1,245,,,,,
pytorch,pytorch,15214,"[collect_env] run doesn't support non-ascii characters in output",884,1,2018-12-14T10:21:57Z,2018-12-21T00:57:48Z,0,1,6,surgan12,1,1,commit,medium
pandas-dev,pandas,26564,"`pd.groupby` seems to mutate my `pd.Grouper` in-place",6315,3,2019-05-29T18:50:34Z,2025-09-19T18:34:54Z,5,1,2304,jarent-nvidia,0,1,pr,high
pandas-dev,pandas,62314,"DOC: Clarify parentheses vs. brackets",1194,2,2025-09-11T05:37:12Z,2025-09-19T16:44:12Z,4,1,8,AnandMukherjee2004,0,1,pr,high
pandas-dev,pandas,34681,"BUG: groupby.sum() is inconsistent with df.sum() for large integers",2899,6,2020-06-09T21:20:06Z,2025-09-19T11:56:24Z,28,1,1927,,,,,
pandas-dev,pandas,54409,"BUG: loc fails with tz_aware DateTimeIndex ",3203,5,2023-08-04T14:09:45Z,2025-09-10T18:37:50Z,5,1,768,skalwaghe-56,0,1,pr,high
pandas-dev,pandas,62094,"BUG: In main, TimedeltaIndex.shift() requires freq in the index, but it may not be available because it was computed",3075,4,2025-08-12T15:52:45Z,2025-09-10T18:34:33Z,15,1,29,Chenghaoxiang,0,1,pr,high
pandas-dev,pandas,27977,"DOC: Fix formatting errors in docstrings",5083,2,2019-08-17T21:19:25Z,2025-09-06T17:59:39Z,11,1,2211,refactoriel,0,1,pr,high
pandas-dev,pandas,27976,"Fix PR02 issues in docstrings",18661,2,2019-08-17T21:18:31Z,2025-09-06T17:58:01Z,20,1,2211,AminooZ,0,1,pr,medium
pandas-dev,pandas,22836,"DOC: Generating docs doesn't work if path has whitespaces",353,2,2018-09-26T11:26:31Z,2025-09-06T17:50:02Z,18,1,2537,thiviyanT,0,1,pr,medium
pandas-dev,pandas,20492,"issue when shifting with Timedelta in a groupby",1974,4,2018-03-26T17:33:46Z,2025-09-06T17:45:21Z,15,1,2721,,,,,
pandas-dev,pandas,19082,"BUG: Creating Index name using `names` names argument, doesn't set index name",1723,3,2018-01-04T20:05:02Z,2025-09-06T17:42:41Z,10,1,2801,topper-123,0,1,pr,medium
pandas-dev,pandas,17096,"DOC: use shared_docs for isna/notna & isnull/notnull",197,3,2017-07-27T09:59:34Z,2025-09-06T17:36:40Z,13,1,2963,,,,,
pandas-dev,pandas,16714,"inplace kwarg must be of bool type, but other boolean kwargs don't have this restriction",1726,5,2017-06-16T19:13:29Z,2025-09-06T17:32:30Z,14,1,3003,,,,,
pandas-dev,pandas,15609,"DOC: inconsistent docs-string signatures for shared functions",1469,2,2017-03-07T22:33:25Z,2025-09-06T17:23:59Z,8,1,3104,,,,,
pandas-dev,pandas,10720,"DOC/ERR: better error message on unsuccessful datetime parsing",204,4,2015-08-01T16:01:55Z,2025-09-06T17:19:09Z,22,1,3689,,,,,
pandas-dev,pandas,4599,"Give the merge copy parameter better documentation",169,2,2013-08-18T15:59:22Z,2025-09-06T17:05:55Z,10,1,4402,,,,,
pandas-dev,pandas,56853,"BUG: Insert then delete column into MultiIndex with timestamps leads to RecursionError",3196,5,2024-01-12T22:49:37Z,2025-09-06T00:43:17Z,7,1,602,skalwaghe-56,0,1,pr,high
pandas-dev,pandas,57936,"ENH:  Rename internal `DataFrame._append()` ",1048,3,2024-03-20T21:11:54Z,2025-08-21T20:35:57Z,12,1,518,whyvineet,0,1,pr,high
pandas-dev,pandas,61588,"CI: Test pandas with numpy 1.26",64,4,2025-06-06T14:17:38Z,2025-07-08T15:44:44Z,5,1,32,mroeschke,0,1,pr,high
pandas-dev,pandas,61733,"DOC: Index.infer_objects is missing from docs",570,3,2025-06-28T18:12:20Z,2025-06-30T17:20:12Z,0,1,1,PreethamYerragudi,0,1,pr,high
pandas-dev,pandas,61587,"WEB: Add table of content for the Ecosystem page",187,2,2025-06-06T13:56:03Z,2025-06-16T09:09:07Z,4,1,9,,,,,
pandas-dev,pandas,61557,"BUG: regex match in compliance tests no longer match pytest expected inputs",1724,3,2025-06-04T17:11:35Z,2025-06-13T17:44:32Z,2,1,9,iabhi4,0,1,pr,high
pandas-dev,pandas,61531,"CI: Micromamba taking too long to resolve the environments in the CI",655,3,2025-06-01T14:08:04Z,2025-06-13T14:34:13Z,6,1,12,datapythonista,0,1,pr,high
pandas-dev,pandas,61573,"WEB: Test that our versions JSON is valid",250,2,2025-06-05T18:59:22Z,2025-06-07T10:00:47Z,0,1,1,iabhi4,0,1,pr,high
pandas-dev,pandas,61571,"DOC: Version dropdown not working",241,2,2025-06-05T18:40:11Z,2025-06-05T19:25:20Z,0,1,0,datapythonista,0,1,pr,high
pandas-dev,pandas,61475,"BUG: More Indicative Error when pd.melt with duplicate columns",3861,4,2025-05-21T22:01:23Z,2025-05-30T16:43:56Z,2,1,8,ZanirP,0,1,pr,high
pandas-dev,pandas,61432,"DOC: Series.name is just Hashable, but many column arguments require str",888,3,2025-05-12T15:45:47Z,2025-05-20T21:40:33Z,1,1,8,cmp0xff,0,1,pr,high
pandas-dev,pandas,40680,"DOC: Additional items for the cheat sheet",811,2,2021-03-29T16:18:42Z,2025-05-11T17:29:58Z,41,1,1504,Shoestring42,0,1,pr,high
pandas-dev,pandas,61188,"BUG: date comparison fails when series is all pd.NaT values",3330,3,2025-03-27T09:24:05Z,2025-04-15T12:42:01Z,5,1,19,Mohit-Kundu,0,1,pr,high
pandas-dev,pandas,59458,"DOC: fix docstring validation errors for `pandas.Timestamp`",1321,3,2024-08-09T11:59:24Z,2025-04-07T16:57:54Z,29,1,241,j-hendricks,0,1,pr,high
pandas-dev,pandas,40735,"BUG (?): dtype.value_counts() shows categorical multiple times",2706,4,2021-04-01T18:47:58Z,2024-07-30T17:18:45Z,18,1,1215,jahn96,0,1,pr,high
pandas-dev,pandas,60550,"ENH: Passing a single value to `.describe(percentiles = [0.25])` returns 25th- and 50th-percentile",3570,2,2024-12-12T09:20:43Z,2025-03-21T21:13:05Z,11,1,99,MartinBraquet,0,1,pr,high
pandas-dev,pandas,61123,"DOC: `read_excel` `nrows` parameter reads extra rows when tables are adjacent (no blank row)",3510,3,2025-03-14T21:30:43Z,2025-03-19T20:37:24Z,1,1,4,robertutterback,0,1,pr,high
pandas-dev,pandas,59698,"DOC: fix docstring validation errors for pandas.Timedelta/pandas.TimedeltaIndex",1563,3,2024-09-03T18:44:37Z,2025-03-17T16:54:40Z,31,1,194,amanlai,0,1,pr,high
pandas-dev,pandas,46865,"STYLE replace flake8-rst with something maintained",622,2,2022-04-25T11:31:53Z,2025-03-14T11:45:19Z,17,1,1054,DeaMariaLeon,0,1,pr,medium
pandas-dev,pandas,60695,"BUG: Series constructor from dictionary drops key (index) levels when not all keys have same number of entries",3672,3,2025-01-11T19:14:38Z,2025-03-07T23:51:46Z,26,1,55,Anurag-Varma,0,1,pr,high
pandas-dev,pandas,35202,"BUG: `len(df.groupby(..., dropna=False))` raises ValueError: Categorical categories cannot be null",4807,4,2020-07-09T23:29:10Z,2025-02-28T21:50:50Z,13,1,1694,asharmalik19,0,1,pr,high
pandas-dev,pandas,59592,"DOC: fix docstring validation errors for pandas.Series",1356,3,2024-08-24T09:41:47Z,2025-02-25T17:47:59Z,37,1,185,ivonastojanovic,0,1,pr,medium
pandas-dev,pandas,60942,"BUG: pd.Series.rename(..., inplace=True) returns a pd.Series and not nont",3545,5,2025-02-16T15:42:49Z,2025-02-22T01:12:31Z,3,1,5,loicdiridollou,0,1,pr,high
pandas-dev,pandas,60750,"BUG: `pd.Series.isnumeric()` doesn't work on decimal value strings",3032,3,2025-01-21T22:51:24Z,2025-02-21T01:12:42Z,20,1,30,akj2018,0,1,pr,high
pandas-dev,pandas,25548,"Inconsistent behaviour when assigning to series?",732,3,2019-03-05T14:08:26Z,2025-02-19T21:18:38Z,9,1,2178,DhruvBShetty,0,1,pr,medium
pandas-dev,pandas,60563,"BUG: value_counts() returns error/wrong result with PyArrow categorical columns with nulls",6914,5,2024-12-14T00:59:58Z,2025-02-19T17:13:50Z,10,1,67,chilin0525,0,1,pr,high
pandas-dev,pandas,60237,"BUG: `.convert_dtypes(dtype_backend=""pyarrow"")` strips timezone from tz-aware pyarrow timestamp Series",3279,5,2024-11-08T06:29:30Z,2025-02-18T20:36:00Z,10,1,102,Anurag-Varma,0,1,pr,high
pandas-dev,pandas,58667,"DEPR: Deprecate method argument of reindex_like ",624,3,2024-05-10T18:46:30Z,2024-05-15T17:49:25Z,5,1,4,tomytp,0,1,pr,high
pandas-dev,pandas,16300,"Wrong error message in HDFStore.append when appending dataframe with None item in previously string-only column",8369,4,2017-05-09T14:08:39Z,2025-02-05T17:48:58Z,9,1,2829,JakeTT404,0,1,pr,high
pandas-dev,pandas,20883,"Unexpected results when filtering with .isin (some fields contain python datastructures)",2770,2,2018-04-30T16:17:15Z,2022-12-02T19:58:43Z,12,1,1677,ltoniazzi,0,1,pr,high
pandas-dev,pandas,22801,"DataFrame.to_dict can result in data loss when indexes are not unique",1696,2,2018-09-21T16:47:08Z,2018-10-11T13:09:06Z,4,1,19,jameswinegar,0,1,pr,high
pandas-dev,pandas,60727,"DOC: Add comparison with SPSS",584,2,2025-01-17T18:18:52Z,2025-01-22T18:41:46Z,1,1,5,Jacob-Lazar,0,1,pr,high
pandas-dev,pandas,59041,"ENH: .isin() method should use __contains__ rather than __iter__ for user-defined classes to determine presence.",1564,3,2024-06-18T05:54:58Z,2024-07-08T18:15:26Z,10,1,20,AnaDenisa,0,1,pr,high
pandas-dev,pandas,40139,"ENH:AttributeError: 'SeriesGroupBy' object has no attribute 'kurtosis'",2297,3,2021-03-01T09:54:02Z,2025-01-10T17:42:37Z,11,1,1411,snitish,0,1,pr,high
pandas-dev,pandas,15275,"DataFrameGroupBy.idxmin() returns DataFrame, documentation says Series",1855,3,2017-01-31T23:36:06Z,2024-12-03T18:43:00Z,11,1,2862,Axeldnahcram,0,1,pr,high
pandas-dev,pandas,47971,"BUG: pivot_table downcasting dtypes even if not necessary",1265,4,2022-08-04T21:13:04Z,2024-11-21T16:23:09Z,5,1,839,AbhishekChaudharii,0,1,pr,high
pandas-dev,pandas,49236,"ENH: Expose `to_pandas_kwargs` in `read_parquet` for pyarrow engine",5017,4,2022-10-21T16:38:28Z,2024-11-21T07:52:13Z,7,1,761,kleinhenz,0,1,pr,high
pandas-dev,pandas,60084,"BUG: arithmetic can break equality-hash invariant for Timestamp during DST transition",4325,5,2024-10-22T21:13:08Z,2024-11-17T13:52:52Z,15,1,25,KevsterAmp,0,1,pr,high
pandas-dev,pandas,59904,"BUG: pd.read_csv date parsing not working with dtype_backend=""pyarrow"" and missing values",3035,6,2024-09-26T13:22:38Z,2024-11-15T18:20:12Z,12,1,50,KevsterAmp,0,1,pr,high
pandas-dev,pandas,60307,"DOC: Dataframe.from_records should not say that passing in a DataFrame for data is allowed",1206,3,2024-11-13T22:05:30Z,2024-11-14T17:18:58Z,2,1,0,U-S-jun,0,1,pr,high
pandas-dev,pandas,59884,"BUG: Disabling pandas option display.html.use_mathjax has no effect",3422,3,2024-09-25T08:53:52Z,2024-11-14T17:16:19Z,6,1,50,KevsterAmp,0,1,pr,high
pandas-dev,pandas,60275,"DOC: Document merge_cells=""columns"" in to_excel",189,3,2024-11-10T16:03:58Z,2024-11-13T21:07:35Z,2,1,3,ZKaoChi,0,1,pr,high
pandas-dev,pandas,18696,"Groupby with function returning a tuple fails if index has a name",1569,3,2017-12-08T17:57:36Z,2024-11-10T17:15:05Z,9,1,2528,,,,,
pandas-dev,pandas,59950,"BUG: DataFrame.query() throws error when df has duplicate column names",4291,3,2024-10-03T09:07:39Z,2024-11-05T19:00:31Z,12,1,33,miguelcsx,0,1,pr,high
pandas-dev,pandas,60102,"BUG: Frequency shift on empty DataFrame doesn't shift index",2788,4,2024-10-24T18:49:30Z,2024-11-05T18:41:40Z,2,1,11,eightyseven,0,1,pr,high
pandas-dev,pandas,58713,"BUG: pd.merge fail with numpy.uintc on Windows",4903,4,2024-05-14T08:21:14Z,2024-11-01T16:56:02Z,4,1,171,AbhishekChaudharii,0,1,pr,high
pandas-dev,pandas,32550,"Fix capitalization among headings in documentation files",6922,2,2020-03-09T02:53:20Z,2024-10-30T19:47:31Z,48,1,1696,steeleelliott03,0,1,pr,high
pandas-dev,pandas,60066,"PERF: df.astype(""float64[pyarrow]"") is slow, df.astype(""Float64"") is super slow",3032,4,2024-10-18T03:03:51Z,2024-10-30T19:31:20Z,4,1,12,auderson,0,1,pr,high
pandas-dev,pandas,59902,"docs: update `freq` description for `pd.Timedelta.ceil` to match `DatetimeIndex.ceil`'s `freq` description",3716,3,2024-09-26T12:20:49Z,2024-10-30T18:33:15Z,14,1,34,eightyseven,0,1,pr,high
pandas-dev,pandas,60091,"BUG: Merging on two non-monotonic `np.intc` arrays fails",5506,3,2024-10-23T20:14:20Z,2024-10-27T13:32:55Z,4,1,3,AbhishekChaudharii,0,1,pr,medium
pandas-dev,pandas,59938,"BUG: Inconsistent treatment of NaNs when `.apply()` function is used on categorical columns",4010,4,2024-10-02T10:47:47Z,2024-10-04T21:19:58Z,2,1,2,saldanhad,0,1,pr,high
pandas-dev,pandas,59876,"BUG: `pd.options.display.float_format` did not follow left side or before decimal places format ",2980,3,2024-09-23T09:28:23Z,2024-10-04T19:45:31Z,21,1,11,saldanhad,0,1,pr,high
pandas-dev,pandas,59712,"BUG: groupby().any() returns True instead of False for groups where timedelta column is all null",3014,4,2024-09-04T23:21:23Z,2024-10-01T20:33:43Z,9,1,26,Petroncini,0,1,pr,high
pandas-dev,pandas,57416,"DOC: fix RT03 errors in docstrings ",878,2,2024-02-14T05:13:11Z,2024-03-18T02:00:59Z,18,1,32,bergnerjonas,0,1,pr,medium
pandas-dev,pandas,27220,"json_normalize does not handle nested meta paths when also using a nested record_path",5756,3,2019-07-03T22:03:41Z,2020-05-09T19:50:47Z,8,1,310,LTe,0,1,pr,high
pandas-dev,pandas,59670,"DOC: Document that DataFrame.from_records()'s columns argument also acts as ""include""",1132,3,2024-08-30T19:34:56Z,2024-09-06T18:14:10Z,5,1,6,ammar-qazi,0,1,pr,high
pandas-dev,pandas,59695,"DOC: methods in see also section in the pandas.core.groupby.DataFrameGroupBy.agg are not hyperlinks",874,3,2024-09-03T14:22:57Z,2024-09-04T16:39:44Z,4,1,1,doshi-kevin,0,1,pr,high
pandas-dev,pandas,16827,"Scatter plot with colour_by and size_by variables",3147,3,2017-07-05T01:30:22Z,2024-09-03T21:42:24Z,11,1,2617,michaelmannino,0,1,pr,high
pandas-dev,pandas,34531,"Extreme performance issue in pandas 1.0.3 when setting a new column with DatetimeIndex",1082,5,2020-06-02T14:24:25Z,2024-08-25T19:26:41Z,10,1,1545,jbrockmendel,0,1,pr,medium
pandas-dev,pandas,26889,"Performance issue when replacing a sting column with integer",1500,3,2019-06-16T18:51:08Z,2024-08-25T19:26:15Z,9,1,1897,,,,,
pandas-dev,pandas,26475,"df.groupby on a column with complex numbers is broken",433,5,2019-05-20T20:38:53Z,2024-08-25T19:10:37Z,5,1,1923,alimcmaster1,0,1,pr,medium
pandas-dev,pandas,59532,"DOC: Wrong bug number in what's new v3.0.0",723,2,2024-08-16T18:25:52Z,2024-08-19T19:59:35Z,3,1,3,matsidzi,0,1,pr,high
pandas-dev,pandas,52536,"BUG: Either incorrect unit validation for 'T' in to_timedelta() or incorrect documentation",3169,3,2023-04-08T06:10:46Z,2023-06-20T11:07:32Z,13,1,73,natmokval,0,1,pr,high
pandas-dev,pandas,53071,"BUG: Add ``numeric_only`` to function signature of ``DataFrameGroupBy.cumprod`` and ``DataFrameGroupBy.cumsum`",773,4,2023-05-04T13:24:26Z,2024-08-06T21:03:04Z,13,1,460,maushumee,0,1,pr,high
pandas-dev,pandas,58065,"DOC: Enforce Numpy Docstring Validation | pandas.DataFrame",1841,2,2024-03-29T07:02:58Z,2024-07-17T19:17:03Z,34,1,110,shriyakalakata,0,1,pr,high
pandas-dev,pandas,59130,"DOC: ""Accelerated operations"" talks about speedup in obsolete versions of Pandas",878,2,2024-06-28T00:31:12Z,2024-08-05T17:41:22Z,9,1,38,anuk909,0,1,pr,medium
pandas-dev,pandas,59309,"pandas.Series.groupby example is not relevant",552,2,2024-07-25T11:14:33Z,2024-07-31T01:46:49Z,6,1,5,ApoorvApoorv,0,1,pr,high
pandas-dev,pandas,50864,"BUG: numpy.maximum(pandas.Timestamp(...), pandas.Series(..., dtype='datetime64')) fails with TypeError",4192,2,2023-01-19T14:41:15Z,2024-07-29T18:00:00Z,6,1,557,tirthrajj,0,1,pr,high
pandas-dev,pandas,19159,"Document our pytest fixtures",15909,3,2018-01-09T20:14:16Z,2024-07-23T16:31:52Z,20,1,2386,sliuos,0,1,pr,high
pandas-dev,pandas,38990,"DOC: add comparison to spreadsheets",2249,3,2021-01-06T02:49:22Z,2024-07-21T06:38:57Z,16,1,1292,afeld,0,1,pr,medium
pandas-dev,pandas,18220,"DOC: DataFrame.groupy.agg with a list of tuples",599,3,2017-11-10T20:19:17Z,2024-07-19T22:54:03Z,6,1,2443,jahn96,0,1,pr,medium
pandas-dev,pandas,59095,"DOC: to_sql docs should mention ADBC",609,2,2024-06-25T12:39:47Z,2024-07-08T15:36:58Z,2,1,13,wooseogchoi,0,1,pr,high
pandas-dev,pandas,10899,"read_sql should accept a sql_params parameter",905,3,2015-08-24T20:23:42Z,2024-06-26T05:33:10Z,13,1,3228,erichxchen,0,1,pr,medium
pandas-dev,pandas,59010,"DOC: Link to SPEC 0 instead of NEP 29",473,2,2024-06-14T01:43:45Z,2024-06-14T22:52:55Z,2,1,0,tilovashahrin,0,1,pr,high
pandas-dev,pandas,49201,"DOC: Adding new columns in a DataFrame of Nullable type might be better explained",1943,3,2022-10-20T10:34:06Z,2024-06-06T21:01:05Z,6,1,595,giormala,0,1,pr,high
pandas-dev,pandas,58824,"DOC: Enhance the docstrings to provide more detailed explanations for the functions and their parameters in Common.py",2595,2,2024-05-24T21:56:05Z,2024-05-31T18:33:19Z,3,1,6,santhoshbethi,0,1,pr,high
pandas-dev,pandas,55435,"DOC: Add docstrings for MultiIndex.levels and MultiIndex.codes",546,3,2023-10-07T11:00:22Z,2024-05-24T15:32:16Z,21,1,230,shiersansi,0,1,pr,medium
pandas-dev,pandas,21340,"Groupby on a column with tuples creates a multiindex, yielding unexpected behaviour.",2599,6,2018-06-06T15:25:27Z,2024-05-08T19:14:32Z,7,1,2163,jasonmokk,0,1,pr,high
pandas-dev,pandas,15302,"BUG: read_csv with date_parser lock file open on failure",1160,3,2017-02-03T21:44:28Z,2024-05-07T22:26:48Z,18,1,2650,,,,,
pandas-dev,pandas,58446,"BUG: `groupby.agg` with `as_index=False` and duplicate columns in `by` fails with `pd.NamedAgg`.",3449,4,2024-04-26T21:12:49Z,2024-05-06T18:24:28Z,5,1,9,jasonmokk,0,1,pr,high
pandas-dev,pandas,58465,"PERF: shift() of boolean series gives drawdown by an order of magnitude with default filling np.NaN comparing with filling by bool like False",2848,3,2024-04-28T19:12:16Z,2024-05-06T17:04:55Z,7,1,7,SongYeongEng,0,1,pr,high
pandas-dev,pandas,55431,"BUG: AttributeError: 'DatetimeArray' object has no attribute 'notna' in pandas 2.1.1",4232,4,2023-10-06T22:37:01Z,2024-04-29T18:49:52Z,11,1,205,jasonmokk,0,1,pr,high
pandas-dev,pandas,37062,"ENH: MultiIndex.dtypes",1038,4,2020-10-11T22:01:00Z,2020-12-11T23:04:19Z,4,1,61,skvrahul,0,1,pr,high
pandas-dev,pandas,55776,"BUG: Parquet size grows exponential for categorical data ",5263,4,2023-10-31T11:07:30Z,2024-04-19T00:01:55Z,13,1,170,abeltavares,0,1,pr,high
pandas-dev,pandas,54315,"TST: div/truediv with PyArrow duration types",143,3,2023-07-30T17:41:03Z,2024-04-15T17:13:22Z,9,1,259,mroeschke,0,1,pr,high
pandas-dev,pandas,58246,"How do I read and write tabular data?",1151,3,2024-04-13T04:44:08Z,2024-04-15T16:47:32Z,2,1,2,jmbenson,0,1,pr,high
pandas-dev,pandas,53072,"ENH: Add ``numeric_only`` to ``DataFrame.cum*`` methods",704,4,2023-05-04T13:26:43Z,2024-04-11T15:20:50Z,9,1,343,weikhor,0,1,pr,high
pandas-dev,pandas,57087,"BUG:  `DataFrame.any()` inconsistent with other methods",3290,3,2024-01-26T18:20:31Z,2024-04-09T16:58:29Z,5,1,73,Aloqeely,0,1,pr,high
pandas-dev,pandas,49202,"DOC: Improve the register_index_accessor Documentation",650,3,2022-10-20T11:15:22Z,2024-04-03T18:12:53Z,10,1,531,sjalkote,0,1,pr,high
pandas-dev,pandas,35296,"DOC: Reccomended use of read_csv's date_parser parameter is very slow",8013,5,2020-07-15T19:51:10Z,2024-04-02T20:13:41Z,13,1,1357,ShashwatAgrawal20,0,1,pr,high
pandas-dev,pandas,57792,"BUG: read_csv inconsistent behavior",4022,3,2024-03-09T23:44:19Z,2024-04-01T18:42:55Z,7,1,22,quangngd,0,1,pr,high
pandas-dev,pandas,57088,"DOC: `DataFrame.any()` and `DataFrame.all()` documentation specifies the wrong return types",913,3,2024-01-26T18:30:14Z,2024-04-01T17:32:03Z,6,1,65,lamprinikourou,0,1,pr,high
pandas-dev,pandas,57392,"DOC: fix SA05 errors in docstrings ",875,3,2024-02-13T03:17:47Z,2024-02-16T17:24:31Z,31,1,3,williamking1221,0,1,pr,high
pandas-dev,pandas,57438,"DOC: fix PR01 errors in docstrings ",873,3,2024-02-15T19:46:43Z,2024-03-18T02:00:31Z,12,1,31,Deen-dot,0,1,pr,medium
pandas-dev,pandas,57440,"DOC: fix ES01 errors in docstrings ",876,3,2024-02-15T19:59:20Z,2024-02-26T17:57:10Z,15,1,10,jordan-d-murphy,0,1,pr,medium
pandas-dev,pandas,57443,"DOC: fix GL08 errors in docstrings ",873,3,2024-02-15T21:30:57Z,2024-03-18T02:00:21Z,18,1,31,jordan-d-murphy,0,1,pr,medium
pandas-dev,pandas,57111,"DOC: fix PR02 errors in docstrings",943,3,2024-01-28T06:15:24Z,2024-03-18T02:01:11Z,36,1,49,jordan-d-murphy,0,1,pr,medium
pandas-dev,pandas,37093,"BUG: groupby-transform produces NaN for series keys with as_index=False",2529,4,2020-10-13T07:09:16Z,2024-03-28T17:58:53Z,6,1,1262,undermyumbrella1,0,1,pr,high
pandas-dev,pandas,57831,"DOC: Remove Dask and Modin sections in `scale.rst` in favor of linking to ecosystem docs.",481,2,2024-03-13T17:52:22Z,2024-03-15T21:43:33Z,3,1,2,yukikitayama,0,1,pr,high
pandas-dev,pandas,57092,"DOC: `Series.interpolate` and `DataFrame.Interpolate` refer to methods that are no longer there.",941,3,2024-01-26T19:19:32Z,2024-03-05T02:50:36Z,3,1,38,sjalkote,0,1,pr,high
pandas-dev,pandas,56784,"BUG: DataFrame.drop_duplicates method fails when a column with a list dtype is present",1916,3,2024-01-08T21:27:01Z,2024-03-05T00:55:25Z,7,1,56,flaviaouyang,0,1,pr,high
pandas-dev,pandas,42016,"BUG: groupby with dropna=False and 'unique' aggregate creates duplicated index",3188,5,2021-06-15T11:06:26Z,2024-03-05T00:47:11Z,4,1,993,luke396,0,1,pr,high
pandas-dev,pandas,57457,"BUG: Endianness problem with weird data types and shape",3067,3,2024-02-16T15:58:37Z,2024-02-20T17:11:03Z,6,1,4,natmokval,0,1,pr,high
pandas-dev,pandas,57419,"DOC: Add example for DataFrame.pow",322,3,2024-02-14T13:57:29Z,2024-02-19T23:38:31Z,0,1,5,santhoshbethi,0,1,pr,high
pandas-dev,pandas,57259,"DOC: `CategoricalDtype` equality semantics aren't completely described",1533,3,2024-02-05T08:03:57Z,2024-02-17T12:25:58Z,12,1,12,luke396,0,1,pr,high
pandas-dev,pandas,34164,"BUG: grouping with categorical interval columns",5229,2,2020-05-13T21:47:26Z,2024-02-14T21:10:47Z,11,1,1371,PrimeF,0,1,pr,medium
pandas-dev,pandas,37491,"BUG: Inconsistent data type conversion with .sum",2642,4,2020-10-29T17:33:34Z,2024-02-08T23:26:33Z,12,1,1197,banorton,0,1,pr,high
pandas-dev,pandas,56718,"ENH: raise TypeError if offsets which are not supported as period frequency pass to asfreq  ",1010,2,2024-01-03T21:00:41Z,2024-02-07T13:41:46Z,7,1,34,aram-cedarwood,0,1,pr,high
pandas-dev,pandas,57165,"WEB: Follow us buttons in the pandas home page not displaying",462,2,2024-01-31T05:43:46Z,2024-02-05T17:32:54Z,7,1,5,koushik-rout-samsung,0,1,pr,high
pandas-dev,pandas,57248,"BUG: breaking type annotation of `format_percentiles` function in `io/formats/format.py`",848,3,2024-02-04T13:42:42Z,2024-02-04T16:05:21Z,1,1,0,MarkBekooy,0,1,pr,high
pandas-dev,pandas,56972,"DOC: Clarifying Terminology:  ""Brackets"" vs ""Parentheses""",1434,3,2024-01-20T05:07:56Z,2024-02-04T15:24:15Z,7,1,15,nkasing,0,1,pr,high
pandas-dev,pandas,17505,"DOC: nice links / examples for setting with copy & aggregation",301,2,2017-09-13T01:38:13Z,2024-02-04T15:18:25Z,2,1,2335,phofl,0,1,pr,high
pandas-dev,pandas,57217,"WEB: Broken link to Anaconda",146,2,2024-02-02T22:48:44Z,2024-02-03T01:23:01Z,1,1,0,chrish935,0,1,pr,high
pandas-dev,pandas,57099,"Community slack link broken",430,3,2024-01-27T01:52:13Z,2024-01-30T07:38:33Z,4,1,3,jrmylow,0,1,pr,high
pandas-dev,pandas,56712,"BUG: Interchange protocol implementation does not handle `timestamp[ns][pyarrow]` type correctly",2953,3,2024-01-03T09:07:19Z,2024-01-29T12:53:50Z,4,1,26,aidoskanapyanov,0,1,pr,high
pandas-dev,pandas,55224,"BUG: Series.value_counts with sort=False returns result sorted on values for Series with string dtype",3954,4,2023-09-21T07:09:28Z,2024-01-29T00:04:26Z,13,1,129,yuanx749,0,1,pr,high
pandas-dev,pandas,16310,"Documentation on Performance considerations",584,3,2017-05-09T20:20:07Z,2024-01-27T23:04:37Z,4,1,2454,,,,,
pandas-dev,pandas,53286,"DOC: 404 Error when trying to switch doc versions from 1.4.4 version page",869,2,2023-05-18T12:34:35Z,2024-01-24T12:35:51Z,26,1,251,,,,,
pandas-dev,pandas,56804,"DOC: fix EX03 errors in docstrings",934,3,2024-01-09T23:41:29Z,2024-01-23T21:22:07Z,66,1,13,Deekshita-S,0,1,pr,medium
pandas-dev,pandas,56330,"BUG: df.mask with int df throws ValueError instead of TypeError",2727,3,2023-12-04T22:33:45Z,2024-01-23T21:23:13Z,9,1,49,DarthKitten2130,0,1,pr,medium
pandas-dev,pandas,56716,"CLN: Use assert_produces_warning instead of pytest.raises to show FutureWarning",163,3,2024-01-03T20:11:44Z,2024-01-23T17:56:07Z,5,1,19,mgorny,0,1,pr,high
pandas-dev,pandas,21825,"DOC: Series.mask() should point to Series.where() and vice versa",815,2,2018-07-09T11:47:37Z,2024-01-22T23:26:35Z,3,1,2023,ronarbo,0,1,pr,high
pandas-dev,pandas,20601,"ERR: pivot_table when number of levels larger than int32 range",1785,4,2018-04-04T02:20:11Z,2018-12-31T13:16:44Z,7,1,271,sweb,0,1,pr,high
pandas-dev,pandas,56876,"DOC: Remove references to `AxesSubPlot`",585,5,2024-01-14T17:49:32Z,2024-01-18T17:24:54Z,5,1,3,manlattan,0,1,pr,high
pandas-dev,pandas,47942,"BUG: Resampler.quantile produce inconsistent results when interpolation='nearest' and q=0.5",3222,4,2022-08-03T11:47:33Z,2024-01-18T17:03:45Z,2,1,533,yuanx749,0,1,pr,high
pandas-dev,pandas,56877,"DOC:  indicate that `origin` argument can be a string that is timestamp convertible",942,3,2024-01-14T18:31:34Z,2024-01-17T18:08:44Z,2,1,2,manlattan,0,1,pr,high
pandas-dev,pandas,56592,"BUG: Docs won't build (S3 bucket does not exist)",3099,2,2023-12-21T20:41:40Z,2024-01-15T18:15:50Z,11,1,24,JackCollins91,0,1,pr,high
pandas-dev,pandas,56717,"TST: test for Styler.applymap_index",209,2,2024-01-03T20:42:01Z,2024-01-11T16:48:44Z,7,1,7,jomorodi,0,1,pr,high
pandas-dev,pandas,56607,"BUG: Series.diff does no arg validation unlike df.diff for `periods`",5671,4,2023-12-23T01:46:03Z,2024-01-07T16:18:48Z,8,1,15,pmhatre1,0,1,pr,high
pandas-dev,pandas,56652,"BUG: Pyarrow implementation of str.fullmatc matches partial string",3269,4,2023-12-28T07:50:11Z,2024-01-03T18:41:24Z,4,1,6,JackCollins91,0,1,pr,high
pandas-dev,pandas,18869,"Groupby doesn't call aggregation on empty groups",503,5,2017-12-20T13:15:36Z,2023-12-27T16:07:39Z,6,1,2198,TomAugspurger,0,1,pr,medium
pandas-dev,pandas,56475,"DOC: Add note about `git fetch upstream --tags` to contributing guide",630,2,2023-12-12T19:00:53Z,2023-12-19T20:09:25Z,2,1,7,,,,,
pandas-dev,pandas,50885,"WEB: Better management of releases in the pandas home page",1844,2,2023-01-20T04:44:56Z,2023-12-13T05:22:56Z,6,1,327,Dukastlik,0,1,pr,high
pandas-dev,pandas,56283,"BUG: `.style.bar` doesn't work with missing pyarrow values",9497,3,2023-12-01T16:41:35Z,2023-12-11T19:06:18Z,1,1,10,ccccjone,0,1,pr,high
pandas-dev,pandas,46573,"BUG: prod and groupby.prod behave differently",1740,5,2022-03-30T12:50:12Z,2023-12-09T13:34:48Z,11,1,619,ccccjone,0,1,pr,high
pandas-dev,pandas,41550,"BUG: Automatic data alignment fails in the `transform` method of `GroupBy` objects",5505,4,2021-05-18T20:12:37Z,2023-11-28T21:39:57Z,9,1,924,,,,,
pandas-dev,pandas,37715,"TYP: investigate/fix ignored mypy errors",21386,3,2020-11-09T13:08:21Z,2023-11-21T17:48:29Z,25,1,1107,simonjayhawkins,0,1,pr,medium
pandas-dev,pandas,21564,"Tick DateOffset Normalize whatsnew entry has an error",328,4,2018-06-20T21:00:00Z,2023-11-21T17:42:59Z,14,1,1979,uds5501,0,1,pr,medium
pandas-dev,pandas,13919,"ERR: Categoricals should not allow non-strings when an object dtype is passed",1373,6,2016-08-05T13:11:06Z,2023-11-21T17:40:11Z,12,1,2664,,,,,
pandas-dev,pandas,26568,"BUG: pivot_table with margins=True and numeric columns is buggy",3102,3,2019-05-29T21:29:52Z,2023-11-20T17:58:29Z,3,1,1635,alex-gregory-ds,0,1,pr,high
pandas-dev,pandas,19299,"DataFrame.__setitem__ performance regression with object dtype",803,3,2018-01-18T15:51:29Z,2023-11-14T01:11:13Z,2,1,2125,quangngd,0,1,pr,high
pandas-dev,pandas,22257,"get_group(...) fails for groupby(...) based on a function",1992,6,2018-08-09T09:27:04Z,2023-11-13T19:05:05Z,4,1,1922,quangngd,0,1,pr,high
pandas-dev,pandas,55843,"Internal `read_excel()` typing for `index_col` is incorrect",674,3,2023-11-06T15:22:18Z,2023-11-07T15:41:57Z,5,1,1,shyamala-venkat,0,1,pr,high
pandas-dev,pandas,55489,"BUG: pandas.read_excel() with dtype=object is broken in pandas 2.1.1",3552,3,2023-10-11T19:26:39Z,2023-10-30T16:43:55Z,8,1,18,gadeatric,0,1,pr,high
pandas-dev,pandas,54727,"ENH: make guess_datetime_format public",689,3,2023-08-24T16:49:56Z,2023-10-27T02:19:24Z,14,1,63,nnlnr,0,1,pr,high
pandas-dev,pandas,13217,"BUG: groupby, as_index=False still returning group variable as index",1189,4,2016-05-18T15:25:39Z,2021-05-12T13:27:56Z,13,1,1819,mroeschke,0,1,pr,high
pandas-dev,pandas,43412,"BUG: a duplicated index would cause groupby.fillna(method='ffill') a wrong result",3581,4,2021-09-05T06:57:40Z,2023-10-09T18:30:37Z,7,1,764,josemayer,0,1,pr,high
pandas-dev,pandas,55436,"DOC: Move bug fixes in whatsnew for 2.2.0 into the appropriate subsection",350,2,2023-10-07T13:44:34Z,2023-10-08T22:56:49Z,1,1,1,issamarabi,0,1,pr,high
pandas-dev,pandas,27994,"DataFrame.drop with empty DatetimeIndex behaves differently than passing empty Index",3030,3,2019-08-18T13:38:22Z,2022-11-16T10:29:02Z,10,1,1185,unknown,0,1,pr,medium
pandas-dev,pandas,55311,"DOC: Issue triage updates",1012,2,2023-09-27T20:40:36Z,2023-10-07T14:22:53Z,13,1,9,chris-caballero,0,1,pr,high
pandas-dev,pandas,55148,"BUG: MultiIndex.levels[x] of sliced DataFrame returns values from the non-sliced index",3525,3,2023-09-15T17:03:14Z,2023-10-07T11:00:56Z,6,1,21,,,,,
pandas-dev,pandas,20660,"DataFrame.groupby.sum() is extremely slow when dtype is timedelta64[ns] compared to int64.",1878,2,2018-04-11T21:18:59Z,2023-09-25T18:20:54Z,11,1,1992,josemayer,0,1,pr,high
pandas-dev,pandas,54547,"DOC: axis=None does not aggregate along both axes for sum method",1408,3,2023-08-14T23:35:36Z,2023-09-22T16:50:53Z,8,1,38,natmokval,0,1,pr,high
pandas-dev,pandas,54206,"BUG: Grouped rank incorrect behaviour with nullable types",3202,5,2023-07-20T11:49:08Z,2023-09-22T02:30:53Z,4,1,63,Sai-Suraj-27,0,1,pr,high
pandas-dev,pandas,50383,"BUG: Inconsistency with grouping columns in agg",626,4,2022-12-21T18:39:05Z,2023-09-19T10:40:16Z,3,1,271,ihsansecer,0,1,pr,high
pandas-dev,pandas,50100,"BUG: GroupBy.ngroup dropna=False inconsistency when using Categorical",3563,3,2022-12-07T08:46:01Z,2023-09-06T17:17:34Z,12,1,273,josemayer,0,1,pr,high
pandas-dev,pandas,54836,"TST: Add tests for DataFrame/Series.value_counts with missing categories",313,4,2023-08-29T05:18:59Z,2023-08-31T20:58:08Z,2,1,2,rsm-23,0,1,pr,high
pandas-dev,pandas,54873,"DEPR: Add note to groupby docstring about deprecation of axis=1",245,4,2023-08-30T19:27:18Z,2023-08-31T20:17:29Z,3,1,1,rsm-23,0,1,pr,high
pandas-dev,pandas,54229,"DEPR: Positional arguments in to_* I/O methods",416,3,2023-07-22T19:20:05Z,2023-08-23T21:15:49Z,20,1,32,rsm-23,0,1,pr,high
pandas-dev,pandas,50372,"BUG: Can't mix tuples and strings in column names with Numpy>=1.24",4654,2,2022-12-21T09:42:43Z,2023-08-23T21:12:46Z,6,1,245,DRiXD,0,1,pr,high
pandas-dev,pandas,54492,"DOC: tzdata should be listed as a required dependency since 2.0.0",432,2,2023-08-11T03:24:07Z,2023-08-15T18:59:36Z,3,1,4,rsm-23,0,1,pr,high
pandas-dev,pandas,54191,"BUG: `convert_dtypes(dtype_backend=""pyarrow"")` converts `""timestamp[ms][pyarrow]""` to `""timestamp[ns][pyarrow]""`",2886,2,2023-07-19T12:31:05Z,2023-08-09T17:00:44Z,5,1,21,Julian048,0,1,pr,high
pandas-dev,pandas,54167,"BUG: DataFrame html repr does not work for complex dtypes if DataFrame is empty",2667,5,2023-07-17T17:51:30Z,2023-08-08T19:53:18Z,8,1,22,soumya1729,0,1,pr,high
pandas-dev,pandas,16676,"BUG / ENH: Implement groupby_helper funcs for int",1248,6,2017-06-12T06:03:10Z,2023-08-02T01:32:18Z,4,1,2241,austinauyeung,0,1,pr,high
pandas-dev,pandas,17977,"DataFrameGroupBy does not support partial indexing",12938,5,2017-10-25T09:02:30Z,2023-08-01T17:50:05Z,7,1,2106,raj-thapa,2,1,pr,high
pandas-dev,pandas,26195,"AWS_S3_HOST environment variable no longer available",1898,3,2019-04-23T14:10:53Z,2023-07-28T23:08:53Z,7,1,1557,kvn4,1,1,pr,high
pandas-dev,pandas,13950,"DOC: more documentation that pandas by-default aligns when setting",1822,3,2016-08-09T14:05:39Z,2023-07-24T20:32:58Z,4,1,2540,raj-thapa,1,1,pr,high
pandas-dev,pandas,48635,"DOC: `value_counts` description doesn't match code logic",1061,3,2022-09-19T08:51:04Z,2023-07-20T20:27:30Z,11,1,304,ArchPh03nix,1,1,pr,high
pandas-dev,pandas,50496,"DOC: MultiIndex methods not grouped together",1444,3,2022-12-29T23:00:11Z,2023-07-17T17:58:25Z,3,1,199,coco90417,2,1,pr,high
pandas-dev,pandas,31516,"query works for string data type columns with missing values but not for boolean indexing",3064,5,2020-01-31T19:43:18Z,2023-07-17T17:00:43Z,2,1,1262,tntmatthews,1,1,pr,high
pandas-dev,pandas,50392,"CLN remove unnecessary numba-compat code",148,2,2022-12-22T12:19:26Z,2023-07-10T19:37:42Z,5,1,200,MarcoGorelli,289,0,pr,medium
pandas-dev,pandas,53358,"BUG: `Series.replace` doesn't update `CategoricalDtype` when `inplace=True` in pandas-2.0",3336,2,2023-05-23T20:20:41Z,2023-07-07T17:06:55Z,8,1,44,natmokval,70,0,pr,high
pandas-dev,pandas,49046,"DOC: Add entry to pandas extension list ",1001,3,2022-10-11T17:39:15Z,2023-07-06T21:10:00Z,7,1,268,rsm-23,7,0,pr,high
pandas-dev,pandas,47282,"DOC: 10 Minutes Guide has assumed knowledge on new users",1808,2,2022-06-08T10:19:03Z,2023-07-06T20:31:33Z,4,1,393,rsm-23,6,0,pr,high
pandas-dev,pandas,49939,"DOC: better explain the automatic alignment process",1668,2,2022-11-28T08:52:55Z,2023-07-05T17:21:02Z,17,1,219,rsm-23,5,0,pr,high
pandas-dev,pandas,39443,"BUG: Concatenating categorical datetime columns raises a ValueError since v1.2",5189,2,2021-01-27T21:37:24Z,2023-06-30T19:59:23Z,12,1,883,rsm-23,4,0,pr,high
pandas-dev,pandas,38859,"ENH: Implement '_period_dtype_code' attribute to 'pandas._libs.tslibs.offsets.MonthBegin'",2771,3,2020-12-31T17:37:55Z,2023-06-27T09:36:46Z,13,1,907,rsm-23,3,0,pr,high
pandas-dev,pandas,47953,"BUG: inconsistent behavior of DateOffset",2403,4,2022-08-03T23:06:10Z,2023-06-23T15:15:02Z,15,1,323,rsm-23,2,1,pr,high
pandas-dev,pandas,53770,"DOC: to_orc example doesn't render",939,2,2023-06-21T13:31:50Z,2023-06-21T19:52:05Z,1,1,0,rahulsiloniya,1,1,pr,high
pandas-dev,pandas,11823,"Dataframe loading with duplicated columns and usecols",1083,4,2015-12-11T11:35:17Z,2023-06-20T17:55:25Z,19,1,2748,liang3zy22,18,0,pr,high
pandas-dev,pandas,53545,"DEPR: `obj` argument in `GroupBy.get_group`",1117,3,2023-06-06T20:19:05Z,2023-06-19T01:46:41Z,6,1,12,natmokval,63,0,pr,high
pandas-dev,pandas,9506,"BUG: DataFrame Apply unexpectedly casts types (uint64)",1312,5,2015-02-17T18:29:12Z,2023-06-13T16:20:54Z,2,1,3037,liang3zy22,17,0,pr,high
pandas-dev,pandas,31355,"BUG: Calling cartesian_product with large combinatorial space overflows int64 gives misleading errors",6597,2,2020-01-27T16:25:20Z,2020-09-13T20:22:37Z,2,1,230,TAJD,0,1,pr,high
pandas-dev,pandas,51022,"BUG: Series.take needs to validate axis",120,4,2023-01-27T15:30:39Z,2023-06-07T17:02:20Z,14,1,131,coolxuzzz,0,1,pr,medium
pandas-dev,pandas,21658,"BUG: .values for objects containing categoricals with box-able categories",1470,2,2018-06-27T15:53:37Z,2023-06-06T16:56:14Z,3,1,1805,liang3zy22,14,0,pr,high
pandas-dev,pandas,53340,"DEV: codeowners file?",1278,2,2023-05-22T17:25:26Z,2023-06-02T07:28:39Z,9,1,10,AndresAlgaba,1,1,pr,medium
pandas-dev,pandas,53414,"DOC: PDEP6 page doesn't render correctly",758,2,2023-05-27T15:31:44Z,2023-06-01T18:35:50Z,4,1,5,UmbertoFasci,2,1,pr,high
pandas-dev,pandas,22613,"Series.str.decode() turns arrays of strings to NaN and fails on byte strings",701,3,2018-09-05T18:24:22Z,2023-05-31T16:52:45Z,10,1,1728,liang3zy22,13,0,pr,high
pandas-dev,pandas,51708,"STYLE enable ruff PLW2901",499,2,2023-03-01T08:26:47Z,2023-05-31T09:25:34Z,9,1,91,ErdiTk,4,0,pr,high
pandas-dev,pandas,21758,"Importing pandas changes return value of sys.getsizeof?",2085,2,2018-07-06T08:57:34Z,2023-05-30T17:04:12Z,8,1,1789,liang3zy22,12,0,pr,high
pandas-dev,pandas,53395,"BUG: Typo",2934,2,2023-05-26T05:38:33Z,2023-05-28T07:55:52Z,3,1,2,UmbertoFasci,1,1,pr,high
pandas-dev,pandas,19791,"slow execution with internal error visible upon interruption for indexing with dataframe: TypeError: cannot convert bool to an floatblock",7447,2,2018-02-20T15:54:24Z,2023-05-26T16:43:50Z,6,1,1921,,,,,
pandas-dev,pandas,19088,"DatetimeIndex comparison with ndim>1 incorrect or raises",1672,3,2018-01-05T01:54:07Z,2023-05-27T00:18:32Z,10,1,1967,mcgeestocks,3,0,pr,high
pandas-dev,pandas,16544,"Importing pandas module breaks expected behavior of Thread[ed] script",3507,2,2017-05-31T08:06:50Z,2023-05-25T21:42:15Z,8,1,2185,,,,,
pandas-dev,pandas,35331,"BUG: np.argwhere on pandas series",856,2,2020-07-17T21:28:32Z,2023-05-25T21:11:09Z,4,1,1041,mcgeestocks,2,1,pr,high
pandas-dev,pandas,20752,"DOC clarify that pct_change() scale is actually 0-1, i.e. fractional_change()",1647,2,2018-04-20T01:35:57Z,2023-05-22T16:38:59Z,29,1,1858,gustavovargas,1,1,pr,high
pandas-dev,pandas,53271,"DOC: Change ""Convention for examples"" to use Series name as `ser` instead of `s` ",753,2,2023-05-17T14:28:58Z,2023-05-22T10:22:41Z,7,1,4,austinburnett,1,1,pr,high
pandas-dev,pandas,29023,"pd.concat inconsistent coercion of None depending of value in rows",3797,3,2019-10-16T09:08:27Z,2023-05-19T16:05:30Z,5,1,1311,,,,,
pandas-dev,pandas,52963,"STYLE: specify encodings when opening files",1898,2,2023-04-27T14:40:21Z,2023-05-19T07:47:20Z,8,1,21,,,,,
pandas-dev,pandas,28558,"pd.read_json With convert_axes Produces Different Index Type than Empty Frame",807,4,2019-09-21T00:35:07Z,2023-05-18T16:12:49Z,2,1,1335,mcgeestocks,1,1,pr,high
pandas-dev,pandas,53267,"BUG: `loc` treating 0/1 as boolean with boolean elements in the index column ",2904,3,2023-05-17T13:31:43Z,2023-05-18T09:35:59Z,6,1,0,,,,,
pandas-dev,pandas,53147,"BUG: to_datetime ignores ""AM"" and ""PM"" unless format is explicitly set",3200,4,2023-05-08T22:52:32Z,2023-05-17T15:38:36Z,10,1,8,juli4nb4dillo,1,1,pr,high
pandas-dev,pandas,25756,"Extremely Slow `Block.setitem()` when `value` is a builtin python type.",3016,3,2019-03-17T20:13:49Z,2023-05-15T20:28:11Z,8,1,1520,steliospetrakis02,3,0,pr,high
pandas-dev,pandas,17202,"BUG: groupby(.., as_index=False) with a TimeGrouper",2029,5,2017-08-08T19:50:28Z,2023-05-11T15:23:32Z,9,1,2101,steliospetrakis02,2,1,pr,high
pandas-dev,pandas,45345,"is_numeric_dtype('B') returns True",672,3,2022-01-13T13:35:05Z,2022-01-22T00:34:41Z,11,1,8,,,,,
pandas-dev,pandas,27905,"Functions allowed in DataFrameGroupby.transform are not all tested",230,4,2019-08-13T19:47:11Z,2020-03-03T15:45:44Z,5,1,202,,,,,
pandas-dev,pandas,24610,"TST: clean up deprecation warning",2673,2,2019-01-04T12:32:28Z,2019-01-04T13:15:13Z,3,1,0,,,,,
pandas-dev,pandas,19731,"TST: add doc-strings for fixtures",125,3,2018-02-16T18:28:40Z,2018-02-16T19:23:50Z,1,1,0,jbrockmendel,256,0,pr,medium
pandas-dev,pandas,19436,"read_fwf - parsers.py PythonParser._rows_to_columns line 2814 object of type 'NoneType' has no len()",1488,4,2018-01-29T00:46:46Z,2018-06-27T14:54:57Z,5,1,149,,,,,
pandas-dev,pandas,19267,"DOC: NumFOCUS link broken at http://pandas.pydata.org",483,2,2018-01-16T12:56:09Z,2018-02-09T10:45:26Z,3,1,23,,,,,
pandas-dev,pandas,15458,"DOC: DataFrame.plot options are not documented in docstring form",251,2,2017-02-20T02:44:45Z,2020-01-22T08:46:00Z,7,1,1066,,,,,
pandas-dev,pandas,11962,"DOC: fully document Index types",530,4,2016-01-05T12:16:26Z,2018-03-07T09:27:24Z,1,1,791,jreback,4635,0,pr,medium
pandas-dev,pandas,11954,"Style: removing unnecessary usages of `\` from the codebase",585,2,2016-01-04T16:34:21Z,2019-10-16T22:33:15Z,7,1,1381,rockg,30,0,pr,medium
pandas-dev,pandas,11784,"display.notebook_repr_html -> display.html.notebook",198,4,2015-12-07T11:19:47Z,2018-07-08T16:00:33Z,3,1,944,,,,,
pandas-dev,pandas,9733,"Series.sum has inconsistent return type",655,2,2015-03-26T14:18:03Z,2018-07-06T22:49:17Z,5,1,1198,,,,,
pandas-dev,pandas,9608,"BLD: pymysql 0.6.6",240,4,2015-03-07T00:51:48Z,2018-07-06T22:21:24Z,5,1,1217,jreback,4677,0,pr,medium
pandas-dev,pandas,8458,"CLN: Refactor pd.offsets.CustomBusinessDay",685,4,2014-10-04T12:38:12Z,2018-07-06T21:27:03Z,3,1,1371,bjonen,7,0,pr,medium
pandas-dev,pandas,8402,"TST: Remove skip for mpl 1.5 / current dev",606,3,2014-09-27T13:10:31Z,2018-11-28T11:30:47Z,3,1,1522,TomAugspurger,332,0,pr,medium
pandas-dev,pandas,8295,"ENH: allow axis argument to append / move append code to generic.py",341,3,2014-09-17T17:14:11Z,2018-07-06T22:18:15Z,5,1,1388,jorisvandenbossche,808,0,pr,medium
pandas-dev,pandas,8244,"ENH/VIS: Pass DataFrame column to size argument in df.scatter",637,3,2014-09-11T15:53:59Z,2018-07-06T22:30:27Z,8,1,1394,,,,,
pandas-dev,pandas,7813,"TST: add tests for Series/Panel with non-unique index in to_hdf with fixed format",12,3,2014-07-21T12:28:28Z,2018-07-06T21:41:13Z,10,1,1446,,,,,
pandas-dev,pandas,6382,"API/CLN: more common ops to integrate with Series/index OpsMixin",1256,3,2014-02-17T18:18:17Z,2020-01-01T15:55:18Z,1,1,2143,mikebailey,1,1,pr,medium
pandas-dev,pandas,50975,"ENH/PERF: add `validate` parameter to 'Categorical.from_codes' get avoid validation when not needed",3597,4,2023-01-25T21:20:09Z,2023-05-09T17:43:55Z,1,1,103,topper-123,409,0,pr,high
pandas-dev,pandas,17718,"Groupy chunks are garbage-collected even if still referenced",5948,2,2017-09-29T12:53:15Z,2023-05-09T16:45:20Z,2,1,2048,idor980,1,1,pr,high
pandas-dev,pandas,53097,"DOC: Incorrect deprecation in Styler.applymap",452,2,2023-05-05T08:28:25Z,2023-05-08T16:36:19Z,3,1,3,Rajasvi,1,1,pr,high
pandas-dev,pandas,24247,"sort_index(..., ascending=False, ...) overrides sort_remaining behavior with multiindex",4391,2,2018-12-12T10:26:58Z,2023-05-06T14:43:32Z,2,1,1606,NoyHanan,1,1,pr,high
pandas-dev,pandas,22247,"MultiIndex Bug Copying Values Incorrectly When Adding Values To Index",3645,2,2018-08-08T14:43:52Z,2023-05-03T16:12:54Z,4,1,1729,shteken,3,0,pr,high
pandas-dev,pandas,52448,"STYLE use TypeAlias and upgrade ruff",1825,2,2023-04-05T14:54:43Z,2023-05-02T20:56:55Z,17,1,27,snorfyang,2,1,pr,high
pandas-dev,pandas,24205,"pd.core.groupby.groupby.DataFrameGroupBy.nth yielding false values with Interval MultiIndex Interval",3275,4,2018-12-10T15:46:41Z,2023-04-29T02:55:01Z,11,1,1600,ltartaro,1,1,pr,high
pandas-dev,pandas,45848,"ENH: pd.get_dummies should not default to dtype np.uint8",963,3,2022-02-06T17:39:17Z,2022-10-11T16:29:11Z,20,1,246,kianelbo,3,0,pr,high
pandas-dev,pandas,52728,"BUG: overriden methods of subclasses of Styler are not called during rendering",3057,3,2023-04-18T13:45:23Z,2023-04-27T16:04:01Z,4,1,9,nicklausroach,1,1,pr,high
pandas-dev,pandas,34478,"BUG: groupby apply inconsistent output",2936,6,2020-05-30T04:39:39Z,2023-04-26T15:59:44Z,5,1,1061,parthi-siva,5,0,pr,high
pandas-dev,pandas,19993,"DataFrame.from_dict multilevel dicts with datetime.date objects as keys sets the values as NaN in the DataFrame",3403,2,2018-03-05T13:11:39Z,2023-04-25T18:51:32Z,11,1,1877,shteken,2,1,pr,high
pandas-dev,pandas,17487,"apply with values return wrong output without convert to list",626,5,2017-09-10T05:06:40Z,2023-04-25T18:49:03Z,4,1,2053,srkds,6,0,pr,high
pandas-dev,pandas,52688,"TST: Test dir of pandas.api.*",230,3,2023-04-16T12:20:51Z,2023-04-23T12:20:30Z,4,1,6,SecretLake,2,1,pr,high
pandas-dev,pandas,21932,"pivot_table produces inconsistent columns if applied to empty table",1791,2,2018-07-16T14:54:16Z,2023-04-22T17:23:43Z,8,1,1741,MirijaH,1,1,pr,high
pandas-dev,pandas,23848,"column names with leading underscores with df.itertuples cause AttributeError when accessed",2654,2,2018-11-21T22:45:25Z,2023-04-20T17:53:42Z,8,1,1610,ruaultadrien,1,1,pr,high
pandas-dev,pandas,22077," ""TypeError: unorderable types"" in Python3 when index values are dict keys of tuples or tuples with non-homogeneous dtypes",7824,2,2018-07-27T06:34:06Z,2023-04-20T00:01:51Z,6,1,1727,sortofamudkip,1,1,pr,high
pandas-dev,pandas,27781,"Filtering dataframe with sparse column leads to NAs in sparse column",2030,4,2019-08-06T15:00:41Z,2023-04-19T22:13:13Z,19,1,1352,scottgigante,1,1,pr,high
pandas-dev,pandas,35665,"BUG: iterrows encounters OverflowError with str and datetime64[ns] columns",7317,4,2020-08-11T07:53:14Z,2023-04-19T21:29:52Z,7,1,981,MarvinGravert,1,1,pr,high
pandas-dev,pandas,32218,"Inconsistent behavior when DataFrame with strings and None is created from lists or dictionary. ",2391,2,2020-02-24T12:20:47Z,2023-04-19T16:45:50Z,8,1,1150,Gramet,1,1,pr,high
pandas-dev,pandas,15580,"DOC: overall improvement of docstrings",959,3,2017-03-05T17:11:26Z,2023-04-19T15:41:35Z,16,1,2235,datapythonista,238,0,pr,medium
pandas-dev,pandas,5355,"BUG: .drop() doesn't parse strings for DatetimeIndex.",1224,5,2013-10-28T00:33:32Z,2023-04-19T09:53:19Z,7,1,3460,PrimeF,1,1,pr,medium
pandas-dev,pandas,19708,"ENH: Index should have diff() method",0,3,2018-02-15T02:33:54Z,2023-04-17T17:25:03Z,10,1,1887,GrammatikakisDimitris,3,0,pr,high
pandas-dev,pandas,25270,"Indexing bug with Sparse DataFrames and column names not starting with `0`",1851,3,2019-02-11T14:43:33Z,2023-04-17T16:45:10Z,9,1,1526,TomAugspurger,654,0,pr,medium
pandas-dev,pandas,25278,"crosstab shows margins in wrong order if index/columns are ordered categories",2028,3,2019-02-12T01:47:13Z,2023-04-13T21:06:59Z,5,1,1521,aidoskanapyanov,1,1,pr,high
pandas-dev,pandas,25581,"Inconsistent behavior when using GroupBy and pandas.Series.mode",2893,4,2019-03-07T02:30:31Z,2022-07-05T22:22:19Z,10,1,1216,srotondo,1,1,pr,high
pandas-dev,pandas,49153,"DOC: closed and dtype missing from TimedeltaIndex docs",468,2,2022-10-17T17:57:12Z,2023-04-12T21:07:37Z,4,1,177,jbrockmendel,4417,0,pr,high
pandas-dev,pandas,23578,"API/ERR/ENH: Allow MultiIndex.from_tuples to handle NaNs",1260,4,2018-11-08T19:23:21Z,2023-04-10T23:17:51Z,4,1,1614,GrammatikakisDimitris,2,1,pr,high
pandas-dev,pandas,52319,"BUG: IndexError when boolean indexing on pyarrow array",7179,2,2023-03-31T05:27:53Z,2023-04-08T17:07:43Z,5,1,8,numanijaz,2,1,pr,high
pandas-dev,pandas,26247,"numpy ravel does not work on a list of DataFrames with specified column names",4285,4,2019-04-30T14:14:04Z,2023-04-06T16:34:49Z,6,1,1437,liang3zy22,10,0,pr,high
pandas-dev,pandas,52436,"BUG: DataFrame.pivot(index=None) raises KeyError",2934,4,2023-04-05T08:49:34Z,2023-04-06T15:30:17Z,10,1,1,srkds,2,1,pr,high
pandas-dev,pandas,18734,"ddof for np.std in df.agg changes depending on how given & lambda expression does not work correctly in a list of functions ",4188,2,2017-12-11T22:19:25Z,2023-04-04T17:14:56Z,3,1,1939,steliospetrakis02,1,1,pr,high
pandas-dev,pandas,51625,"DOC: Wrong link in Roadmap: Block Manager Rewrite",498,2,2023-02-25T01:57:17Z,2023-04-04T17:14:06Z,11,1,38,srkds,1,1,pr,high
pandas-dev,pandas,52325,"DOC: fixup formatting of docstring of DateOffset",804,2,2023-03-31T16:15:11Z,2023-04-02T14:34:16Z,3,1,1,choudharynishu,1,1,pr,high
pandas-dev,pandas,51860,"DOC: Change color of sample plots for dark mode",669,2,2023-03-09T12:41:32Z,2023-03-31T06:36:49Z,7,1,21,stijnvanhoey,8,0,pr,high
pandas-dev,pandas,42580,"ENH/CI: Cache packages installed from conda",429,4,2021-07-17T00:42:49Z,2023-03-30T19:11:00Z,5,1,621,attack68,200,0,pr,medium
pandas-dev,pandas,6944,"DOC: improve groupby reference docs",2339,4,2014-04-23T21:20:42Z,2023-03-30T18:52:26Z,6,1,3262,WillAyd,259,0,pr,medium
pandas-dev,pandas,52157,"DOC: broken link in user guide/style",1172,3,2023-03-24T07:03:25Z,2023-03-30T16:23:10Z,4,1,6,allisonkwan,1,1,pr,high
pandas-dev,pandas,8160,"DOC/BUG? pivot functionality confusing/inconsistent",4504,3,2014-09-02T14:21:44Z,2023-03-30T10:27:48Z,3,1,3130,,,,,
pandas-dev,pandas,44642,"BUG: validate_docstrings has many warnings",5573,3,2021-11-27T19:30:04Z,2023-03-29T17:55:45Z,11,1,486,rhshadrach,274,0,pr,medium
pandas-dev,pandas,52253,"DOC: Inappropriate bolding in `pandas.DataFrame.agg`",786,3,2023-03-28T02:01:24Z,2023-03-29T14:34:51Z,4,1,1,futureprogrammer360,2,1,pr,high
pandas-dev,pandas,28273,"Address Untested to_json Extension Module Code",1470,3,2019-09-03T21:43:23Z,2023-03-28T18:00:15Z,4,1,1301,,,,,
pandas-dev,pandas,47042,"DOC: `ddof` in `cov` when `nan`s present",776,2,2022-05-17T18:44:26Z,2023-03-27T20:23:11Z,4,1,314,ma-ma-hima,1,1,pr,high
pandas-dev,pandas,52189,"BUG: pd.ExcelWriter(.., mode=""a"", if_sheet_exists=""overlay"") gives unexpected result",2204,3,2023-03-24T22:43:05Z,2023-03-27T18:26:52Z,2,1,2,abokey1,1,1,pr,high
pandas-dev,pandas,26840,"BUG: groupby.transform doesn't raise on missing arguments",800,3,2019-06-14T01:16:56Z,2023-03-27T18:05:03Z,8,1,1382,liang3zy22,7,0,pr,high
pandas-dev,pandas,51025,"BUG: odd error message when constructing non-nano date_Range without leading zero",5225,3,2023-01-27T17:30:22Z,2023-03-25T19:40:59Z,3,1,57,natmokval,46,0,pr,high
pandas-dev,pandas,52106,"DOC: MonthBegin suggestion to get start of current month not quite right?",1881,3,2023-03-21T18:32:37Z,2023-03-24T17:01:00Z,11,1,2,pranav-ravuri,1,1,pr,high
pandas-dev,pandas,29080,"pandas pivot_table aggfunc/values parameters behaving oddly",4581,3,2019-10-18T20:00:46Z,2023-03-24T16:51:47Z,2,1,1252,liang3zy22,6,0,pr,high
pandas-dev,pandas,51740,"STYLE enable ruff TCH",832,2,2023-03-02T09:49:57Z,2023-03-24T11:31:24Z,18,1,22,DerTimonius,2,1,pr,high
pandas-dev,pandas,51254,"DEPR: Categorical.to_list",164,4,2023-02-08T23:28:55Z,2023-03-23T15:37:14Z,5,1,42,jbrockmendel,4363,0,pr,high
pandas-dev,pandas,51839,"DOC: Improve to_csv mode documentation",1034,2,2023-03-08T12:41:53Z,2023-03-17T18:04:23Z,7,1,9,HamidrezaSK,1,1,pr,high
pandas-dev,pandas,31104,"BUG: inconsistent creation of IntegerArray from boolean values",1893,5,2020-01-17T15:06:10Z,2023-03-15T15:33:18Z,2,1,1153,liang3zy22,5,0,pr,high
pandas-dev,pandas,51692,"groupby weird behavior",291,3,2023-02-28T13:18:08Z,2023-03-10T12:17:11Z,17,1,9,natmokval,43,0,pr,high
pandas-dev,pandas,32075,"Series.replace fails to replace value",2195,4,2020-02-18T12:21:26Z,2023-03-14T16:51:11Z,18,1,1120,liang3zy22,4,0,pr,high
pandas-dev,pandas,33234,"Groupby multiple columns causes agg to have precision loss on int64",2851,4,2020-04-02T06:31:38Z,2023-03-13T17:50:21Z,4,1,1075,liang3zy22,3,0,pr,high
pandas-dev,pandas,32934,"Incorrect dtype for concat with empty float and datetime columns",902,5,2020-03-23T16:26:05Z,2023-03-10T18:17:01Z,6,1,1082,liang3zy22,2,1,pr,high
pandas-dev,pandas,22693,"read_fwf: skip_blank_lines does nothing",1541,2,2018-09-13T13:50:10Z,2023-03-09T17:23:17Z,10,1,1638,,,,,
pandas-dev,pandas,48527,"DOC: Fix styles for dark mode in docs home",486,2,2022-09-13T13:53:52Z,2023-03-09T16:31:50Z,19,1,177,anushkabishnoi,1,1,pr,high
pandas-dev,pandas,51709,"STYLE enable ruff PLR5501",412,2,2023-03-01T08:31:46Z,2023-03-07T20:32:54Z,29,1,6,ahmad-04,1,1,pr,high
pandas-dev,pandas,51657,"WEB: Improve the style of the code boxes in the website",489,2,2023-02-26T22:22:05Z,2023-03-07T11:49:05Z,4,1,8,dsamuel27,1,1,pr,medium
pandas-dev,pandas,51080,"BUG: groupby.std with no numeric columns and numeric_only=True raises",266,6,2023-01-31T05:05:01Z,2023-03-06T21:49:36Z,2,1,34,numanijaz,1,1,pr,high
pandas-dev,pandas,50040,"ENH: add math mode to formatter `escape=""latex""` ",2586,4,2022-12-03T14:54:50Z,2023-03-06T08:34:17Z,8,1,92,natmokval,42,0,pr,high
pandas-dev,pandas,28472,"_normalize_keyword_aggregation` named agg helper function should be made public",435,4,2019-09-16T21:55:16Z,2023-03-03T03:00:22Z,10,1,1263,renatocmaciel,1,1,pr,high
pandas-dev,pandas,51236,"DOC fix EX02 errors in docstrings",1099,2,2023-02-08T15:25:35Z,2023-03-02T08:36:02Z,34,1,21,phershbe,5,0,pr,high
pandas-dev,pandas,51342,"DOC: Set value for undefined variables in examples",2171,2,2023-02-12T00:41:28Z,2023-02-28T13:33:41Z,14,1,16,kkangs0226,3,0,pr,high
pandas-dev,pandas,51406,"STYLE: replace unwanted-patterns-strings-to-concatenate with ruff",827,2,2023-02-15T15:49:17Z,2023-02-27T15:28:02Z,3,1,11,natmokval,41,0,pr,high
pandas-dev,pandas,51209,"WEB: Obfuscate workgroup email addresses",1469,2,2023-02-07T11:50:56Z,2023-02-24T22:12:49Z,9,1,17,Kabiirk,1,1,pr,high
pandas-dev,pandas,51588,"DOC: orient=table not documented in read_json",383,3,2023-02-23T14:45:34Z,2023-02-24T01:13:10Z,1,1,0,futureprogrammer360,1,1,pr,high
pandas-dev,pandas,50207,"CI check each minimum dependency is enforced in *.yaml and environment.yml files",647,2,2022-12-12T17:16:05Z,2023-02-23T16:38:45Z,20,1,72,kathleenhang,3,0,pr,high
pandas-dev,pandas,51407,"STYLE ruff: enable PIE",257,2,2023-02-15T15:52:27Z,2023-02-22T11:03:04Z,2,1,6,ch1booze,1,1,pr,high
pandas-dev,pandas,48060,"DOC: ""Creating a Python environment"" in ""Creating a development environment"" needs update",39909,2,2022-08-12T16:23:26Z,2022-11-28T20:29:07Z,25,1,108,marenwestermann,2,1,pr,high
pandas-dev,pandas,50969,"DOC: seconds attribute of timedelta surprises and no warning is given in the docs",1716,2,2023-01-25T12:56:20Z,2023-02-21T21:14:02Z,14,1,27,rmhowe425,1,1,pr,high
pandas-dev,pandas,50829,"DOC: DataFrame.count_values supports single label",1375,4,2023-01-18T16:14:28Z,2023-02-20T03:27:40Z,2,1,32,tpackard1,5,0,pr,high
pandas-dev,pandas,50812,"STYLE remove absolufy-imports, use ruff",468,2,2023-01-18T09:28:58Z,2023-02-16T16:52:29Z,2,1,29,MarcoGorelli,261,0,pr,high
pandas-dev,pandas,30787,"Unexpected behavior in cut() with nullable Int64 dtype",2805,6,2020-01-07T16:45:16Z,2023-02-16T14:18:55Z,6,1,1135,kkangs0226,2,1,pr,high
pandas-dev,pandas,51341,"STYLE: Fix errors in doctests",2336,3,2023-02-12T00:29:31Z,2023-02-16T11:20:39Z,3,1,4,kkangs0226,1,1,pr,high
pandas-dev,pandas,50216,"DOC: Supported Float dypes not documented",1233,2,2022-12-12T23:09:05Z,2023-02-15T18:31:47Z,16,1,64,natmokval,35,0,pr,high
pandas-dev,pandas,51269,"BUG: pct_change with fill_method=None isn't tested nor covered by type hints",1354,4,2023-02-09T17:40:55Z,2023-02-13T21:20:12Z,5,1,4,FlynnOwen,1,1,pr,high
pandas-dev,pandas,51084,"BUG: to_datetime with errors coerce throws InvalidOperation decimal.DivisionImpossible ",2503,3,2023-01-31T11:13:56Z,2023-02-07T14:09:42Z,2,1,7,kcaashish,1,1,pr,high
pandas-dev,pandas,50906,"BUG: when inner/outer-joining dataframes with categorical MultiIndex, the output index dtype depends on row ordering",3755,4,2023-01-20T20:46:41Z,2023-02-06T13:46:50Z,6,1,16,natmokval,30,0,pr,high
pandas-dev,pandas,50042,"API: Deprecate Index.is_(boolean|categorical|integer|floating|numeric|object|interval)",1025,4,2022-12-03T18:15:45Z,2023-02-02T22:18:03Z,23,1,61,topper-123,355,0,pr,medium
pandas-dev,pandas,51081,"STYLE replace isort with ruff?",472,2,2023-01-31T08:40:27Z,2023-01-31T12:05:47Z,2,1,0,,,,,
pandas-dev,pandas,51017,"WARN read_table with infer_datetime_format doesn't show FutureWarning",1707,2,2023-01-27T10:05:28Z,2023-01-30T15:47:56Z,11,1,3,kathleenhang,2,1,pr,high
pandas-dev,pandas,38519,"BUG: Augmented arithmetic assignments will modify original series starting version 1.1.4",2498,3,2020-12-16T10:09:53Z,2023-01-26T19:38:20Z,18,1,771,kathleenhang,1,1,pr,high
pandas-dev,pandas,41800,"BUG: combine_first fails when one series is timezone-aware and the other is emtpy.",4974,3,2021-06-03T15:27:56Z,2023-01-24T10:51:38Z,3,1,599,lpizzinidev,3,0,pr,medium
pandas-dev,pandas,50824,"DOC: Use rst instead of markdown in release instructions",343,2,2023-01-18T15:04:02Z,2023-01-23T19:16:30Z,3,1,5,tpackard1,4,0,pr,high
pandas-dev,pandas,48673,"BUG: Unclear FutureWarning regarding inplace iloc setitem",3447,5,2022-09-21T01:09:41Z,2023-01-18T07:50:01Z,34,1,119,aneesh98,3,0,pr,high
pandas-dev,pandas,22243,"DataFrame.groupby()[col].transform() tries to convert result to original column type",2991,2,2018-08-08T04:01:56Z,2023-01-17T18:51:39Z,4,1,1623,luke396,13,0,pr,high
pandas-dev,pandas,19721,"API: Should factorize(categorical) return a Categorical for uniques?",453,2,2018-02-15T21:18:32Z,2023-01-17T17:44:41Z,15,1,1796,luke396,12,0,pr,high
pandas-dev,pandas,21755,"Some groupby methods keep null grouping keys",1815,4,2018-07-06T00:21:40Z,2023-01-17T17:24:39Z,9,1,1656,luke396,11,0,pr,high
pandas-dev,pandas,47480,"BUG: DataFrame.replace fails to replace value when column contains pd.NA",2519,4,2022-06-23T01:34:40Z,2023-01-16T19:02:05Z,19,1,207,phofl,603,0,pr,high
pandas-dev,pandas,22023,"Substraction with UInt64 series resulting in negative values gives TypeError",361,5,2018-07-23T13:39:27Z,2023-01-16T17:39:07Z,5,1,1638,luke396,9,0,pr,high
pandas-dev,pandas,22073,"BUG: Column-major DataFrames stored in HDFStore are returned as row-major",584,3,2018-07-27T01:36:31Z,2022-07-07T00:10:56Z,7,1,1440,johnmantios,3,0,pr,high
pandas-dev,pandas,24537,"Float conversion makes fillna lossy",426,2,2019-01-01T19:44:15Z,2023-01-15T21:13:58Z,9,1,1475,mstazherova,1,1,pr,high
pandas-dev,pandas,50703,"DOC: How to install nightly pandas wheels",657,2,2023-01-12T13:25:42Z,2023-01-13T23:01:21Z,2,1,1,lpizzinidev,2,1,pr,high
pandas-dev,pandas,50406,"ENH: Use explicit arguments in DataFrameGroupBy.describe",211,3,2022-12-23T04:57:41Z,2023-01-12T21:07:05Z,9,1,20,asadullahnaeem,1,1,pr,high
pandas-dev,pandas,50185,"DEPR: pandas.io.sql.execute",4350,4,2022-12-11T16:59:48Z,2023-01-12T16:02:55Z,7,1,31,luke396,7,0,pr,high
pandas-dev,pandas,25797,"Different behavior of to_replace method between pandas version 0.23.4 and 0.24.2 by changing dtype of series",2651,5,2019-03-20T07:30:54Z,2023-01-12T09:31:34Z,4,1,1394,pooja-subramaniam,1,1,pr,high
pandas-dev,pandas,29602,"Series.rmod called with scalar returns inconsistent results based on size of series",2840,3,2019-11-13T21:33:00Z,2023-01-11T11:01:03Z,8,1,1154,tabeak,1,1,pr,high
pandas-dev,pandas,23086,"It is not clear whether database connection need to be closed manually after calling pd.read_sql()",33,3,2018-10-11T07:26:55Z,2019-11-22T16:19:27Z,10,1,407,cruzzoe,1,1,pr,high
pandas-dev,pandas,49647,"STYLE place standard library imports at top of file",1055,2,2022-11-11T17:08:14Z,2023-01-06T23:16:59Z,13,1,56,Thextan,1,1,pr,high
pandas-dev,pandas,49443,"TST: Refactor ``test_subtracting_two_series_with_unordered_index_and_all_nan_index``",149,3,2022-11-01T13:38:41Z,2023-01-04T19:02:42Z,5,1,64,lukemanley,74,0,pr,high
pandas-dev,pandas,49656,"STYLE enable pylint's redefined-outer-name",2373,2,2022-11-11T21:21:52Z,2022-11-29T23:13:05Z,45,1,18,bang128,2,1,pr,high
pandas-dev,pandas,50448,"BUG: `TypeError` when mixing extension array dtypes in `mask`",3597,5,2022-12-27T11:55:14Z,2023-01-04T13:47:51Z,5,1,8,luke396,6,0,pr,high
pandas-dev,pandas,50465,"PERF use regular expression in format_is_iso?",254,3,2022-12-28T12:26:53Z,2023-01-02T20:57:03Z,1,1,5,ShashwatAgrawal20,3,0,pr,high
pandas-dev,pandas,50344,"CLEAN dubious docstring",563,3,2022-12-19T14:32:30Z,2022-12-29T15:29:09Z,5,1,10,luke396,4,0,pr,high
pandas-dev,pandas,50313,"QST: Pandas Crosstab dos not support Float (with capital F) number formats",3035,4,2022-12-17T14:56:57Z,2022-12-28T19:54:41Z,13,1,11,natmokval,29,0,pr,high
pandas-dev,pandas,50234,"BUG: pd.Series.isin returns inconsistent results for a passed iterable depending on the dtype",2992,3,2022-12-13T15:34:23Z,2022-12-27T23:11:01Z,7,1,14,jessica-writes-code,1,1,pr,high
pandas-dev,pandas,50083,"Incorrect identically-labeled DataFrame objects Exception comes with df.compare method ",2234,3,2022-12-06T07:05:20Z,2022-12-27T20:37:08Z,5,1,21,tpackard1,3,0,pr,high
pandas-dev,pandas,50378,"TST some tests in pandas/tests/io/json/test_readlines.py aren't being tested",353,2,2022-12-21T15:52:49Z,2022-12-27T19:00:36Z,19,1,6,phershbe,1,1,pr,high
pandas-dev,pandas,31687,"pd.where OverflowError with large numbers",3754,3,2020-02-05T08:43:50Z,2022-11-28T09:08:20Z,16,1,1027,mliu08,1,1,pr,high
pandas-dev,pandas,50393,"CLN remove _assert_not_frame_equal_both?",178,2,2022-12-22T12:37:10Z,2022-12-22T20:59:49Z,5,1,0,ShashwatAgrawal20,2,1,pr,high
pandas-dev,pandas,50230,"DOC: Incorrect link in StringArray and ArrowStringArray docs",1149,2,2022-12-13T12:18:10Z,2022-12-19T21:47:03Z,1,1,6,ramvikrams,5,0,pr,high
pandas-dev,pandas,50292,"WARN fixup warning in pandas/tests/apply/test_frame_apply.py",648,2,2022-12-16T09:17:03Z,2022-12-16T18:28:25Z,1,1,0,tpackard1,2,1,pr,high
pandas-dev,pandas,50132,"DOC: add docstring example to Index.get_indexer_non_unique.html",550,2,2022-12-08T20:10:29Z,2022-12-10T18:35:00Z,2,1,1,natmokval,26,0,pr,high
pandas-dev,pandas,49799,"DOC: Creating development environment  - BT for Visual Studio version",1031,3,2022-11-20T08:27:09Z,2022-12-10T15:44:12Z,1,1,20,natmokval,25,0,pr,high
pandas-dev,pandas,25471,"""SpecificationError: nested dictionary is ambiguous in aggregation"" in a certain case of groupby-aggregation",1778,3,2019-02-28T07:50:50Z,2022-12-08T22:04:07Z,6,1,1379,talukder-sowrov,1,1,pr,high
pandas-dev,pandas,50014,"DOC: Add tips on where to locate a test",672,3,2022-12-02T16:07:42Z,2022-12-06T21:07:42Z,1,1,4,georgemunyoro,1,1,pr,high
pandas-dev,pandas,18166,"df autosorts rows on construction with OrderedDict of OrderedDicts",1450,2,2017-11-08T10:17:31Z,2022-12-06T17:15:10Z,3,1,1854,codamuse,2,1,pr,high
pandas-dev,pandas,49961,"DOC:  Docs for `groupby.transform()` should mention that function parameter can be a string in `transform` ",771,4,2022-11-29T21:40:15Z,2022-12-02T03:25:22Z,6,1,2,seanjedi,3,0,pr,high
pandas-dev,pandas,29960,"DOC: Remove :okwarning: from scale guide when used dask version is not raising FutureWarning anymore",473,2,2019-12-02T09:07:02Z,2022-12-03T18:48:24Z,2,1,1097,seanjedi,4,0,pr,high
pandas-dev,pandas,49646,"DOC: description of `sort` argument to `pd.concat` is confusing in `join=""inner""` case",1344,3,2022-11-11T15:08:56Z,2022-12-02T18:33:36Z,1,1,21,wence-,1,1,pr,high
pandas-dev,pandas,49399,"Bug: Don't intercept TypeError in DataFrame.agg",380,4,2022-10-30T16:34:51Z,2022-12-01T20:31:03Z,7,1,32,yuvanist,1,1,pr,high
pandas-dev,pandas,49452,"CLN: Remove MultiIndex._get_grouper_for_level",187,4,2022-11-01T20:19:29Z,2022-12-01T03:26:55Z,14,1,29,codamuse,1,1,pr,high
pandas-dev,pandas,48779,"BUG: pd.offsets.MonthEnd() delevers wrong month",2302,3,2022-09-26T08:35:23Z,2022-11-30T16:31:32Z,32,1,65,natmokval,23,0,pr,high
pandas-dev,pandas,49962,"DOC: Add func as a string to DataFrameGroupBy.transform docs",445,4,2022-11-29T22:35:08Z,2022-11-29T22:57:11Z,2,1,0,,,,,
pandas-dev,pandas,48855,"STYLE fix pylint issues",1795,2,2022-09-29T12:58:04Z,2022-11-28T09:05:07Z,105,1,59,soumilbaldota,1,1,pr,medium
pandas-dev,pandas,49874,"DOC: Table Visualization gets Error for cell",491,3,2022-11-23T21:08:57Z,2022-11-27T18:10:42Z,1,1,3,natmokval,21,0,pr,high
pandas-dev,pandas,47944,"BUG: Ordering of `columns` is not preserved in `pd.read_orc`",2718,3,2022-08-03T15:28:28Z,2022-11-21T21:56:00Z,7,1,110,markopacak,1,1,pr,high
pandas-dev,pandas,49733,"DOC: cross missing in how set of params",605,3,2022-11-16T17:10:59Z,2022-11-16T17:13:18Z,1,1,0,,,,,
pandas-dev,pandas,49638,"DOC add git fetch upstream to instructions",308,2,2022-11-11T08:55:19Z,2022-11-11T10:24:37Z,1,1,0,ramvikrams,2,1,pr,high
pandas-dev,pandas,49545,"DOC replace gitter link in README",278,3,2022-11-05T15:33:14Z,2022-11-05T17:02:30Z,3,1,0,radojicic23,1,1,pr,high
pandas-dev,pandas,49526,"CI: only run pylint in CI",589,2,2022-11-04T15:29:55Z,2022-11-05T10:49:28Z,6,1,0,MarcoGorelli,179,0,pr,high
pandas-dev,pandas,49406,"STYLE autoupdate pre-commit",680,2,2022-10-31T11:21:54Z,2022-11-04T10:17:38Z,19,1,3,ramvikrams,1,1,pr,high
pandas-dev,pandas,19411,"check_names=False parameter for pandas.util.testing.assert_frame_equal applies to index.names but not columns.names",2970,2,2018-01-26T17:01:42Z,2018-07-06T14:26:35Z,7,1,160,darcymeyer,1,1,pr,high
pandas-dev,pandas,49231,"DOC: remove statement that %S parses all the way up to nanosecond even if no decimal place present",2376,3,2022-10-21T14:29:35Z,2022-10-28T13:19:14Z,1,1,6,sarvaSanjay,1,1,pr,high
pandas-dev,pandas,48941,"DOC: Create link from ""Creating a development environment"" to ""pre-commit""",312,3,2022-10-04T20:12:04Z,2022-10-28T13:18:21Z,19,1,23,HatimZ,1,1,pr,high
pandas-dev,pandas,49251,"Inconsistency on dtype and fillna",1590,4,2022-10-22T20:10:12Z,2022-10-26T15:56:22Z,11,1,3,natmokval,1,1,pr,high
pandas-dev,pandas,48674,"BUG: Wrong index constructor if new DF/Series is created from DF/Series",3939,3,2022-09-21T01:28:09Z,2022-10-26T15:49:08Z,12,1,35,minat-hub,1,1,pr,high
pandas-dev,pandas,48706,"BUG: Excel import crashes on simple file",4805,3,2022-09-22T08:09:26Z,2022-10-24T21:43:41Z,11,1,32,aaossa,1,1,pr,high
pandas-dev,pandas,28635,"Resample on MultiIndex level takes much more time than on normal column",2559,4,2019-09-26T14:13:47Z,2022-10-24T15:41:08Z,4,1,1124,krasch,1,1,pr,high
pandas-dev,pandas,47134,"DOC: how to_datetime %S differs from strptime",1464,2,2022-05-27T04:04:38Z,2022-09-03T15:37:42Z,8,1,99,yadomkar,1,1,pr,high
pandas-dev,pandas,49143,"DOC: replace ""join Gitter chat"" README badge with link to Slack channel",351,3,2022-10-17T10:18:11Z,2022-10-17T17:38:09Z,1,1,0,roadswitcher,3,0,pr,high
pandas-dev,pandas,41986,"STYLE Investigate restructuredtext_lint as pre-commit hook",437,2,2021-06-13T18:50:51Z,2022-10-16T13:08:00Z,5,1,489,,,,,
pandas-dev,pandas,49117,"DOC: Fix versionchanged directive in DataFrame.plot",464,3,2022-10-15T17:44:44Z,2022-10-16T12:03:10Z,2,1,0,mathpn,1,1,pr,high
pandas-dev,pandas,48758,"WEB: Add style for blockquote",448,2,2022-09-24T12:09:22Z,2022-10-14T22:39:57Z,5,1,20,Himanshuwagh,1,1,pr,high
pandas-dev,pandas,48510,"BUG: Appending or concatenating to empty ExtensionArray removes type information",6031,5,2022-09-12T03:48:07Z,2022-09-15T16:46:04Z,3,1,3,ssche,5,0,pr,high
pandas-dev,pandas,48260,"CI: Improve warning when no pandas dev version installed when running stubtest",80,3,2022-08-25T22:21:21Z,2022-08-26T22:46:47Z,5,1,1,ambujpawar,2,1,pr,high
pandas-dev,pandas,48598,"DOC: Add light/dark theme switcher",494,2,2022-09-17T09:34:50Z,2022-09-23T17:22:05Z,15,1,6,deepaksirohiwal,1,1,pr,high
pandas-dev,pandas,48227,"DOC: wrong question marks in tutorial",268,2,2022-08-24T14:05:26Z,2022-08-25T22:05:48Z,6,1,1,samrao1997,2,1,pr,high
pandas-dev,pandas,48089,"DOC: Styler.to_latex link is broken in DataFrame.to_latex documentation",785,2,2022-08-15T17:03:11Z,2022-08-16T18:25:36Z,4,1,1,samrao1997,1,1,pr,high
pandas-dev,pandas,47100,"BUG: Series.clip should not take axis argument",2443,2,2022-05-23T22:59:44Z,2022-05-27T15:47:23Z,7,1,3,jackgoldsmith4,3,0,pr,high
pandas-dev,pandas,47055,"BUG: Reindexing `pd.Float64Dtype()` series gives runtime warnings when passed to `np.log`",3070,3,2022-05-18T12:33:47Z,2022-06-08T16:31:21Z,5,1,21,MiloniAtal,1,1,pr,high
pandas-dev,pandas,47030,"DOC: DataFrame.rename Method",1302,2,2022-05-15T12:26:39Z,2022-05-26T23:01:13Z,6,1,11,eshirvana,4,0,pr,high
pandas-dev,pandas,46620,"DOC: documentation on `.loc[]` needs some clarification",2441,2,2022-04-03T03:57:28Z,2022-06-28T00:08:02Z,6,1,85,INDIG0N,3,0,pr,high
pandas-dev,pandas,46606,"BUG: DataFrame.replace with dict doesn't work when value=None",2746,4,2022-04-01T19:35:53Z,2022-05-03T01:36:53Z,6,1,31,stanleycai95,2,1,pr,high
pandas-dev,pandas,44867,"BUG: Series.str.strip() removes numeric and bool values instead of only string whitespace",3955,2,2021-12-13T17:04:03Z,2022-02-22T05:03:15Z,6,1,70,ChrisAlbertsen,2,1,pr,high
pandas-dev,pandas,44011,"BUG: Multiple CSS selectors using set_table_styles and dict form of table_styles",2796,4,2021-10-13T09:42:51Z,2021-10-16T13:58:10Z,3,1,3,mabittar,1,1,pr,high
pandas-dev,pandas,43605,"DOC: to_markdown should not accept `str` for `buf` argument",831,4,2021-09-16T15:04:40Z,2021-09-16T20:54:26Z,5,1,0,,,,,
pandas-dev,pandas,43361,"DOC: wrong example in comparison with spreadsheets",520,2,2021-09-02T16:06:55Z,2021-09-03T09:57:15Z,2,1,0,Digres45,1,1,pr,high
pandas-dev,pandas,43085,"BUG: pandas.DataFrame.reindex -  sample code to expand the dataframe as given in the API reference is not working",1912,3,2021-08-17T17:55:46Z,2021-08-18T18:17:02Z,4,1,1,,,,,
pandas-dev,pandas,42103,"TST Improve error message of assert_produces_warning",335,3,2021-06-18T11:48:15Z,2021-07-16T11:31:48Z,2,1,27,calvinsomething,1,1,pr,medium
pandas-dev,pandas,42066,"DOC: How to use storage_option param here to integrate with GCP bucket?",344,3,2021-06-17T09:46:51Z,2022-02-15T17:54:33Z,11,1,243,purna135,1,1,pr,high
pandas-dev,pandas,41901,"STYLE add check for future annotations",75,2,2021-06-09T16:07:14Z,2022-07-18T17:16:24Z,21,1,404,MarcoGorelli,150,0,pr,high
pandas-dev,pandas,40729,"BUG: Cannot convert from `object` numeric strings to Float64Dtype",5506,4,2021-04-01T13:57:25Z,2022-08-26T18:34:40Z,3,1,512,srotondo,7,0,pr,high
pandas-dev,pandas,39907,"BUG: wrong type hint for pandas.Series.droplevel",2429,2,2021-02-19T13:39:51Z,2021-02-20T18:16:14Z,4,1,1,Muktan,1,1,pr,high
pandas-dev,pandas,39313,"DOC: add examples to DataFrame.insert()",2668,2,2021-01-21T09:27:55Z,2021-02-01T19:15:09Z,7,1,11,nofarm3,3,0,pr,high
pandas-dev,pandas,39158,"Minor typo on warnings",541,3,2021-01-13T23:50:07Z,2021-08-25T17:55:55Z,12,1,223,Kavya9986,1,1,pr,high
pandas-dev,pandas,39126,"BUG: df.plot.barh() broken from 1.1.5 to 1.2 under specific circumstances",3737,5,2021-01-12T14:02:53Z,2022-06-10T23:43:35Z,6,1,514,arch1baald,1,1,pr,high
pandas-dev,pandas,38969,"REGR: Bar plot from Series with IntervalIndex fails in pandas 1.2.0",5869,4,2021-01-05T11:41:55Z,2022-06-15T21:52:26Z,16,1,526,noatamir,1,1,pr,high
pandas-dev,pandas,38439,"BUG: Subtracting two series with unordered index and all-nan index produces unexpected result",4872,5,2020-12-13T03:03:50Z,2022-02-12T18:29:55Z,7,1,426,weikhor,0,1,pr,high
pandas-dev,pandas,38138,"CLN: C408 Unnecessary dict call - rewrite as a literal",3136,3,2020-11-28T19:49:18Z,2020-12-09T17:09:15Z,21,1,10,Qbiwan,4,0,pr,high
pandas-dev,pandas,37957,"STYLE: fail on pd.testing direct usage",213,2,2020-11-19T15:44:36Z,2020-12-27T12:19:33Z,3,1,37,cjlynch278,1,1,pr,high
pandas-dev,pandas,37705,"BUG: read_html - file path cannot be pathlib.Path type",418,3,2020-11-08T20:47:34Z,2020-11-11T02:30:16Z,3,1,2,inspurwusixuan,1,1,pr,medium
pandas-dev,pandas,36617,"DOC: Replace single with double backticks in RST files",2129,3,2020-09-25T01:51:05Z,2020-09-26T22:50:28Z,5,1,1,Shubhamsm,1,1,pr,high
pandas-dev,pandas,36448,"DOC: broken link in warning message",487,4,2020-09-18T11:44:10Z,2020-09-21T17:08:56Z,5,1,3,,,,,
pandas-dev,pandas,36411,"DOC: add searchsorted examples",221,4,2020-09-17T02:42:49Z,2020-10-25T18:43:14Z,10,1,38,Mikhaylov-yv,1,1,pr,medium
pandas-dev,pandas,36170,"DOC: index described as a ""set"" but permits duplicates -- change to multiset or list?",525,2,2020-09-06T19:04:28Z,2020-09-09T22:25:32Z,7,1,3,Nikhil1O1,1,1,pr,high
pandas-dev,pandas,36006,"DOC: use single back-ticks for variable, module, function, and class names",833,2,2020-08-31T11:22:13Z,2020-09-03T16:15:23Z,4,1,3,,,,,
pandas-dev,pandas,35465,"BUG: Inconsistent initialization of `timedelta64` between Series vs numpy & pd.TimeDelta",3774,3,2020-07-29T17:30:02Z,2022-07-27T16:58:18Z,4,1,727,ntachukwu,1,1,pr,high
pandas-dev,pandas,34506,"BUG: DataFrame.apply(raw=True) applies function twice on first row/column",2692,2,2020-05-31T19:46:31Z,2020-09-24T15:58:07Z,9,1,115,jbrockmendel,2163,0,pr,medium
pandas-dev,pandas,33428,"DOC: Data links in Pandas API Reference are broken 404",457,2,2020-04-09T16:27:00Z,2020-04-14T09:58:30Z,7,1,4,benabel,1,1,pr,medium
pandas-dev,pandas,32904,"Bug: TypeError: ufunc 'sqrt' not supported for the input types, and the inputs could not be safely coerced to any supported types according to the casting rule ''safe''",2059,2,2020-03-22T14:07:53Z,2020-03-31T21:26:47Z,5,1,9,SultanOrazbayev,1,1,pr,high
pandas-dev,pandas,32776,"Crash with access violation (exit code -1073741819 (0xC0000005)) on Windows 10",812,2,2020-03-17T14:51:17Z,2020-04-04T21:07:10Z,6,1,18,BenjaminLiuPenrose,1,1,pr,high
pandas-dev,pandas,31919,"ohlc documentation",421,2,2020-02-12T11:01:38Z,2020-02-15T18:07:32Z,2,1,3,dequadras,1,1,pr,high
pandas-dev,pandas,31883,"Add test for MultiIndex Construction with pd.NA",413,5,2020-02-11T16:17:13Z,2020-04-14T15:00:52Z,5,1,62,devjeetr,1,1,pr,high
pandas-dev,pandas,31663,"Documentation for divmod and rdivmod gives wrong return type",378,2,2020-02-04T19:46:43Z,2020-02-12T01:39:07Z,8,1,7,naterarmstrong,1,1,pr,high
pandas-dev,pandas,31466,"pandas.apply() converts all columns to object datatype",2032,2,2020-01-30T17:28:18Z,2020-07-01T16:53:35Z,7,1,152,grahamwetzler,1,1,pr,high
pandas-dev,pandas,31448,"DOC: to_csv is not properly linked from read_csv docstring",211,2,2020-01-30T12:39:00Z,2020-01-31T12:08:37Z,3,1,0,srvanrell,2,1,pr,high
pandas-dev,pandas,31235,"DOC BUG API Reference documentation truncated for Series.unstack(), Series.",500,2,2020-01-23T02:15:21Z,2020-01-24T17:49:58Z,3,1,1,anjalis2112,0,1,pr,high
pandas-dev,pandas,31028,"Series.to_json produces invalid JSON with `orient=""index""` if index is multilevel",2325,4,2020-01-15T01:15:11Z,2020-01-25T17:49:55Z,9,1,10,rushabh-v,2,1,pr,medium
pandas-dev,pandas,30999,"[Good first issue] TST: Disallow bare pytest.raises",3517,3,2020-01-14T12:17:56Z,2021-01-05T18:47:07Z,84,1,357,moink,19,0,pr,high
pandas-dev,pandas,30964,"DOC: Remove tips and tricks section page from the wiki",586,3,2020-01-13T13:21:35Z,2021-07-07T17:10:27Z,14,1,541,saloni30agr,1,1,pr,medium
pandas-dev,pandas,30332,"""Next"" link from user_guide/io.rst goes to read_sql_table API page",327,2,2019-12-18T20:51:47Z,2019-12-20T02:40:30Z,8,1,1,souvik3333,1,1,pr,medium
pandas-dev,pandas,30178,"BUG: IntervalIndex.get_indexer fails for homogeneous Period targets",2890,5,2019-12-10T05:04:34Z,2022-07-26T16:38:57Z,3,1,959,parthi-siva,4,0,pr,high
pandas-dev,pandas,29547,"Replace old string formatting syntax with f-strings",5966,2,2019-11-11T18:20:58Z,2020-06-26T15:28:40Z,137,1,227,ShaharNaveh,196,0,pr,medium
pandas-dev,pandas,29207,"Clean up noqa E241",6686,2,2019-10-24T17:01:55Z,2019-10-24T18:38:04Z,1,1,0,kaathi524,1,1,pr,high
pandas-dev,pandas,28926,"Fix mypy errors for pandas\tests\*",31501,2,2019-10-11T13:58:02Z,2020-09-29T20:30:55Z,21,1,354,simonjayhawkins,370,0,pr,high
pandas-dev,pandas,28922,"PERF: asv's for non-int64 merges",190,3,2019-10-11T12:11:35Z,2019-10-22T00:41:22Z,7,1,10,jjlkant,2,1,pr,high
pandas-dev,pandas,28792,"DOC: Fix SA04 errors in docstrings",30206,2,2019-10-04T15:56:47Z,2021-11-20T05:48:53Z,19,1,777,AdrianMastronardi,2,1,pr,medium
pandas-dev,pandas,28665,"Odd error message, concerning numpy using an alias versus numpy package name",1066,2,2019-09-28T11:16:10Z,2019-12-26T00:08:08Z,5,1,88,,,,,
pandas-dev,pandas,28602,"DOC: Docstrings Formatting Error PR09",510,2,2019-09-24T21:40:47Z,2021-11-25T18:43:51Z,9,1,792,josibake,0,1,pr,medium
pandas-dev,pandas,28555,"Create helper function in pandas/tests/io/json/test_pandas.py",505,3,2019-09-21T00:04:56Z,2019-09-27T22:47:24Z,6,1,6,bganglia,1,1,pr,high
pandas-dev,pandas,28546,"Better Message for xlrd Dependencies",1737,4,2019-09-20T03:21:10Z,2021-02-02T02:29:20Z,25,1,500,,,,,
pandas-dev,pandas,28469,"DataFrame.to_html should validate that formatters has the correct length",415,3,2019-09-16T20:22:27Z,2019-10-07T15:01:02Z,4,1,20,guipleite,1,1,pr,high
pandas-dev,pandas,28382,"Update cpython imports in Cython Code",489,2,2019-09-11T02:15:40Z,2019-09-13T00:56:41Z,0,1,1,amunch,1,1,pr,high
pandas-dev,pandas,28266,"set timeoffset as the window parameter doesn't work for rolling corr function",3368,2,2019-09-03T14:30:54Z,2020-10-26T03:18:18Z,5,1,418,gabriellm1,3,0,pr,high
pandas-dev,pandas,28231,"Update documentation on pd.read_excel, to reflect the fact that support for OpenDocument files is available",2159,3,2019-08-30T12:51:23Z,2019-09-05T18:03:57Z,1,1,6,zys5945,1,1,pr,high
pandas-dev,pandas,27861,"DOC: Standardize use of ""Iterate"" and ""Iterator"" in the documentation for DataFrame and Series iterators",1029,2,2019-08-11T23:05:36Z,2019-08-13T11:57:29Z,1,1,1,sameshl,5,0,pr,high
pandas-dev,pandas,27802,"DOC: Series.str.slice() should show that negative values for start are allowed",823,2,2019-08-07T15:48:41Z,2019-08-09T12:55:23Z,0,1,1,unknown,0,1,pr,high
pandas-dev,pandas,27586,"Move json_normalize to pd namespace",174,3,2019-07-25T15:43:33Z,2019-12-18T19:53:17Z,6,1,146,vishwakftw,1,1,pr,high
pandas-dev,pandas,27485,"ASV Benchmark for read_excel",184,3,2019-07-19T22:40:38Z,2019-09-05T17:10:54Z,3,1,47,f6v,1,1,pr,high
pandas-dev,pandas,27476,"BUG: Missing documentation for read_spss()",185,2,2019-07-19T13:30:37Z,2019-07-26T20:58:46Z,4,1,7,another-green,3,0,pr,high
pandas-dev,pandas,27472,"BUG: Groupby.transform('cumcount') fails",358,3,2019-07-19T06:10:48Z,2021-07-22T18:05:00Z,6,1,734,saehuihwang,1,1,pr,high
pandas-dev,pandas,27185,"DataFrame.sum() with mix of timedelta and IntegerNA returns NA for IntNA",305,6,2019-07-02T16:26:30Z,2022-06-23T21:40:30Z,4,1,1087,aamnv,1,1,pr,high
pandas-dev,pandas,27085,"TST: Split test_offsets.py",328,4,2019-06-27T22:05:15Z,2021-11-20T05:33:41Z,9,1,876,felixDulys,10,0,pr,medium
pandas-dev,pandas,26784,"Add more pytest idiom to io.excel testing",1671,5,2019-06-11T14:27:58Z,2020-12-12T11:27:27Z,8,1,549,simonjayhawkins,406,0,pr,medium
pandas-dev,pandas,26480,"pd.DataFrame.dot does not work when column index is set",1512,2,2019-05-21T16:18:48Z,2019-05-23T16:46:20Z,3,1,2,matsmaiwald,1,1,pr,high
pandas-dev,pandas,26462,"`groupby` in combination with `rolling` provides unintuitve errors",4407,4,2019-05-19T21:03:54Z,2020-01-08T16:13:53Z,8,1,233,MarcoGorelli,13,0,pr,high
pandas-dev,pandas,26284,"json_normalize should raise when record_path doesn't point to an array",338,3,2019-05-05T15:46:04Z,2020-04-16T23:38:21Z,7,1,347,LTe,2,1,pr,high
pandas-dev,pandas,26031,"Series: inconsistent behavior of setting value with timestamp dtype for existed index and newly-added",1373,2,2019-04-09T10:05:22Z,2019-12-10T22:20:58Z,8,1,245,,,,,
pandas-dev,pandas,25934,"Assorted Typing Fixups in pandas.core.reshape",2077,2,2019-03-31T00:11:40Z,2019-04-15T20:45:20Z,1,1,15,ryankarlos,9,0,pr,high
pandas-dev,pandas,25933,"Assorted Typing Fixups in pandas.io",2651,2,2019-03-31T00:07:43Z,2019-04-11T00:47:47Z,1,1,11,ryankarlos,8,0,pr,high
pandas-dev,pandas,25337,"Fix validation error type `SA04` and check in CI",492,4,2019-02-15T23:14:16Z,2022-04-12T01:29:28Z,3,1,1151,dataxerik,1,1,pr,high
pandas-dev,pandas,25106,"Fix validation error type `GL04` and check in CI",5059,2,2019-02-03T11:51:30Z,2021-03-05T16:25:52Z,5,1,761,,,,,
pandas-dev,pandas,24807,"Enhancingperf documentation updates",1890,2,2019-01-16T18:14:28Z,2019-05-08T15:12:07Z,3,1,111,huizew,1,1,pr,medium
pandas-dev,pandas,24706,"Pytest Deprecation in test_pytables",1594,2,2019-01-10T15:12:03Z,2019-01-16T15:18:55Z,3,1,6,rajibmitra,2,1,pr,high
pandas-dev,pandas,24268,"DOC: Series.nlargest sorts index with duplicates",328,2,2018-12-13T13:08:34Z,2019-03-05T03:07:08Z,5,1,81,bharatr21,1,1,pr,high
pandas-dev,pandas,24091,"BUG: loc behaves incorrectly on PeriodIndex within MultiIndex with 3 levels",2807,2,2018-12-04T14:41:43Z,2022-06-21T20:30:52Z,8,1,1295,jackgoldsmith4,9,0,pr,high
pandas-dev,pandas,24067,"Explicitly include ""private"" ExtensionArray methods in API docs",414,3,2018-12-03T13:38:01Z,2019-07-15T17:11:32Z,0,1,224,tadeja,1,1,pr,high
pandas-dev,pandas,23986,"DatetimeIndex doesn't validate `dtype` argument",221,4,2018-11-28T23:42:37Z,2019-03-31T18:00:34Z,3,1,122,alexcwatt,1,1,pr,high
pandas-dev,pandas,23922,"TST: Disallow bare pytest.raises",9057,3,2018-11-26T09:50:04Z,2020-01-14T12:24:50Z,44,1,414,jbrockmendel,1248,0,pr,medium
pandas-dev,pandas,23452,"reorder_categories() on categorical index of interval values produces bizarre results",2503,2,2018-11-01T21:39:02Z,2020-10-03T18:17:08Z,3,1,701,fokoid,1,1,pr,high
pandas-dev,pandas,23334,"Fix import formatting using isort",2032,3,2018-10-25T17:38:35Z,2019-02-28T15:18:34Z,34,1,125,alimcmaster1,32,0,pr,medium
pandas-dev,pandas,23087,"Implement/dispatch unary operations for ExtensionArrays",274,2,2018-10-11T11:31:29Z,2021-12-21T17:04:06Z,4,1,1167,TomAugspurger,653,0,pr,medium
pandas-dev,pandas,22851,"Export styler doesn't seem to include hide_index()",3650,5,2018-09-27T03:11:59Z,2021-03-29T12:30:34Z,5,1,914,,,,,
pandas-dev,pandas,22758,"Make header_style a Property of ExcelFormatter",605,3,2018-09-19T02:41:03Z,2018-09-20T22:17:21Z,0,1,1,dannyhyunkim,1,1,pr,high
pandas-dev,pandas,22509,"Wrong output of GroupBy transform with string input (e.g., transform('rank'))",3285,3,2018-08-26T01:23:01Z,2021-05-28T03:44:53Z,12,1,1006,,,,,
pandas-dev,pandas,21749,"DOCS: Update import statements in docstrings",2007,2,2018-07-05T18:34:00Z,2022-02-06T22:30:19Z,17,1,1312,salomondush,1,1,pr,high
pandas-dev,pandas,21354,"CI: Enable spellcheck in docbuild",215,3,2018-06-07T13:18:48Z,2021-02-18T03:21:19Z,9,1,986,FabioRosado,2,1,pr,medium
pandas-dev,pandas,21094,"MultiIndex that contains tuples raises on __contains__ whenever the item is not contained (Python 2)",4591,2,2018-05-16T21:40:12Z,2020-01-02T00:41:51Z,4,1,595,,,,,
pandas-dev,pandas,21079,"DOC: Enable sphinx.contrib.spelling",311,2,2018-05-16T11:21:36Z,2018-06-07T13:20:33Z,0,1,22,FabioRosado,1,1,pr,high
pandas-dev,pandas,21040,"DOC: Update Contributing Guide to Point to Pandas Docstring Guide",547,2,2018-05-14T22:53:34Z,2018-06-06T21:52:30Z,6,1,22,,,,,
pandas-dev,pandas,20805,"DataFrame.from_records lose dtype info on empty recarray.",419,5,2018-04-24T02:23:30Z,2021-03-22T17:32:02Z,3,1,1063,,,,,
pandas-dev,pandas,20787,"DOC: clean Index.set_name / .rename doc-strings",223,3,2018-04-22T14:50:34Z,2018-08-19T10:00:45Z,3,1,118,Moons08,1,1,pr,high
pandas-dev,pandas,19505,"Documation: copy documenation is lacking detail for when deep=False",720,2,2018-02-02T04:00:25Z,2018-03-23T08:52:05Z,10,1,49,thismakessand,3,0,pr,high
pandas-dev,pandas,19499,"Rank 'na_option=""bottom""' Usage Clarification",1768,2,2018-02-01T23:51:43Z,2018-07-25T19:12:54Z,6,1,173,raguiar2,1,1,pr,high
pandas-dev,pandas,19437,"df.groupby('symbol')['status'].ffill() results in Exception: cannot handle a non-unique multi-index!",11968,2,2018-01-29T05:24:23Z,2019-11-23T23:04:41Z,2,1,663,ganevgv,16,0,pr,high
pandas-dev,pandas,19359,"BUG: maybe_convert_objects on soft converttof datetime can raise unexpectedly",1709,6,2018-01-23T02:58:44Z,2019-07-29T18:24:23Z,9,1,552,,,,,
pandas-dev,pandas,19228,"TST: split tests for windows to sub-modules",160,3,2018-01-13T18:37:14Z,2019-07-12T14:29:37Z,5,1,544,ihsansecer,12,0,pr,high
pandas-dev,pandas,19211,"Series[offsets] + Series[datetime64] fails",1152,3,2018-01-12T19:02:50Z,2020-09-26T21:35:25Z,6,1,988,,,,,
pandas-dev,pandas,19204,"""is_all_dates"" inconsistent across datetimelike types",1034,7,2018-01-12T10:35:38Z,2020-10-03T19:41:24Z,5,1,995,,,,,
pandas-dev,pandas,19187,"TypeError in Index.get_indexer_non_unique if Index.is_all_dates",2795,3,2018-01-11T17:53:00Z,2021-05-29T00:28:56Z,8,1,1233,,,,,
pandas-dev,pandas,19089,"DOC: enhance pivot / reshape docs",238,3,2018-01-05T02:32:00Z,2018-11-12T00:21:58Z,6,1,310,VincentLa,4,0,pr,high
pandas-dev,pandas,18969,"TST: split out sparse tests",228,3,2017-12-28T13:18:43Z,2019-09-18T14:02:15Z,3,1,629,TomAugspurger,488,0,pr,high
pandas-dev,pandas,18840,"asv tests for DataFrame constructor",291,2,2017-12-19T13:25:34Z,2021-12-21T22:40:33Z,3,1,1463,toobaz,92,0,pr,medium
pandas-dev,pandas,18748,"Silently Ignored Kwargs Cleanup",1542,4,2017-12-12T20:35:07Z,2020-02-16T21:50:56Z,5,1,796,kprestel,2,1,pr,medium
pandas-dev,pandas,18614,"TST: split test_indexing",305,3,2017-12-03T22:48:32Z,2018-03-06T12:25:38Z,1,1,92,almaleksia,1,1,pr,high
pandas-dev,pandas,18498,"TST: split out test_pytables.py to sub-module of tests",231,3,2017-11-26T01:54:35Z,2019-10-07T01:55:08Z,2,1,680,jgehrcke,2,1,pr,medium
pandas-dev,pandas,18394,"new behavior regarding `Series.plot.bar` for `logy=True` in 0.21",1606,4,2017-11-20T22:14:36Z,2018-10-08T11:25:27Z,13,1,321,,,,,
pandas-dev,pandas,18198,"Reading a SAS file with 0 rows gives None",1458,4,2017-11-09T18:11:40Z,2022-05-31T17:05:03Z,10,1,1663,jonashaag,12,0,pr,high
pandas-dev,pandas,18038,"pandas.Series.dt.total_seconds() documentation confusing",2390,4,2017-10-30T18:35:46Z,2018-09-11T21:09:42Z,9,1,316,,,,,
pandas-dev,pandas,17648,"pd.Series.map never maps NAs through a dictionary",1433,2,2017-09-23T19:50:46Z,2019-11-03T01:57:00Z,5,1,770,sofiane87,1,1,pr,high
pandas-dev,pandas,17616,"Add teardowns in asv benchmarks",238,3,2017-09-21T18:01:01Z,2017-11-23T19:41:04Z,6,1,63,dmanikowski-reef,1,1,pr,high
pandas-dev,pandas,17559,"Unexpected exception on column with NaT",1735,4,2017-09-17T09:07:54Z,2018-11-19T04:33:33Z,8,1,427,,,,,
pandas-dev,pandas,17376,"Union of indexes of tuples is not sorted",1961,2,2017-08-30T05:52:26Z,2020-01-03T06:42:03Z,3,1,856,,,,,
pandas-dev,pandas,17135,"still doesn't work with boto3 StreamingBody",1634,2,2017-08-01T01:16:10Z,2021-05-26T05:03:52Z,14,1,1394,kokes,2,1,pr,medium
pandas-dev,pandas,17044,"Type casting after merge",1530,2,2017-07-21T08:59:03Z,2019-10-22T00:34:38Z,2,1,822,albertvillanova,7,0,pr,high
pandas-dev,pandas,16870,"(DOC) A `string` passed to `groupby` is hard to understand based on current doc",1443,3,2017-07-10T12:08:22Z,2020-09-11T16:47:14Z,6,1,1159,Nikhil1O1,2,1,pr,high
pandas-dev,pandas,16844,"BUG: factorize_from_iterables applies type to empty iterables",998,2,2017-07-06T19:52:51Z,2019-10-29T15:22:47Z,1,1,844,VijayantSoni,1,1,pr,high
pandas-dev,pandas,16724,"Unexpected result when setting a row by a dict",2859,2,2017-06-19T04:01:16Z,2021-10-31T03:00:47Z,11,1,1594,,,,,
pandas-dev,pandas,16697,"astype errors with Categorical",960,3,2017-06-14T17:23:06Z,2019-06-18T03:09:52Z,5,1,733,,,,,
pandas-dev,pandas,16454,"BUG: merge_asof raises when grouping on multiple columns with a categorical",2701,2,2017-05-23T14:08:10Z,2020-01-03T22:08:08Z,4,1,955,dwhu,1,1,pr,high
pandas-dev,pandas,16393,"IndexError raised on invalid csv file",2489,2,2017-05-19T23:51:24Z,2022-09-27T16:43:13Z,8,1,1956,DriesSchaumont,12,0,pr,high
pandas-dev,pandas,16130,"CLN: replace %s formatting syntax with .format",1633,3,2017-04-25T11:33:34Z,2019-11-11T19:21:47Z,15,1,930,jschendel,142,0,pr,medium
pandas-dev,pandas,15853,"BUG: melt should preserve Categorical id_vars",1534,3,2017-03-31T10:12:55Z,2019-11-09T19:43:42Z,7,1,953,ganevgv,6,0,pr,high
pandas-dev,pandas,15821,"DOC: add section in api.rst for pandas.api",0,2,2017-03-27T21:23:28Z,2018-03-05T15:29:39Z,1,1,342,,,,,
pandas-dev,pandas,15401,"Possible enhancement? Outlier detection",552,3,2017-02-14T20:49:53Z,2018-01-11T10:08:17Z,5,1,330,,,,,
pandas-dev,pandas,14705,"pd.HDFStore doesn't accept pathlib objects",2257,3,2016-11-21T22:17:25Z,2018-04-14T18:15:40Z,5,1,508,,,,,
pandas-dev,pandas,14564,"BUG: inconsistencies/errors in quantile on empty DataFrame",2092,4,2016-11-02T13:36:59Z,2021-05-19T12:53:57Z,3,1,1658,mroeschke,388,0,pr,high
pandas-dev,pandas,14274,"bug when filling missing values with transform?",954,5,2016-09-21T19:52:48Z,2021-10-31T02:29:16Z,16,1,1865,,,,,
pandas-dev,pandas,14057,"TST/CLN: some RunTimeWarnings",1168,4,2016-08-21T13:40:55Z,2021-05-01T23:20:10Z,8,1,1714,,,,,
pandas-dev,pandas,13964,"Pandas 0.18.1 groupby and resample with multilevel aggregation error",946,2,2016-08-11T14:45:51Z,2020-01-20T07:34:11Z,4,1,1256,,,,,
pandas-dev,pandas,13635,"DOC/API: doc-strings for instrospectors",199,3,2016-07-13T02:08:02Z,2019-07-13T12:04:22Z,1,1,1095,,,,,
pandas-dev,pandas,13572,"Not possible to find first element in non-monotonic DateTimeIndex if string is used",1810,3,2016-07-06T12:23:22Z,2019-06-28T16:32:00Z,7,1,1087,,,,,
pandas-dev,pandas,13473,"ENH: add errors='raise' option to rename",443,2,2016-06-17T17:26:19Z,2019-03-05T22:15:20Z,10,1,991,gliptak,30,0,pr,high
pandas-dev,pandas,13429,"BUG/API: PeriodIndex doesn't support loc using partial string ",766,2,2016-06-12T11:42:51Z,2021-05-15T03:56:33Z,7,1,1797,,,,,
pandas-dev,pandas,12948,"BUG: bug in construction using a tuple indexer with embedded None",1287,2,2016-04-21T17:02:17Z,2020-01-21T01:06:10Z,5,1,1369,mroeschke,263,0,pr,high
pandas-dev,pandas,12859,"cross section coercion with output iterating",1194,2,2016-04-11T12:10:21Z,2021-05-12T13:27:55Z,11,1,1857,mroeschke,384,0,pr,high
pandas-dev,pandas,12550,"Equivalent of Series.map for DataFrame",1312,4,2016-03-07T03:04:32Z,2020-02-27T21:42:39Z,5,1,1452,ryankarlos,20,0,pr,high
pandas-dev,pandas,12457,"Error Creating DataFrame with Single MultiIndexed Column",3084,3,2016-02-26T15:57:00Z,2021-04-23T01:10:16Z,22,1,1882,,,,,
pandas-dev,pandas,12148,"Docstring on Styler.apply{,map} is confusing",2330,4,2016-01-26T16:16:00Z,2021-02-10T19:43:50Z,5,1,1842,,,,,
pandas-dev,pandas,12145,"background_gradient vmin and vmax",522,2,2016-01-26T15:08:40Z,2019-11-03T12:59:56Z,6,1,1376,immaxchen,2,1,pr,high
pandas-dev,pandas,11407,"DOC: add axes attributes to API docs",284,2,2015-10-22T03:05:25Z,2021-04-20T05:50:46Z,7,1,2007,,,,,
pandas-dev,pandas,10849,"PERF: follow up to ASV",451,2,2015-08-19T00:33:40Z,2021-04-18T23:21:16Z,12,1,2069,qwhelan,56,0,pr,medium
pandas-dev,pandas,10774,"API: DatetimeIndex / TimedeltaIndex 2d slicing should result in Index",1066,5,2015-08-09T01:16:09Z,2021-04-18T23:16:23Z,6,1,2079,,,,,
pandas-dev,pandas,10365,"Improve documentation for piecewise_polynomial interpolation",4968,3,2015-06-16T15:09:18Z,2021-03-09T17:00:01Z,3,1,2093,cancan101,13,0,pr,medium
pandas-dev,pandas,10207,"CLN: consolidate Series.quantile / DataFrame.quantile",104,2,2015-05-26T10:49:13Z,2019-06-24T15:11:41Z,2,1,1490,,,,,
pandas-dev,pandas,9943,"BUG: index name lost when indexing with another index",975,4,2015-04-20T03:15:12Z,2021-04-18T06:31:58Z,8,1,2190,dkrasner,0,1,pr,medium
pandas-dev,pandas,9886,"DOC: consistent imports ('import pandas as pd' et al)",3317,2,2015-04-13T20:40:45Z,2021-04-18T06:21:20Z,13,1,2196,jorisvandenbossche,1165,0,pr,medium
pandas-dev,pandas,7948,"ERR: catchall exception should be explicity and use Exception EAFP",909,2,2014-08-06T14:22:47Z,2019-10-21T16:06:42Z,5,1,1902,,,,,
pandas-dev,pandas,6334,"Slicing on Multi Index Performs Oddly With Duplicates",859,3,2014-02-12T18:27:25Z,2019-07-23T05:20:04Z,6,1,1986,,,,,
pandas-dev,pandas,6257,"Improve documentation for pandas.core.groupby.GroupBy.transform",180,2,2014-02-04T21:19:25Z,2017-12-13T01:59:36Z,5,1,1407,,,,,
pandas-dev,pandas,6251,"Improve testing coverage",163,2,2014-02-04T13:11:54Z,2018-07-06T22:13:37Z,10,1,1613,,,,,
pandas-dev,pandas,5456,"DOC: update groupby NA group handing / workaround",4652,3,2013-11-06T21:32:28Z,2022-06-14T16:36:10Z,6,1,3141,,,,,
pandas-dev,pandas,5023,"DOC: improve documentation for Series.resample",1269,4,2013-09-28T21:06:43Z,2020-03-31T03:58:38Z,9,1,2375,Winterflower,7,0,pr,medium
pandas-dev,pandas,4607,"Add Clarification in Docs about Business DateOffset",229,3,2013-08-19T20:05:44Z,2020-05-26T13:07:03Z,5,1,2471,dhuettenmoser,1,1,pr,high
pandas-dev,pandas,3188,"Grid=True option in plot functions overrides user settings",424,3,2013-03-27T14:16:10Z,2021-10-25T13:52:41Z,14,1,3133,,,,,
pandas-dev,pandas,9216,"No way to construct mixed dtype DataFrame without total copy, proposed solution",2073,4,2015-01-09T01:12:00Z,2022-01-24T17:32:29Z,61,1,2572,kaipriester,1,1,pr,high
pandas-dev,pandas,8450,"CI: Add durations to tests",212,3,2014-10-03T12:28:36Z,2018-10-25T12:45:13Z,6,1,1483,,,,,
pandas-dev,pandas,8438,"DOC: more complete docs on offsets/frequencies needed",1174,3,2014-10-01T21:43:35Z,2018-11-01T06:18:57Z,6,1,1491,,,,,
pandas-dev,pandas,8329,"CLN: start using numpy-1.7 API",1321,3,2014-09-20T07:40:02Z,2018-07-13T00:36:14Z,22,1,1391,jbrockmendel,333,0,pr,medium
pandas-dev,pandas,6918,"DOC: provide more inline examples for cookbook.rst",161,2,2014-04-21T21:56:08Z,2021-04-11T04:29:41Z,4,1,2546,jnmclarty,8,0,pr,medium
pandas-dev,pandas,4591,"DOC: Unclear documentation for Period Construction",513,3,2013-08-17T00:11:47Z,2022-06-15T19:07:46Z,8,1,3224,jackgoldsmith4,8,0,pr,high
pandas-dev,pandas,2916,"Ongoing: Fixing docstrings",5732,2,2013-02-23T20:20:45Z,2019-01-01T17:28:25Z,11,1,2137,,,,,
pandas-dev,pandas,35685,"DOC/DEV: document approach to bisect regressions",358,2,2020-08-12T11:17:29Z,2022-10-06T15:59:21Z,11,1,785,seljaks,2,1,pr,high
pandas-dev,pandas,48762,"DOC: Update color of icons for dark theme",842,2,2022-09-24T18:09:41Z,2022-09-30T00:51:14Z,2,1,5,lorenzovngl,1,1,pr,high
pandas-dev,pandas,48519,"WEB: Fix sponsor logos in mobile",443,2,2022-09-12T20:18:11Z,2022-09-29T23:59:51Z,7,1,17,amay-patel,1,1,pr,high
pandas-dev,pandas,48737,"STYLE: add pylint pre-commit hook",876,2,2022-09-23T14:38:41Z,2022-09-29T12:56:13Z,6,1,5,YvanCywan,1,1,pr,high
pandas-dev,pandas,48846,"TST test_any_non_keyword_deprecation is in the wrong location",391,2,2022-09-29T08:36:19Z,2022-09-29T09:46:14Z,2,1,0,,,,,
pandas-dev,pandas,48727,"DOC: typo",429,2,2022-09-23T06:11:04Z,2022-09-23T12:29:52Z,2,1,0,pranavpa8788,1,1,pr,medium
pandas-dev,pandas,42744,"DOC: WEB: dark mode theme in docs when user has browser in dark mode",561,3,2021-07-27T05:44:37Z,2022-09-16T17:33:00Z,0,1,416,phofl,445,0,pr,high
pandas-dev,pandas,48349,"STYLE: upgrade codespell",1094,2,2022-09-01T18:50:45Z,2022-09-06T20:24:02Z,4,1,5,lucasdamo,1,1,pr,high
pandas-dev,pandas,22265," Cannot pickle parser functions?",2078,2,2018-08-09T19:22:40Z,2022-09-06T17:44:14Z,6,1,1488,DriesSchaumont,11,0,pr,high
pandas-dev,pandas,31884,"tm.assert_index_equal broken with pd.NA and np.NaT sentinel",543,5,2020-02-11T16:29:35Z,2022-09-02T21:32:45Z,5,1,934,MrShevan,2,1,pr,high
pandas-dev,pandas,29709,"DataFrame.at indexing with date string promotes column type, while indexing with datetime casts value",2594,5,2019-11-19T12:54:29Z,2022-08-31T16:30:11Z,6,1,1016,nealxm,2,1,pr,high
pandas-dev,pandas,46793,"WEB: Use mambaforge for the getting started installation instructions?",434,2,2022-04-17T13:07:21Z,2022-08-30T22:14:04Z,6,1,135,MarcoGorelli,155,0,pr,high
pandas-dev,pandas,39984,"BUG: Unable to create a MultiIndex with `nan` values in nullable `Float` dtypes",4462,4,2021-02-23T02:44:21Z,2022-08-26T19:02:55Z,2,1,549,BarkotBeyene,2,1,pr,high
pandas-dev,pandas,34290,"dt.total_seconds() stores float with appending 0.00000000000001",2426,3,2020-05-21T10:28:16Z,2022-08-25T22:27:21Z,8,1,826,ntachukwu,3,0,pr,high
pandas-dev,pandas,48026,"DEP: Add pip to environment.yml",482,3,2022-08-10T20:12:39Z,2022-08-24T20:33:22Z,9,1,14,ambujpawar,1,1,pr,high
pandas-dev,pandas,48196,"CLN remove unreachable code in pandas/_libs/tslibs/timedeltas.pyx",153,2,2022-08-22T17:49:55Z,2022-08-22T20:40:53Z,0,1,0,kianelbo,2,1,pr,high
pandas-dev,pandas,48019,"DOC: Mention styler in the to_excel documentation",760,3,2022-08-10T05:13:01Z,2022-08-16T18:26:26Z,11,1,6,FrnRmn,1,1,pr,high
pandas-dev,pandas,43599,"BUG: changed behavior of df.loc on multiindex since 1.3.0",4281,4,2021-09-16T06:10:01Z,2022-08-15T21:16:16Z,6,1,333,rogimus,1,1,pr,medium
pandas-dev,pandas,32464,"Grouping by all columns of an empty DataFrame should produce MultiIndex, but doesn't",541,4,2020-03-05T15:48:21Z,2022-08-15T21:11:54Z,4,1,893,YagoGG,2,1,pr,high
pandas-dev,pandas,46646,"ENH: Make categories setitem error more readable",6132,4,2022-04-05T20:14:46Z,2022-08-15T18:13:05Z,4,1,131,daspartho,1,1,pr,high
pandas-dev,pandas,48061,"STYLE: upgrade flake8",4247,2,2022-08-12T17:28:56Z,2022-08-14T16:04:10Z,7,1,1,jmoro0408,1,1,pr,high
pandas-dev,pandas,47525,"DOC: Mention ""StyleFrame"" package in ""DataFrame.to_excel()""",787,2,2022-06-28T07:55:55Z,2022-08-10T05:01:17Z,9,1,42,,,,,
pandas-dev,pandas,47861,"DOC: Plotting / Visualization without Jupyter",1010,3,2022-07-26T11:18:18Z,2022-08-09T19:12:31Z,9,1,14,tpackard1,1,1,pr,high
pandas-dev,pandas,47895,"BUG in read_pickle",4363,2,2022-07-29T12:43:52Z,2022-08-09T19:10:47Z,10,1,11,Kinza-Raza,1,1,pr,high
pandas-dev,pandas,47799,"DOC: iloc docs should indicate a tuple is valid",1114,3,2022-07-20T13:02:35Z,2022-08-08T21:35:58Z,3,1,19,pratikpatel2512,1,1,pr,high
pandas-dev,pandas,47829,"DOC: clarify that assert_produces_warning can take multiple warnings",914,3,2022-07-23T10:36:33Z,2022-08-03T20:30:01Z,2,1,11,shourya5,1,1,pr,high
pandas-dev,pandas,22558,"unique aggregation unexpectedly returning different type",2399,4,2018-09-01T00:09:49Z,2022-07-26T21:11:06Z,5,1,1424,srotondo,4,0,pr,high
pandas-dev,pandas,46409,"BUG: grouped.last() will sometimes turn a boolean column into Int64",2728,2,2022-03-18T00:38:42Z,2022-07-18T19:06:21Z,5,1,122,kapiliyer,1,1,pr,high
pandas-dev,pandas,22551,"columns comparison with Enum column name triggers TypeError",2538,2,2018-08-31T10:12:41Z,2022-07-16T18:08:27Z,7,1,1415,Shadimrad,1,1,pr,high
pandas-dev,pandas,46381,"BUG: pandas.io.formats.style.Styler.to_excel doesn't support storage_options as its documented",3346,4,2022-03-15T23:15:08Z,2022-07-09T16:32:52Z,9,1,115,eshirvana,5,0,pr,high
pandas-dev,pandas,34019,"BUG: Multiindex.nunique raises NotImplementedError",3598,4,2020-05-06T08:42:04Z,2022-07-08T17:04:24Z,5,1,793,noatamir,3,0,pr,high
pandas-dev,pandas,22400,"assert_series_equal(..., check_exact=True) reports identically constructed Series are not equal.",3728,2,2018-08-17T17:33:07Z,2022-07-07T22:27:46Z,4,1,1420,srotondo,2,1,pr,high
pandas-dev,pandas,21073,"pandas dataframe to_json(orient='split') change uint64 to negative int",2533,2,2018-05-16T06:38:08Z,2022-07-05T16:43:46Z,4,1,1511,johnmantios,1,1,pr,high
pandas-dev,pandas,33168,"Quantile function fails when performing groupby on Time Zone Aware Timestamps",5178,4,2020-03-31T07:16:35Z,2022-07-03T14:20:33Z,8,1,824,dannyi96,1,1,pr,high
pandas-dev,pandas,32073,"Plotting Int64 columns with nulled integers (NAType) fails",2229,4,2020-02-18T09:31:52Z,2020-12-07T13:38:28Z,19,1,293,rkc007,1,1,pr,high
pandas-dev,pandas,47526,"DOC: Malformed list in sphinx output and other problems with ""ExcelWriter"" doc",872,2,2022-06-28T08:12:26Z,2022-07-01T17:52:44Z,5,1,3,noatamir,2,1,pr,high
pandas-dev,pandas,26064,"Non-unique integer index performance depending on index creation method",3379,2,2019-04-12T15:24:56Z,2022-06-30T16:18:32Z,3,1,1175,kevinanker,1,1,pr,high
pandas-dev,pandas,46682,"Add interactive terminal to pandas website",1070,2,2022-04-07T13:51:21Z,2022-06-23T21:15:23Z,23,1,77,jtpio,1,1,pr,high
pandas-dev,pandas,47423,"BUG: Unexpected keyword argument `maxsplit` on `rsplit` even though it is accepted in vanilla Python",3165,3,2022-06-19T18:58:06Z,2022-06-23T20:49:58Z,5,1,4,MrShevan,1,1,pr,high
pandas-dev,pandas,25169,"Intersection of MultiIndexes reports incorrect lexsort_depth",2000,4,2019-02-05T21:35:16Z,2022-06-21T20:30:53Z,3,1,1231,jackgoldsmith4,9,0,pr,high
pandas-dev,pandas,26650,"Handle numpy.matmul in DataFrame.__array_ufunc__",2850,4,2019-06-04T18:51:44Z,2022-06-21T17:43:44Z,6,1,1112,carbonleakage,1,1,pr,high
pandas-dev,pandas,27583,"Inconsistent dtype changes between multi-column assignment and single-column assignment",2158,4,2019-07-25T10:12:40Z,2022-06-13T17:27:54Z,3,1,1054,jackgoldsmith4,7,0,pr,high
pandas-dev,pandas,23326,"Data type of new assigned DataFrame column",1481,2,2018-10-25T02:36:54Z,2022-06-13T00:23:36Z,3,1,1326,jackgoldsmith4,6,0,pr,high
pandas-dev,pandas,29036,"Inconsistent processing of NaT values by GroupBy",2226,4,2019-10-16T17:15:04Z,2022-06-10T20:52:32Z,9,1,968,,,,,
pandas-dev,pandas,30410,"DOC: Remove and disable wiki",604,2,2019-12-22T20:01:24Z,2022-06-08T22:54:27Z,5,1,899,mroeschke,663,0,pr,high
pandas-dev,pandas,30232,"Move 'For Developers' content from wiki to contributing docs.",481,2,2019-12-12T15:30:16Z,2022-06-08T22:54:27Z,19,1,909,mroeschke,663,0,pr,high
pandas-dev,pandas,20501,"Move Wiki testing page to main docs?",153,2,2018-03-27T14:03:32Z,2022-06-08T22:54:27Z,3,1,1534,mroeschke,663,0,pr,high
pandas-dev,pandas,29102,"Misleading error messages when opening inexistent json file",443,4,2019-10-19T18:12:43Z,2022-06-07T16:28:37Z,14,1,961,janosh,3,0,pr,high
pandas-dev,pandas,20511,"Assign back converted multiple columns to datetime failed",3029,3,2018-03-28T06:42:09Z,2022-06-05T23:44:41Z,8,1,1530,parthi-siva,3,0,pr,high
pandas-dev,pandas,25823,"Logical operations on np.bool_ using pandas.eval raises TypeError",6753,3,2019-03-21T14:54:32Z,2022-06-05T22:16:07Z,7,1,1172,djgray780,2,1,pr,high
pandas-dev,pandas,32822,"dtype change when doing operations on dataframes",2348,3,2020-03-19T09:28:33Z,2022-06-03T18:31:39Z,9,1,806,Aadharsh-Acharya,1,1,pr,high
pandas-dev,pandas,46825,"DOC: write guide for how to replace append",556,2,2022-04-21T18:38:54Z,2022-05-27T12:28:41Z,3,1,35,anetakahle,1,1,pr,high
pandas-dev,pandas,45030,"DOC: index and dropna docs missing from to_hdf docstring",451,3,2021-12-23T13:45:47Z,2022-05-04T23:38:22Z,4,1,132,alexondor,1,1,pr,high
pandas-dev,pandas,46888,"Git.io deprecation notice",425,2,2022-04-28T09:05:11Z,2022-04-30T02:28:09Z,3,1,1,,,,,
pandas-dev,pandas,27557,"Adhere to the standard for dropping Python versions",608,3,2019-07-24T09:16:20Z,2022-04-28T13:41:56Z,8,1,1009,TomAugspurger,654,0,pr,medium
pandas-dev,pandas,46588,"BUG: `Series.map` is ignoring the `na_action` keyword",2472,2,2022-03-31T20:49:24Z,2022-04-27T12:36:30Z,9,1,26,stanleycai95,1,1,pr,high
pandas-dev,pandas,46482,"DOC: sample variance -> population variance",1034,2,2022-03-23T02:33:42Z,2022-04-27T12:24:13Z,5,1,35,kwhkim,3,0,pr,high
pandas-dev,pandas,38947,"REGR: Barplot broken on Index(dtype='object')",3865,4,2021-01-04T16:15:25Z,2022-04-24T18:28:11Z,10,1,475,Daquisu,1,1,pr,high
pandas-dev,pandas,46737,"BUG: pser.mode() should not be set series name",2355,4,2022-04-11T09:30:31Z,2022-04-13T16:12:29Z,5,1,2,Yikun,1,1,pr,high
pandas-dev,pandas,29635,"Gropuby using pd.Series.mode throws error when `by` column contains values with same starting value",2674,3,2019-11-15T12:25:29Z,2022-04-09T17:40:00Z,4,1,876,FactorizeD,4,0,pr,high
pandas-dev,pandas,46706,"DOC/CI: Docs build is broken",2576,3,2022-04-08T20:34:17Z,2022-04-09T09:34:38Z,2,1,0,,,,,
pandas-dev,pandas,46670,"DOC: methods available only for `SeriesGroupBy` objects",826,3,2022-04-06T17:13:10Z,2022-04-08T23:32:39Z,1,1,2,TarunRKaushik,1,1,pr,high
pandas-dev,pandas,33692,"Join several dataframes with MultiIndex containing dates raises ValueError",6184,5,2020-04-21T04:44:13Z,2022-04-07T19:25:26Z,8,1,716,dospix,1,1,pr,high
pandas-dev,pandas,35227,"BUG: ValueError: Cannot convert non-finite values (NA or inf) to integer only when DF exceed certain size",2487,4,2020-07-11T02:26:24Z,2022-04-05T23:34:48Z,9,1,633,FactorizeD,3,0,pr,high
pandas-dev,pandas,27212,"groupby/apply behaves different if a column is timezone-aware or not",1993,3,2019-07-03T15:57:57Z,2022-03-30T15:43:38Z,5,1,1000,sanders41,2,1,pr,high
pandas-dev,pandas,42359,"STYLE disallow Series | AnyArrayLike",258,2,2021-07-03T18:02:31Z,2022-03-29T09:27:29Z,9,1,268,Moisan,23,0,pr,high
pandas-dev,pandas,46528,"STYLE fix PDF026 issues from pandas-dev-flaker",476,2,2022-03-27T14:20:52Z,2022-03-29T09:27:28Z,0,1,1,Moisan,23,0,pr,high
pandas-dev,pandas,46504,"DOC: outdated test suite output in installation guide",706,4,2022-03-25T15:02:49Z,2022-03-28T19:40:14Z,0,1,3,eshirvana,3,0,pr,high
pandas-dev,pandas,46389,"BUG: colon in URL gets cut off during call of to_html() when applying format(hyperlinks='html')",3208,3,2022-03-16T08:04:03Z,2022-03-24T18:16:28Z,5,1,8,kianelbo,1,1,pr,high
pandas-dev,pandas,46079,"DOC: tail works even if n > length of DataFrame",860,2,2022-02-19T23:46:12Z,2022-03-22T20:20:35Z,6,1,30,INDIG0N,2,1,pr,high
pandas-dev,pandas,46455,"DOC: SciPy minimum version",465,3,2022-03-21T10:29:50Z,2022-03-21T23:08:32Z,5,1,0,INDIG0N,1,1,pr,high
pandas-dev,pandas,46313,"BUG: Categorical of booleans has object .categories",2732,3,2022-03-10T20:11:48Z,2022-03-20T18:01:48Z,6,1,9,rxd330,1,1,pr,high
pandas-dev,pandas,38736,"BUG: Change of behavior between 1.1.5 and 1.2.0 in plot functions",6780,4,2020-12-27T22:23:09Z,2022-03-20T17:43:36Z,6,1,447,ivan-ngchakming,1,1,pr,high
pandas-dev,pandas,35517,"BUG: Pandas 1.0.5 → 1.1.0 behavior change on DataFrame.apply() where fn returns np.ndarray",3002,5,2020-08-02T10:51:12Z,2022-03-07T01:23:04Z,11,1,581,weikhor,0,1,pr,high
pandas-dev,pandas,38690,"ASV: Add benchmark for indexing with .loc for sorted/unsorted DatetimeIndex",495,4,2020-12-25T00:05:41Z,2022-03-02T00:01:28Z,4,1,431,weikhor,0,1,pr,high
pandas-dev,pandas,31644,"replace method does't work with string type Series",395,5,2020-02-04T08:02:13Z,2021-12-19T23:05:57Z,18,1,684,jbrockmendel,3673,0,pr,high
pandas-dev,pandas,32414,"EA: fillna should accept same type",253,5,2020-03-03T16:41:33Z,2022-02-27T18:37:59Z,11,1,726,weikhor,0,1,pr,high
pandas-dev,pandas,25399,"Inconsistent handling of duplicate axes + mixed dtypes in `DataFrame.where`",1639,4,2019-02-21T09:54:20Z,2022-02-26T00:57:55Z,8,1,1100,mitlabence,1,1,pr,high
pandas-dev,pandas,39130,"DOC: ""getting started"" under ""coming from SQL"" assumes you're using a notebook",1574,2,2021-01-12T19:03:30Z,2022-02-23T23:21:47Z,8,1,407,ehallam,1,1,pr,high
pandas-dev,pandas,25412,"pd.concat doesn't preserve Categorical dtype when the categorical columns is missing in one of the DataFrames.",1894,4,2019-02-22T15:19:30Z,2021-12-28T21:29:56Z,7,1,1040,mroeschke,495,0,pr,high
pandas-dev,pandas,46125,"A question about the documentation",392,2,2022-02-23T06:16:47Z,2022-02-23T17:00:10Z,5,1,0,nameongithub,0,1,pr,medium
pandas-dev,pandas,33701,"BUG: Multiplying large Series by <NA> gives ""unknown type object""",9345,4,2020-04-21T14:04:05Z,2022-02-22T05:13:01Z,3,1,671,weikhor,0,1,pr,high
pandas-dev,pandas,32492,"dataframe.groupby incorrect with multiindex and None value",1411,4,2020-03-06T12:51:08Z,2022-02-16T14:51:59Z,2,1,712,weikhor,0,1,pr,high
pandas-dev,pandas,36263,"pd.concat() crashes if dataframe contains duplicate indices but not df.join()",3819,3,2020-09-10T04:47:03Z,2022-02-11T19:32:45Z,2,1,519,phofl,323,0,pr,high
pandas-dev,pandas,45921,"DOC:  add python 3.10 support to docs",448,3,2022-02-10T16:24:21Z,2022-02-10T21:19:37Z,0,1,0,eshirvana,2,1,pr,high
pandas-dev,pandas,41617,"BUG: Date offset on numpy datetime64 does not work for week and month offsets",2979,5,2021-05-22T15:29:18Z,2022-02-10T17:23:31Z,6,1,264,ChrisAlbertsen,1,1,pr,high
pandas-dev,pandas,32413,"Object dtype gives ValueError in _maybe_cast_with_dtype ",2502,3,2020-03-03T16:32:56Z,2022-02-09T00:27:35Z,8,1,707,rendner,3,0,pr,high
pandas-dev,pandas,45311,"BUG: ""replace"" does not work with different numpy-int types even when values are the same",2870,3,2022-01-11T12:37:40Z,2022-02-05T19:03:37Z,9,1,25,weikhor,0,1,pr,high
pandas-dev,pandas,25464,"BUG: Incorrect TypeError for CategoricalIndex.view('i8')",1968,3,2019-02-27T20:54:14Z,2022-02-05T19:02:59Z,2,1,1073,jbrockmendel,3827,0,pr,high
pandas-dev,pandas,44786,"BUG: Concat returns inconsistent MultiIndex",24560,3,2021-12-06T12:05:28Z,2022-02-05T19:01:01Z,4,1,61,weikhor,0,1,pr,high
pandas-dev,pandas,37275,"BUG: Groupby aggregate functions (e.g. min/max) fail to preserve categorical dtype on single categorical column",3247,4,2020-10-20T12:53:40Z,2022-02-03T02:03:10Z,4,1,470,weikhor,0,1,pr,high
pandas-dev,pandas,35888,"BUG: pd.to_datetime() raises InvalidIndexError with Null-like arguments",3483,4,2020-08-25T07:37:44Z,2022-02-01T00:34:51Z,10,1,524,ryangilmour,2,1,pr,high
pandas-dev,pandas,32431,"TypeError: cannot do label indexing on <class 'pandas.core.indexes.base.Index'> with these indexers [nan] of <class 'float'>",372,2,2020-03-04T10:11:51Z,2020-11-18T13:53:17Z,10,1,259,wesleyboelrijk,1,1,pr,high
pandas-dev,pandas,28249,"Misbehavior for Dataframe updates on unexisting DateTime index ",2887,4,2019-09-02T09:10:58Z,2022-01-28T00:35:54Z,8,1,878,parthi-siva,2,1,pr,high
pandas-dev,pandas,45589,"DOC: don't suggest melt instead of lookup",711,2,2022-01-24T13:17:56Z,2022-01-24T17:56:01Z,2,1,0,adi611,1,1,pr,high
pandas-dev,pandas,36782,"BUG: replacing out of bound datetimes is not possible",5860,2,2020-10-01T18:56:21Z,2022-01-23T00:12:09Z,7,1,478,ryangilmour,1,1,pr,high
pandas-dev,pandas,44803,"BUG: `groupby.apply()` inconsistently indexes its return value with the groupby-cols",3585,4,2021-12-07T19:31:18Z,2022-01-23T00:07:40Z,10,1,46,NumberPiOso,2,1,pr,high
pandas-dev,pandas,31746,"New string data type aggregations (min, max, sum) work for DataFrames but not Series",1992,6,2020-02-06T13:40:53Z,2022-01-23T00:07:04Z,7,1,716,NumberPiOso,1,1,pr,high
pandas-dev,pandas,45494,"BUG: missing newline when `info` is called on DataFrame",2747,4,2022-01-20T14:35:00Z,2022-01-22T00:40:54Z,1,1,1,EzraBrauner,1,1,pr,high
pandas-dev,pandas,43038,"BUG: Compare type `int64` with `Int64` fails",2467,4,2021-08-14T15:50:55Z,2022-01-20T15:07:06Z,10,1,158,ata-turhan,1,1,pr,medium
pandas-dev,pandas,38813,"STYLE: use option_context almost always",485,2,2020-12-30T14:40:03Z,2022-01-17T13:44:27Z,8,1,382,chrismoradi,1,1,pr,high
pandas-dev,pandas,38795,"BUG: pd.testing.makeMultiIndex ignores k parameter",767,3,2020-12-30T03:04:47Z,2022-01-11T15:15:41Z,5,1,377,jbrockmendel,3738,0,pr,high
pandas-dev,pandas,45258,"DOC: Timedelta constructor requires `value` or keyword args - not specified in the docs",770,3,2022-01-08T03:19:42Z,2022-01-08T18:13:03Z,1,1,0,Dr-Irv,60,0,pr,medium
pandas-dev,pandas,30122,"setting precision for display sometimes shows wrong output",1737,3,2019-12-07T00:27:54Z,2022-01-08T15:32:12Z,3,1,763,dhruvsamdani,1,1,pr,high
pandas-dev,pandas,21705,"Regression in .loc with missing key on Categorical axis",5096,4,2018-07-02T12:27:21Z,2022-01-06T06:00:07Z,7,1,1283,,,,,
pandas-dev,pandas,37692,"TST: Add tests for dtype changes when assigning values via indexing",176,4,2020-11-08T00:25:45Z,2022-01-03T22:29:22Z,13,1,421,jbrockmendel,3714,0,pr,high
pandas-dev,pandas,20643,"BUG: .at/.iat and Series.__setitem__ do not upcast int to float",2574,3,2018-04-10T00:11:56Z,2022-01-03T22:29:21Z,5,1,1364,jbrockmendel,3714,0,pr,high
pandas-dev,pandas,30513,"Performance of merge for categorical index vs category column",4407,4,2019-12-27T17:11:06Z,2022-01-03T22:23:26Z,6,1,738,lukemanley,1,1,pr,high
pandas-dev,pandas,32619,"Allow choosing the utc timezone class in pd.to_datetime",2423,4,2020-03-11T11:55:18Z,2021-12-28T21:29:57Z,8,1,657,mroeschke,495,0,pr,high
pandas-dev,pandas,28613,"combine_first changes datatype",1902,4,2019-09-25T12:40:05Z,2021-12-28T21:29:57Z,6,1,825,mroeschke,495,0,pr,high
pandas-dev,pandas,19136,"reset_index() doesn't work with CategoricalIndex columns",1509,2,2018-01-08T13:33:23Z,2021-12-28T21:29:57Z,12,1,1450,mroeschke,495,0,pr,high
pandas-dev,pandas,32077,"ValueError when grouping with max/min as aggregation functions (pandas-1.0.1)",4325,4,2020-02-18T16:57:41Z,2021-12-28T19:36:54Z,9,1,679,,,,,
pandas-dev,pandas,22957,"How should `DataFrame.append` behave related to indexes types?",5008,2,2018-10-03T01:27:44Z,2021-12-27T20:09:02Z,8,1,1181,neinkeinkaffee,3,0,pr,high
pandas-dev,pandas,45051,"STYLE upgrade flake8 to version 4+",414,2,2021-12-24T14:32:50Z,2021-12-27T16:35:44Z,2,1,3,MiTo0o,1,1,pr,high
pandas-dev,pandas,22459,"DOC: ongoing fixing of doctests",2382,2,2018-08-22T12:03:20Z,2021-12-27T13:48:56Z,8,1,1223,mroeschke,486,0,pr,high
pandas-dev,pandas,18024,".astype('object') misbehaves on Categorical containing Timestamp",1745,2,2017-10-29T23:39:26Z,2021-12-22T00:59:19Z,10,1,1514,phofl,290,0,pr,high
pandas-dev,pandas,19513,"Categorical Arithmetic/Comparison Rules",1258,2,2018-02-02T17:44:31Z,2021-12-21T21:00:13Z,11,1,1418,jbrockmendel,3674,0,pr,medium
pandas-dev,pandas,18250,"Categorical.replace() unexpectedly returns non-categorical",2134,2,2017-11-12T21:35:51Z,2021-12-21T03:26:04Z,4,1,1499,,,,,
pandas-dev,pandas,44970,"DOC: typo in describe_option",719,2,2021-12-19T18:10:50Z,2021-12-20T14:40:31Z,11,1,0,bonsoirval,1,1,pr,high
pandas-dev,pandas,23478,"Can't combine DatetimeIndex MultiIndex with numeric MultiIndex",4242,2,2018-11-04T03:16:00Z,2021-12-19T23:21:49Z,5,1,1141,alex-gregory-ds,2,1,pr,high
pandas-dev,pandas,39580,"BUG: apply on Series of dtype category produces dtype category when float was expected",2923,4,2021-02-03T14:23:16Z,2021-04-25T17:54:03Z,7,1,81,sukriti1,1,1,pr,high
pandas-dev,pandas,44310,"BUG: groupby apply KeyError, hash instability?",6093,3,2021-11-04T10:48:14Z,2021-12-10T21:12:51Z,7,1,36,brunoacpcosta,1,1,pr,high
pandas-dev,pandas,42875,"BUG: wrong/confusing error message in DataFrame.take with a scalar indexer",2246,3,2021-08-04T07:47:37Z,2021-12-10T21:08:15Z,20,1,128,gfkang,1,1,pr,high
pandas-dev,pandas,28724,"Fix PR06 issues in docstrings",11549,2,2019-10-01T14:40:18Z,2021-12-05T22:37:30Z,11,1,796,Varun270,4,0,pr,high
pandas-dev,pandas,44627,"DEPR Deprecate mapper argument in rename?",370,3,2021-11-26T17:46:00Z,2021-12-05T01:03:24Z,14,1,8,Varun270,3,0,pr,high
pandas-dev,pandas,22051,"where method results in a different outputs when using the inplace kwarg",830,3,2018-07-25T09:40:09Z,2021-12-02T02:02:05Z,3,1,1225,rlvoyer,1,1,pr,high
pandas-dev,pandas,34388,"BUG: pd.DataFrame.add() does not broadcast across levels, when level is None",2750,3,2020-05-26T15:01:16Z,2021-11-29T00:59:12Z,7,1,551,gabrieldi95,2,1,pr,high
pandas-dev,pandas,25232,"Fix validation error type `PR08` and check in CI",8882,4,2019-02-08T18:18:35Z,2021-11-26T20:06:54Z,3,1,1022,mroeschke,446,0,pr,high
pandas-dev,pandas,25324,"Fix validation error type `GL01` and check in CI ",7764,4,2019-02-14T17:25:34Z,2021-11-25T20:48:16Z,4,1,1015,mroeschke,445,0,pr,high
pandas-dev,pandas,44379,"designing issue",205,2,2021-11-10T07:02:29Z,2021-11-25T17:59:18Z,9,1,15,Mikhaylov-yv,6,0,pr,medium
pandas-dev,pandas,25306,"Fix validation error type `SS03` and check in CI",7636,4,2019-02-13T19:12:48Z,2021-11-21T20:45:10Z,5,1,1012,mroeschke,439,0,pr,high
pandas-dev,pandas,44295,"Is `io.sql._SAFE_NAMES_WARNING` still relevant?",816,4,2021-11-02T22:15:24Z,2021-11-14T20:24:19Z,1,1,11,EdAbati,3,0,pr,high
pandas-dev,pandas,44147,"BUG: Error when using usecols with names in read_csv",3418,3,2021-10-22T16:03:41Z,2021-11-14T02:13:44Z,7,1,22,phofl,244,0,pr,high
pandas-dev,pandas,33888,"DOC:https://pandas.pydata.org/pandas-docs/stable/reference/api/pandas.DataFrame.reindex.html#pandas.DataFrame.reindex",389,2,2020-04-30T02:53:38Z,2021-11-10T09:41:38Z,8,1,559,,,,,
pandas-dev,pandas,44162,"DOC: var and std missing examples",937,2,2021-10-24T02:54:36Z,2021-11-06T20:51:36Z,2,1,13,ruankie,2,1,pr,high
pandas-dev,pandas,38482,"DOC: get_indexer returns non-matching with -1 positional",1419,3,2020-12-15T00:05:23Z,2021-11-06T02:45:42Z,12,1,326,DhruvBShetty,1,1,pr,high
pandas-dev,pandas,18050,"Comparison of categorical with tuple generates wrong results",1614,3,2017-10-31T12:26:01Z,2021-11-01T13:14:52Z,4,1,1462,mroeschke,431,0,pr,high
pandas-dev,pandas,17382,"Aggregate mean over TimeDelta column",2915,4,2017-08-30T18:07:05Z,2021-11-01T13:14:51Z,9,1,1523,mroeschke,431,0,pr,high
pandas-dev,pandas,16925,"df.stack() still misbehaving in unsorted case",2012,3,2017-07-14T17:13:52Z,2021-11-01T13:14:51Z,3,1,1570,mroeschke,431,0,pr,high
pandas-dev,pandas,16577,"BUG: groupby.rank with non-unique index groupers",800,4,2017-06-01T20:47:06Z,2021-11-01T13:14:51Z,2,1,1613,mroeschke,431,0,pr,high
pandas-dev,pandas,14135,"read_fwf does not use comment character if colspecs argument does not include first column",2445,3,2016-09-02T01:31:37Z,2021-11-01T13:14:51Z,5,1,1886,mroeschke,431,0,pr,high
pandas-dev,pandas,16380,"Pandas different between Python 2.7 and Python 3.5",1451,3,2017-05-17T17:53:37Z,2021-11-01T13:14:50Z,5,1,1628,mroeschke,431,0,pr,high
pandas-dev,pandas,41264,"BUG: specifying fill_value in pandas.DataFrame.shift() messes with index of empty dataframes",3173,4,2021-05-02T15:39:41Z,2021-10-31T14:58:27Z,17,1,181,IamJasonBian,1,1,pr,high
pandas-dev,pandas,14869,"CustomBusinessMonthBegin offset parameter",784,2,2016-12-12T22:09:36Z,2021-10-31T02:16:24Z,4,1,1783,jackzyliu,3,0,pr,medium
pandas-dev,pandas,32793,"Aggregation does not preserve dtype when function passed in dictionary",2301,4,2020-03-17T23:20:18Z,2021-10-29T21:58:56Z,1,1,590,OlivierCavadenti,1,1,pr,high
pandas-dev,pandas,43282,"STYLE use yaml anchors in .pre-commit-config.yaml for flake8",647,2,2021-08-29T07:52:09Z,2021-10-25T14:04:54Z,15,1,57,trallard,2,1,pr,high
pandas-dev,pandas,18579,"errors and inconsistent behaviour when using a DataFrame or a boolean Series as an index",4508,3,2017-11-30T22:36:34Z,2021-10-24T22:07:43Z,6,1,1423,bdrum,1,1,pr,high
pandas-dev,pandas,40949,"DOC: Fix up auto build procedure to upload Cheat Sheet to web site",586,4,2021-04-14T19:10:43Z,2021-10-18T15:16:36Z,13,1,186,trallard,1,1,pr,high
pandas-dev,pandas,41676,"DOC: to_datetime works real differently on DataFrames vs other datatypes",773,4,2021-05-26T09:57:39Z,2021-10-17T20:55:07Z,5,1,144,abatomunkuev,1,1,pr,high
pandas-dev,pandas,36602,"BUG: Groupby-Apply with modifying dataframe and sorting overwrites group values",3016,3,2020-09-24T14:59:34Z,2021-10-16T20:16:13Z,9,1,387,kasmith11,1,1,pr,high
pandas-dev,pandas,43793,"ENH: Drop Index Combinations from Multiindex Dataframe",2350,3,2021-09-29T05:53:42Z,2021-10-16T17:30:44Z,6,1,17,juliandwain,1,1,pr,high
pandas-dev,pandas,24903,"Groupby converting empty string to nan",1965,2,2019-01-24T13:47:41Z,2021-10-16T15:36:13Z,8,1,996,tyvich,1,1,pr,high
pandas-dev,pandas,40328,"DOC: pandas Index.reindex",212,2,2021-03-09T15:44:09Z,2021-10-16T15:35:07Z,8,1,220,ShivnarenSrinivasan,2,1,pr,high
pandas-dev,pandas,37348,"BUG: comparison of int dataframe to string yield unpredictable error (ValueError: unknown type str128)",7945,3,2020-10-22T20:14:04Z,2021-10-16T14:46:40Z,3,1,358,gabrieldi95,1,1,pr,high
pandas-dev,pandas,43884,"BUG: sort_index method ignores ascending parameter of type tuple",3469,3,2021-10-04T19:17:03Z,2021-10-16T14:35:19Z,5,1,11,fandreuz,1,1,pr,high
pandas-dev,pandas,43908,"BUG: `.loc[]` on Series with MultiIndex raises ""ValueError: Too many indices"" if one level is a tuple",3219,2,2021-10-07T06:27:37Z,2021-10-15T18:15:20Z,2,1,8,KoenSR,1,1,pr,high
pandas-dev,pandas,22171,"Groupby with Grouper + ffill results in Column being replaced with BinGrouper Objects",1815,2,2018-08-02T15:07:30Z,2021-10-11T13:40:21Z,3,1,1165,,,,,
pandas-dev,pandas,27937,"ValueError on assigning multiple NaN/None to Categorial Series when all categories are Intervals",7543,5,2019-08-15T20:16:50Z,2021-10-05T00:32:37Z,2,1,781,ElDeveloper,4,0,pr,high
pandas-dev,pandas,40661,"BUG: cut with labels Tuple[Timestamp, ...] -> wrong number of dimensions",6055,3,2021-03-28T04:13:22Z,2021-10-03T14:12:55Z,3,1,189,Svanazar,1,1,pr,high
pandas-dev,pandas,29282,"Inconsistency of copy and selection methods of data frame objects",3247,4,2019-10-30T09:23:51Z,2021-10-02T00:03:48Z,2,1,702,saehuihwang,4,0,pr,high
pandas-dev,pandas,43624,"DOC: Chart visualisation, Colormaps links to old Matplotlib documentation",1044,3,2021-09-17T19:48:53Z,2021-09-29T13:30:54Z,3,1,11,ricardobohadana,1,1,pr,high
pandas-dev,pandas,38025,"BUG: Setting a MultiIndex through set_index where one of the columns contains exclusively NaTs converts them to NaNs",1765,4,2020-11-23T20:44:06Z,2021-09-29T13:28:07Z,2,1,309,AliSayyah,1,1,pr,high
pandas-dev,pandas,41241,"BUG: New param [use_nullable_dtypes] of pd.read_parquet() can't handle empty parquet file",2607,4,2021-04-30T18:40:56Z,2021-09-29T12:58:50Z,7,1,151,nakatomotoi,1,1,pr,high
pandas-dev,pandas,24817,"SparseDataFrame.to_coo does not convert the default fill value when is not 0",414,5,2019-01-17T16:19:57Z,2021-09-28T18:46:31Z,10,1,985,saehuihwang,3,0,pr,high
pandas-dev,pandas,43749,"DOC: Typo in pandas.tseries.offset",479,4,2021-09-26T03:08:55Z,2021-09-26T17:33:31Z,6,1,0,Digres45,2,1,pr,high
pandas-dev,pandas,39178,"BUG: MultiIndexes are disappearing using an empty dataframe, Groupby and aggregate using 'list' method",3026,4,2021-01-14T21:44:49Z,2021-09-25T22:23:16Z,6,1,254,rhshadrach,146,0,pr,high
pandas-dev,pandas,43522,"DOC: Typo in `fillna()` documentation",631,3,2021-09-11T22:38:44Z,2021-09-12T15:15:11Z,6,1,0,erfannariman,23,0,pr,high
pandas-dev,pandas,39548,"BUG: mask method fails on Timedelta series with numpy 1.20",3247,3,2021-02-01T23:12:21Z,2021-09-14T12:56:52Z,5,1,224,el-g-1,1,1,pr,high
pandas-dev,pandas,38543,"`np.array([pd.Series({'a':'a'})])` works but `np.array([pd.Series({1:1})])` doesn't",202,3,2020-12-17T16:26:18Z,2021-09-13T02:18:25Z,11,1,269,horaceklai,3,0,pr,high
pandas-dev,pandas,24306,"to_csv  - allow to create folders.",521,3,2018-12-16T09:10:24Z,2021-09-11T14:50:50Z,7,1,1000,leonarduschen,2,1,pr,high
pandas-dev,pandas,42818,"BUG: erroneous initialization of a DataFrame with Series objects",2374,4,2021-07-30T13:03:07Z,2021-09-08T09:08:37Z,15,1,39,tyuyoshi,1,1,pr,high
pandas-dev,pandas,38015,"BUG: df.rename raises when multiindex has duplicates",255,4,2020-11-23T07:42:01Z,2021-09-08T01:54:00Z,6,1,288,andrewwoood,2,1,pr,high
pandas-dev,pandas,36973,"BUG: merge with MultiIndex including a CategoricalIndex returns wrong result when values are ordered specifically",4471,5,2020-10-08T08:03:50Z,2021-09-07T14:11:56Z,2,1,334,tim-tran,1,1,pr,high
pandas-dev,pandas,29645,"Inconsistent behavior with None between ""normal"" pandas functions and groupby's last/first/nth",1141,4,2019-11-15T20:17:14Z,2021-09-06T21:50:54Z,1,1,661,lorenzophys,4,0,pr,high
pandas-dev,pandas,42101,"BUG: `Styler.hide_columns()` does not hide index name row",655,3,2021-06-18T08:06:17Z,2021-08-03T17:15:14Z,9,1,46,attack68,102,0,pr,high
pandas-dev,pandas,43364,"CI Set pre-commit autoupdate to run monthly instead of weekly",367,2,2021-09-02T17:31:53Z,2021-09-03T14:51:31Z,5,1,0,1nF0rmed,3,0,pr,high
pandas-dev,pandas,43348,"CLN: Remove Sphinx Warnings from DocBuild",338,2,2021-09-01T19:53:55Z,2021-09-02T23:50:33Z,2,1,1,bodevone,1,1,pr,high
pandas-dev,pandas,35394,"BUG: UnboundLocalError on `df.to_string(max_rows=0)`",4181,3,2020-07-23T16:13:12Z,2021-09-01T18:08:25Z,4,1,405,lorenzophys,3,0,pr,high
pandas-dev,pandas,33090,"SeriesGroupBy.first / last loses categorical dtype",552,6,2020-03-28T02:58:52Z,2021-08-31T23:58:06Z,5,1,521,debnathshoham,16,0,pr,high
pandas-dev,pandas,20654,"DataFrame initialization with an empty DataFrame with dtype",1808,3,2018-04-11T03:54:27Z,2021-08-31T23:42:14Z,2,1,1238,gcaria,2,1,pr,high
pandas-dev,pandas,37553,"BUG: Improve error message when casting ExtensionDtype to datetime",3143,5,2020-11-01T04:55:49Z,2021-08-31T23:32:33Z,3,1,303,lorenzophys,2,1,pr,high
pandas-dev,pandas,42332,"BUG: groupby().agg() loses column names for an empty dataframe with 'idxmax' as an aggregation function",4601,4,2021-07-01T10:49:41Z,2021-08-31T07:52:56Z,7,1,60,,,,,
pandas-dev,pandas,42424,"BUG: creating DF from series with non exact categorical indices created from pd.cut",7772,6,2021-07-07T12:46:37Z,2021-08-30T16:50:38Z,7,1,54,Sheogorath27,1,1,pr,high
pandas-dev,pandas,41174,"BUG: Unexpected output of `to_json` for `complex` data",3036,4,2021-04-27T00:05:40Z,2021-08-30T07:52:26Z,5,1,125,lorenzophys,1,1,pr,high
pandas-dev,pandas,42125,"DOC add example to align",167,2,2021-06-19T13:37:03Z,2021-08-28T19:56:49Z,8,1,70,oovk,2,1,pr,high
pandas-dev,pandas,43254,"WEB add missing maintainers to web/pandas/config.yml",443,2,2021-08-27T16:44:56Z,2021-08-27T18:40:02Z,0,1,0,DeviousLab,2,1,pr,high
pandas-dev,pandas,42295,"BUG: df.where() inconsistently casts columns to integers",3000,2,2021-06-29T08:58:21Z,2021-08-26T21:16:09Z,6,1,58,maximilianaccardo,1,1,pr,high
pandas-dev,pandas,33036,"BUG: DataFrame.mad(axis=1) not working for nullable integer dtype",2936,4,2020-03-26T09:11:25Z,2021-08-23T23:06:31Z,6,1,515,jbrockmendel,3335,0,pr,high
pandas-dev,pandas,42124,"DOC add example to reorder levels",190,2,2021-06-19T13:36:40Z,2021-08-23T16:54:48Z,7,1,65,trevorkask,1,1,pr,high
pandas-dev,pandas,28050,"NUM: inequality with complex dtypes",1042,4,2019-08-21T01:39:18Z,2021-08-22T18:03:11Z,2,1,732,calvh,4,0,pr,high
pandas-dev,pandas,40531,"TYP use typed version of namedtuple",516,2,2021-03-20T12:27:07Z,2021-08-19T11:42:38Z,7,1,151,franslarsson,1,1,pr,high
pandas-dev,pandas,38017,"TST: any_* fixtures are confusingly named",746,3,2020-11-23T14:01:16Z,2021-08-18T17:22:25Z,12,1,268,pratyushsharan,1,1,pr,high
pandas-dev,pandas,39881,"BUG: `df.combine_first` duplicates rows for nan index values",3373,5,2021-02-18T03:47:39Z,2021-08-17T13:13:49Z,5,1,180,ssche,4,0,pr,high
pandas-dev,pandas,26051,"to_excel cannot handle large sheet",470,3,2019-04-11T11:17:57Z,2019-06-01T14:04:15Z,14,1,51,anordin95,0,1,pr,high
pandas-dev,pandas,34037,"BUG: ""min_period"" and ""min_periods"" problem in df.groupby().rolling",2770,3,2020-05-06T22:01:08Z,2021-08-17T00:20:32Z,5,1,467,horaceklai,2,1,pr,high
pandas-dev,pandas,15613,"pandas.DataFrame.where not replacing NaTs properly",1449,2,2017-03-08T11:28:29Z,2021-05-24T18:55:29Z,9,1,1538,mroeschke,389,0,pr,high
pandas-dev,pandas,4817,"DOC: More subtotals / margins in pivot_table",200,3,2013-09-11T18:54:11Z,2021-08-12T13:55:27Z,9,1,2891,jxb4892,1,1,pr,high
pandas-dev,pandas,42121,"STYLE move spacing conventions in cython casting to pre-commit",904,2,2021-06-19T13:24:42Z,2021-08-10T11:02:56Z,2,1,51,01-vyom,8,0,pr,high
pandas-dev,pandas,42123,"STYLE move patterns checks to pre-commit",1545,2,2021-06-19T13:34:27Z,2021-08-07T21:58:38Z,3,1,49,debnathshoham,10,0,pr,high
pandas-dev,pandas,33787,"BUG: Pandas 1.0.x read_json unable to convert lists with date values",2675,3,2020-04-25T11:47:07Z,2021-08-05T12:02:33Z,2,1,467,horaceklai,1,1,pr,high
pandas-dev,pandas,42403,"BUG: DafaFrame.insert doesn't raise an exception when inserting another DataFrame",1988,3,2021-07-06T12:20:41Z,2021-08-05T05:52:23Z,6,1,29,debnathshoham,8,0,pr,high
pandas-dev,pandas,42670,"TST: Fix doctest in read_stata",4698,3,2021-07-22T20:38:46Z,2021-07-31T17:46:15Z,1,1,8,KrishnaSai2020,3,0,pr,high
pandas-dev,pandas,41634,"ENH: Raise error on ascending='False'",651,4,2021-05-23T18:54:45Z,2021-07-30T22:15:03Z,15,1,68,gaikwadrahul20,1,1,pr,high
pandas-dev,pandas,42671,"TST: Fix doctest in EngFormatter",4221,3,2021-07-22T20:40:34Z,2021-07-30T15:51:30Z,4,1,7,KrishnaSai2020,2,1,pr,high
pandas-dev,pandas,25594,"Adding multiple columns with loc fails",2048,3,2019-03-07T16:17:18Z,2021-07-28T06:39:51Z,2,1,873,GYvan,2,1,pr,high
pandas-dev,pandas,32556,"Dataframe.query uses numexpr even when 'compute.use_numexpr' is False",2585,3,2020-03-09T18:07:52Z,2021-07-28T01:23:32Z,12,1,505,saehuihwang,2,1,pr,high
pandas-dev,pandas,42674,"TST: Fix doctest in _parse_latex_table_styles",4466,3,2021-07-22T20:44:27Z,2021-07-28T01:09:32Z,12,1,5,aneesh98,2,1,pr,high
pandas-dev,pandas,26779,"column type changes when assigning with loc and values",3660,3,2019-06-11T08:56:54Z,2021-07-28T01:02:24Z,8,1,777,shiv-io,2,1,pr,high
pandas-dev,pandas,42672,"TST: Fix doctest in Styler.to_latex",4961,3,2021-07-22T20:41:46Z,2021-07-28T00:05:23Z,2,1,5,willie3838,1,1,pr,high
pandas-dev,pandas,42673,"TST: Fix doctest in _parse_latex_header_span",4577,3,2021-07-22T20:43:02Z,2021-07-26T22:39:09Z,5,1,4,aneesh98,1,1,pr,high
pandas-dev,pandas,28238,"pd.to_datetime() fails for KeyError when raising monotonic increasing index ValueError",8098,3,2019-08-30T22:24:55Z,2021-07-25T14:07:02Z,8,1,694,usersblock,1,1,pr,high
pandas-dev,pandas,26861,"Period dtype not recognized for added column ",1171,5,2019-06-14T20:45:01Z,2021-07-23T23:22:00Z,2,1,770,zeitlinv,1,1,pr,high
pandas-dev,pandas,20483,"DOC: add ibis to pandas ecosystem",45,2,2018-03-25T14:50:11Z,2021-07-16T13:26:03Z,5,1,1208,GYvan,1,1,pr,high
pandas-dev,pandas,21247,"reindex()  inconsistency between Index and MultiIndex",2674,2,2018-05-29T14:05:36Z,2021-07-14T23:21:26Z,2,1,1142,calvh,3,0,pr,high
pandas-dev,pandas,36615,"BUG: OutOfBoundsTimedelta not raised for out-of-bounds Timedelta",3751,6,2020-09-25T01:20:51Z,2021-07-13T21:17:24Z,4,1,291,feefladder,1,1,pr,high
pandas-dev,pandas,38972,"pandas.core.groupby.DataFrameGroupBy.rank() dense_rank does not work",132,3,2021-01-05T14:00:59Z,2021-07-12T19:30:38Z,11,1,188,debnathshoham,2,1,pr,high
pandas-dev,pandas,42229,"BUG: to_datetime() returns object instead of datetime type or raising exception",3575,3,2021-06-25T16:59:35Z,2021-07-11T19:41:22Z,5,1,16,prabha-git,1,1,pr,high
pandas-dev,pandas,42420,"DOC: Inconsistency in Setting Up Dev Env",591,2,2021-07-07T05:14:12Z,2021-07-11T19:15:04Z,6,1,4,sidalope,0,1,pr,high
pandas-dev,pandas,42126,"DOC DataFrame.to_markdown `examples` don't get substituted",127,2,2021-06-19T16:38:00Z,2021-07-11T09:17:04Z,1,1,21,neinkeinkaffee,2,1,pr,high
pandas-dev,pandas,27178,"DOC: Parameters name and fastpath of Series are not documented",346,2,2019-07-02T11:18:36Z,2021-07-10T05:55:55Z,4,1,738,,,,,
pandas-dev,pandas,42314,"WEB: Use appropriate favicon when user has browser in dark mode",789,2,2021-06-29T19:22:51Z,2021-07-09T13:16:22Z,0,1,9,DeviousLab,1,1,pr,high
pandas-dev,pandas,39290,"DOC: fix the incorrect doc style in 1.2.1",301,2,2021-01-20T09:43:08Z,2021-07-08T13:11:03Z,7,1,169,debnathshoham,1,1,pr,high
pandas-dev,pandas,42371,"DOC: Formatting Issue",403,3,2021-07-04T18:49:54Z,2021-07-08T13:08:56Z,2,1,3,9t8,1,1,pr,high
pandas-dev,pandas,42434,"BUG: DataFrame.sort_values doesn't validate type of ascendind",1004,3,2021-07-07T17:27:59Z,2021-07-07T18:31:23Z,2,1,0,,,,,
pandas-dev,pandas,42409,"DOC: Spelling mistake in code example of Styler.to_latex documentation",358,4,2021-07-06T15:48:22Z,2021-07-06T21:33:52Z,4,1,0,STAMcM,1,1,pr,high
pandas-dev,pandas,40876,"STYLE, TYP frame-or-series-union check no longer relevant",493,3,2021-04-11T12:42:50Z,2021-07-04T10:06:53Z,12,1,83,Swanand01,1,1,pr,high
pandas-dev,pandas,21796,"Bounds checks for IntegerArray",631,3,2018-07-07T19:49:03Z,2021-07-01T23:55:16Z,2,1,1090,TAJD,2,1,pr,high
pandas-dev,pandas,17629,"Concat on non-identical categories in categorical indexes raises TypeError",2152,4,2017-09-22T14:01:27Z,2021-07-01T23:46:31Z,10,1,1378,P-Tillmann,0,1,pr,high
pandas-dev,pandas,9892,"BUG: indexing with string in multi-index for Period gives KeyError",953,2,2015-04-14T12:41:23Z,2020-01-03T23:23:44Z,6,1,1725,mroeschke,258,0,pr,high
pandas-dev,pandas,22079,"df.agg gives a TypeError when sending more than one argument with",1762,2,2018-07-27T09:39:08Z,2021-06-27T20:25:10Z,5,1,1066,,,,,
pandas-dev,pandas,42120,"DOC share docs between Series.swaplevel and DataFrame.swaplevel",61,2,2021-06-19T13:20:56Z,2021-06-26T18:32:04Z,2,1,7,neinkeinkaffee,1,1,pr,high
pandas-dev,pandas,19560,"Raise ValueError When Attempting to Rank Object Dtypes",1216,4,2018-02-07T00:50:37Z,2021-06-25T17:36:29Z,14,1,1234,mzeitlin11,66,0,pr,high
pandas-dev,pandas,29399,"DOC: ImportError: No module named pandas",565,2,2019-11-04T18:56:20Z,2020-02-12T01:16:30Z,6,1,99,gonemad97,1,1,pr,high
pandas-dev,pandas,42106,"Use better example in pd.lookup replacement",440,2,2021-06-18T14:59:24Z,2021-06-21T14:31:12Z,3,1,2,raghuabhishek,1,1,pr,high
pandas-dev,pandas,42141,"STYLE don't use in-line comments for configuring flake8",732,2,2021-06-20T07:21:42Z,2021-06-21T14:20:52Z,2,1,1,RhnSharma,1,1,pr,high
pandas-dev,pandas,42122,"STYLE move blocklisted imports check to pre-commit",974,2,2021-06-19T13:30:08Z,2021-06-19T15:34:22Z,1,1,0,,,,,
pandas-dev,pandas,41839,"DOC: Input/Output page contains only input functions",406,3,2021-06-06T16:36:13Z,2021-06-16T23:07:45Z,1,1,10,gansel51,1,1,pr,high
pandas-dev,pandas,42015,"DOC: pandas.Series.str.isspace has wrong documentation",665,2,2021-06-15T07:24:21Z,2021-06-15T22:40:31Z,1,1,0,felixdivo,3,0,pr,high
pandas-dev,pandas,40560,"DOC: inconsistency in doc argument types",500,3,2021-03-21T21:18:58Z,2021-06-12T10:21:22Z,4,1,82,kemcbride,1,1,pr,high
pandas-dev,pandas,38627,"DOC: example for doing a reversed rolling window",325,3,2020-12-21T20:23:18Z,2021-06-11T03:02:35Z,7,1,171,mdhsieh,5,0,pr,high
pandas-dev,pandas,39808,"Add back skip_blank_lines to read_excel in pandas v>1.1.4",882,4,2021-02-14T14:38:16Z,2021-06-09T03:57:22Z,23,1,114,ahawryluk,6,0,pr,medium
pandas-dev,pandas,41485,"Deprecate non-keyword arguments for methods with `inplace`",3230,2,2021-05-15T10:06:09Z,2021-06-08T15:37:13Z,35,1,24,MarcoGorelli,129,0,pr,medium
pandas-dev,pandas,40823,"BUG: Pandas map function does not work properly with StringDtype",5214,4,2021-04-07T09:29:37Z,2021-06-02T13:24:14Z,7,1,56,mdhsieh,4,0,pr,high
pandas-dev,pandas,31861,"Assigned conversion via loc to Int64 fails under peculiar conditions",3618,4,2020-02-10T23:43:35Z,2021-05-31T14:27:04Z,7,1,475,mroeschke,394,0,pr,high
pandas-dev,pandas,30263,"iloc erroneously truncates underlying data for timestamps with timezone",3756,4,2019-12-13T20:22:05Z,2021-05-31T14:27:04Z,4,1,534,mroeschke,394,0,pr,high
pandas-dev,pandas,29699,"MultiIndex-Columns Integer and String: Column level 1 not accessable after a using append multiple times",2575,2,2019-11-18T23:30:48Z,2021-05-31T14:27:04Z,3,1,559,mroeschke,394,0,pr,high
pandas-dev,pandas,29687,"'sort_index""does not work with 'pd.set_option('mode.use_inf_as_na',True)'",2292,2,2019-11-18T14:46:49Z,2021-05-31T14:27:04Z,7,1,559,mroeschke,394,0,pr,high
pandas-dev,pandas,28928,"Masking broken (or at least different) for Int64 Series",3064,5,2019-10-11T14:33:39Z,2021-05-31T14:27:03Z,6,1,597,mroeschke,394,0,pr,high
pandas-dev,pandas,28697,"Series.sort_values using mergesort and descending is not stable",550,3,2019-09-30T21:50:46Z,2021-05-31T14:27:03Z,2,1,608,mroeschke,394,0,pr,high
pandas-dev,pandas,26859,"Groupby indices error with datetime categorical",4142,3,2019-06-14T20:16:06Z,2021-05-31T14:27:03Z,6,1,716,mroeschke,394,0,pr,high
pandas-dev,pandas,23542,"Weekmask & holidays error in CustomBusinessHour",2090,2,2018-11-07T08:11:47Z,2021-05-31T14:27:02Z,3,1,936,mroeschke,394,0,pr,high
pandas-dev,pandas,22719,"BUG: Python crashes with bad function arguments",1116,2,2018-09-15T15:04:20Z,2021-05-31T14:27:02Z,12,1,988,mroeschke,394,0,pr,high
pandas-dev,pandas,22512,"Grouping-aggregation with first() discards categoricals column",3352,4,2018-08-26T16:57:02Z,2021-05-31T14:27:02Z,9,1,1008,mroeschke,394,0,pr,high
pandas-dev,pandas,22449,"DataFrame.join left_index right_index inverted",1436,4,2018-08-21T18:05:13Z,2021-05-31T14:27:02Z,10,1,1013,mroeschke,394,0,pr,high
pandas-dev,pandas,22060,"DataFrame.__setitem__ converts Index to RangeIndex for length-zero value",2766,4,2018-07-26T06:31:49Z,2021-05-31T14:27:01Z,4,1,1040,mroeschke,394,0,pr,high
pandas-dev,pandas,18561,"BUG: drop(level=.) doesn't raise if label is absent",1513,5,2017-11-29T10:24:34Z,2021-05-31T14:27:01Z,3,1,1279,mroeschke,394,0,pr,high
pandas-dev,pandas,28992,"Pandas wrongly read csr_matrix with explicit 0",1956,2,2019-10-15T09:14:32Z,2021-05-29T01:37:14Z,7,1,591,,,,,
pandas-dev,pandas,23988,"BUG: maybe_infer_to_datetimelike incorrect on 2D inputs",1402,2,2018-11-29T00:09:39Z,2021-05-29T01:20:46Z,5,1,912,jbrockmendel,3143,0,pr,medium
pandas-dev,pandas,21651,"BUG: Pandas groupby datetime and column then apply generates ValueError",2600,2,2018-06-27T08:45:32Z,2021-05-28T19:13:59Z,12,1,1066,mroeschke,393,0,pr,high
pandas-dev,pandas,20951,"Addressing multiindex raises TypeError if indices that are rightmost are not present",1956,4,2018-05-04T12:22:25Z,2021-05-28T19:13:59Z,7,1,1120,mroeschke,393,0,pr,high
pandas-dev,pandas,20734,"Creating DataFrame throws: data type ""bytes512"" not understood",2799,2,2018-04-18T15:39:28Z,2021-05-28T19:13:59Z,8,1,1136,mroeschke,393,0,pr,high
pandas-dev,pandas,20520,"data frame group by with extra categorical column aggregates datetime64 NaT column to float NaN",1981,2,2018-03-28T15:09:48Z,2021-05-28T19:13:59Z,3,1,1157,mroeschke,393,0,pr,high
pandas-dev,pandas,20420,"Inconsistent groupby-apply output shape and random values returned.",2021,2,2018-03-20T15:51:35Z,2021-05-28T19:13:59Z,2,1,1165,mroeschke,393,0,pr,high
pandas-dev,pandas,20414,"API: Inconsistent behavior with setting slices of Series indexed by MultiIndex",11846,5,2018-03-19T21:05:12Z,2021-05-28T19:13:58Z,3,1,1165,mroeschke,393,0,pr,high
pandas-dev,pandas,19517,"BUG? Possible issue with multi indexing column names of different types",6897,3,2018-02-02T20:59:48Z,2021-05-28T19:13:58Z,5,1,1210,mroeschke,393,0,pr,high
pandas-dev,pandas,19354,"Shortcut functions in transform are not grouped",873,2,2018-01-22T21:54:44Z,2021-05-28T19:13:58Z,3,1,1221,mroeschke,393,0,pr,high
pandas-dev,pandas,35603,"BUG: Incorrect float format in object column",801,3,2020-08-07T11:59:11Z,2021-05-27T18:41:06Z,3,1,293,mdhsieh,3,0,pr,high
pandas-dev,pandas,18549,"BUG: boolean frames multiplied by floats have dtypes=object",1360,3,2017-11-28T16:59:10Z,2021-05-26T17:12:42Z,6,1,1275,mroeschke,392,0,pr,high
pandas-dev,pandas,17286,"BUG: getitem access with floats and an object index",3103,3,2017-08-18T19:30:49Z,2021-05-26T17:12:42Z,3,1,1376,mroeschke,392,0,pr,high
pandas-dev,pandas,17091,"The groupby filter output differs if we run an aggregate function before",2161,4,2017-07-27T06:21:06Z,2021-05-26T17:12:41Z,5,1,1399,mroeschke,392,0,pr,high
pandas-dev,pandas,16867,"Bug: CustomBusinessHour bug with holidays",1952,2,2017-07-10T04:41:15Z,2021-05-26T17:12:41Z,5,1,1416,mroeschke,392,0,pr,high
pandas-dev,pandas,16719,"BUG: to_latex with multicolumn and multiindex joins cells which are on different hierarchy levels",2876,2,2017-06-18T15:13:00Z,2021-05-26T17:12:41Z,5,1,1438,mroeschke,392,0,pr,high
pandas-dev,pandas,16710,"Selecting multi rows by string in a DatetimeIndexed DataFrame",2670,4,2017-06-16T04:58:13Z,2021-05-26T17:12:40Z,2,1,1440,mroeschke,392,0,pr,high
pandas-dev,pandas,17145,"Already tz-aware when reading hdf5 generated by Python2 in Python3",4334,2,2017-08-01T14:57:23Z,2021-05-26T05:07:40Z,8,1,1393,,,,,
pandas-dev,pandas,41629,"QST: difference using ['column'] or .column?",431,3,2021-05-23T12:53:17Z,2021-05-26T03:45:04Z,6,1,2,,,,,
pandas-dev,pandas,16309,"DataFrame.loc[n] = dict(..) fails with some type combinations",5364,4,2017-05-09T19:47:50Z,2021-05-24T18:55:30Z,5,1,1475,mroeschke,389,0,pr,high
pandas-dev,pandas,16174,"DataFrame.groupby().std() fails on filtered DataFrame",2623,2,2017-04-29T18:35:13Z,2021-05-24T18:55:30Z,5,1,1486,mroeschke,389,0,pr,high
pandas-dev,pandas,16018,"""cannot reindex from duplicate axis"" when adding cell of missing row to non-unique index",4648,2,2017-04-16T07:01:53Z,2021-05-24T18:55:30Z,2,1,1499,mroeschke,389,0,pr,high
pandas-dev,pandas,15898,"I case of dtype issues, read_csv doesn't give an error as useful as pd.to_numeric does",2054,2,2017-04-05T08:26:55Z,2021-05-24T18:55:29Z,7,1,1510,mroeschke,389,0,pr,high
pandas-dev,pandas,15891,"DataFrame.to_csv with empty dataframe probleme quoting",1262,2,2017-04-04T16:47:49Z,2021-05-24T18:55:29Z,10,1,1511,mroeschke,389,0,pr,high
pandas-dev,pandas,15829,"BUG: out-of-bounds datetime parsing",528,2,2017-03-29T00:16:03Z,2021-05-24T18:55:29Z,13,1,1517,mroeschke,389,0,pr,high
pandas-dev,pandas,15452,"Incoherence between Index and MultiIndex when labels in list are not found",3023,2,2017-02-18T05:22:09Z,2021-05-24T18:55:28Z,14,1,1556,mroeschke,389,0,pr,high
pandas-dev,pandas,41553,"DOC: fixup docstring of deprecate_nonkeyword_arguments",193,2,2021-05-18T21:12:29Z,2021-05-24T17:19:50Z,1,1,5,martinwrudolf,1,1,pr,high
pandas-dev,pandas,41423,"DOC: pandas.Series(data=None, index=None, dtype=None, name=None, copy=False, fastpath=False)",143,2,2021-05-11T18:29:48Z,2021-05-21T16:12:04Z,4,1,9,mdhsieh,2,1,pr,high
pandas-dev,pandas,15273,"to_json on multiindex does not escape strings properly",947,2,2017-01-31T14:27:59Z,2021-05-19T12:53:59Z,3,1,1568,mroeschke,388,0,pr,high
pandas-dev,pandas,15239,"Inconsistent treatment of categories in multi-level unstack",2095,2,2017-01-27T05:06:29Z,2021-05-19T12:53:58Z,8,1,1573,mroeschke,388,0,pr,high
pandas-dev,pandas,15106,"Groupby + sum by multiple columns on an empty DataFrame drops list of columns",1717,2,2017-01-11T09:54:13Z,2021-05-19T12:53:58Z,9,1,1589,mroeschke,388,0,pr,high
pandas-dev,pandas,15036,"ERR: all nan grouping provides unfriendly error message",264,2,2017-01-02T16:11:58Z,2021-05-19T12:53:58Z,4,1,1597,mroeschke,388,0,pr,high
pandas-dev,pandas,14773,"BUG: diff with multiple columns of type np.int8 fails",3468,2,2016-11-30T15:14:12Z,2021-05-19T12:53:58Z,4,1,1630,mroeschke,388,0,pr,high
pandas-dev,pandas,14467,"Dataframe constructor misinterprets `columns` argument if nested list is passed in as the `data` parameter.",3513,2,2016-10-21T18:33:45Z,2021-05-19T12:53:57Z,8,1,1670,mroeschke,388,0,pr,high
pandas-dev,pandas,14018,"BUG: unstack doesn't preserve categorical dtype",1221,3,2016-08-16T23:57:54Z,2021-05-17T15:17:30Z,10,1,1734,mroeschke,386,0,pr,high
pandas-dev,pandas,13934,"Column reappears after drop() when working on a reference of that column",1136,2,2016-08-08T14:25:13Z,2021-05-17T15:17:30Z,3,1,1743,mroeschke,386,0,pr,high
pandas-dev,pandas,13912,"BUG: Columns used in sum on 1 row dataframe depend on values instead of dtype",1204,2,2016-08-04T23:55:20Z,2021-05-17T15:17:30Z,3,1,1746,mroeschke,386,0,pr,high
pandas-dev,pandas,13872,"ERR: set errno in read_csv",1223,2,2016-08-01T20:12:12Z,2021-05-17T15:17:29Z,6,1,1749,mroeschke,386,0,pr,high
pandas-dev,pandas,13569,"frame and columns can get out of sync",1602,3,2016-07-05T17:24:18Z,2021-05-17T15:17:29Z,2,1,1776,mroeschke,386,0,pr,high
pandas-dev,pandas,13501,"Partial indexing with a list and hierarchical index",1444,2,2016-06-23T14:00:53Z,2021-05-17T15:17:29Z,4,1,1789,mroeschke,386,0,pr,high
pandas-dev,pandas,13432,"BUG: Index set operations issues",1743,2,2016-06-13T00:09:39Z,2021-05-17T15:17:29Z,17,1,1799,mroeschke,386,0,pr,high
pandas-dev,pandas,13427,"BUG: duplicate indexing on non-integer index with positional indexers failing in py3",1919,2,2016-06-11T19:06:37Z,2021-05-17T15:17:29Z,6,1,1800,mroeschke,386,0,pr,high
pandas-dev,pandas,41407,"DOC: Unclear first example in pandas.DataFrame.append",645,2,2021-05-10T07:16:11Z,2021-05-17T13:18:28Z,2,1,7,t0asty,1,1,pr,high
pandas-dev,pandas,41438,"WEB: Format broken in team page (maintainers grid)",345,2,2021-05-12T15:08:34Z,2021-05-14T20:06:42Z,6,1,2,calvh,1,1,pr,high
pandas-dev,pandas,41421,"DOC: DataFrame.hist documentation cuts off mid-sentence",1199,2,2021-05-11T16:59:10Z,2021-05-14T16:09:23Z,2,1,2,mdhsieh,1,1,pr,high
pandas-dev,pandas,40250,"BUG: ValueError when calling groupby + fillna on StringDType column",3889,4,2021-03-05T09:58:59Z,2021-05-13T23:27:44Z,5,1,69,shiv-io,1,1,pr,high
pandas-dev,pandas,41382,"BUG: DatetimeIndex gets converted to Index when operating on transpose of empty Dataframe",2808,3,2021-05-08T15:59:21Z,2021-05-13T18:47:29Z,3,1,5,ShaharNaveh,204,0,pr,high
pandas-dev,pandas,24386,"DataFrame constructor ignores integer dtype when dict-data and non-overlapping columns",439,5,2018-12-21T18:27:35Z,2020-06-20T22:25:59Z,5,1,547,avinashpancham,2,1,pr,high
pandas-dev,pandas,13353,"error merging dataframes with unicode and numpy.float64 column names",982,2,2016-06-03T00:47:45Z,2021-05-12T13:27:56Z,2,1,1804,mroeschke,384,0,pr,high
pandas-dev,pandas,13120,"BUG: PeriodIndex construction fails (or produces erroneous result) with memoryview as input.",3158,3,2016-05-09T15:36:11Z,2021-05-12T13:27:56Z,14,1,1828,mroeschke,384,0,pr,high
pandas-dev,pandas,13034,"BUG/COMPAT: Series bool type not promoted to object when introducing NaNs",1577,2,2016-04-29T23:49:03Z,2021-05-12T13:27:56Z,2,1,1838,mroeschke,384,0,pr,high
pandas-dev,pandas,12652,"DataFrame Groupby Apply Returning Unexpected Result?",3649,2,2016-03-17T03:06:59Z,2021-05-12T13:27:55Z,6,1,1882,mroeschke,384,0,pr,high
pandas-dev,pandas,11747,"BUG: position indexing in getitem with duplicated index",748,2,2015-12-02T23:59:46Z,2021-05-12T13:27:55Z,5,1,1987,mroeschke,384,0,pr,high
pandas-dev,pandas,11726,"pd.SparseDataFrame().duplicated() ValueError when default_fill_value is present in dataframe",5302,2,2015-11-30T13:30:58Z,2021-05-12T13:27:55Z,5,1,1989,mroeschke,384,0,pr,high
pandas-dev,pandas,11479,"BUG: reset_index of level on a MultiIndex with NaT converts to np.nan",2318,2,2015-10-30T08:06:16Z,2021-05-10T21:45:33Z,5,1,2019,mroeschke,383,0,pr,high
pandas-dev,pandas,10710,"Indexing a multi-index does not respect order of list indexer",465,2,2015-07-31T07:16:36Z,2021-05-10T21:45:32Z,6,1,2110,mroeschke,383,0,pr,high
pandas-dev,pandas,10336,"Dataframe Where Dataframe == False Returns Dataframe with Floats",1254,2,2015-06-12T03:37:45Z,2021-05-10T21:45:32Z,6,1,2159,mroeschke,383,0,pr,high
pandas-dev,pandas,9952,"Aligning on multi-index with swapped levels gives unclear error message",3660,2,2015-04-20T12:26:04Z,2021-05-10T21:45:32Z,6,1,2212,mroeschke,383,0,pr,high
pandas-dev,pandas,9406,"BUG: NaN level values in stack() and unstack()",3310,2,2015-02-03T18:42:11Z,2021-05-10T21:45:32Z,5,1,2288,mroeschke,383,0,pr,high
pandas-dev,pandas,9188,"BUG: concat of all-nan with empty frame produces object dtype",653,2,2015-01-02T20:20:20Z,2021-05-10T21:45:31Z,3,1,2320,mroeschke,383,0,pr,high
pandas-dev,pandas,8856,"BUG: loc.__setitem__ over MultiIndex with slice key and step != 1 does strange things",1130,2,2014-11-19T11:25:19Z,2021-05-10T21:45:31Z,8,1,2364,mroeschke,383,0,pr,high
pandas-dev,pandas,7893,"Regression in casting Series to DataFrame with .name='foo' and columns=['bar']",1351,3,2014-07-31T21:23:52Z,2021-05-10T21:45:31Z,7,1,2475,mroeschke,383,0,pr,high
pandas-dev,pandas,41180,"DOC: DataFrame on df.nunique causing confusion",1042,2,2021-04-27T14:57:36Z,2021-05-07T05:00:26Z,2,1,9,regmibijay,0,1,pr,high
pandas-dev,pandas,40865,"PERF: Series.nunique can compute unique, then remove na",800,3,2021-04-10T12:59:10Z,2021-05-03T15:12:33Z,4,1,23,KenilMehta,1,1,pr,high
pandas-dev,pandas,40581,"BUG: Pandas 1.2 the clip method does not support Float64Dtype with pd.NA",3007,3,2021-03-23T13:42:15Z,2021-04-30T20:49:50Z,5,1,38,Rasori,2,1,pr,high
pandas-dev,pandas,22035,"Unable to change dtype of a column after concat and duplicate column names",1954,3,2018-07-24T05:37:39Z,2021-04-30T00:33:12Z,7,1,1010,isaac-chung,1,1,pr,high
pandas-dev,pandas,35865,"BUG: ser[:] = [""a"", 1] casts 1 to ""1""",158,3,2020-08-23T23:41:40Z,2021-04-26T12:21:47Z,2,1,245,arredond,3,0,pr,high
pandas-dev,pandas,12634,"TST: code coverage enhancements",422,4,2016-03-15T15:38:33Z,2021-04-23T01:17:30Z,4,1,1864,jbrockmendel,3023,0,pr,medium
pandas-dev,pandas,41044,"BUG: Inconsistend behaviour when assigning dict to df.loc",1952,3,2021-04-19T16:44:47Z,2021-04-21T22:34:07Z,4,1,2,arredond,2,1,pr,high
pandas-dev,pandas,27721,"problem in groupby-rank w/ multindex column",2802,4,2019-08-02T21:08:27Z,2021-04-21T21:55:33Z,4,1,628,arredond,1,1,pr,high
pandas-dev,pandas,11978,"ENH: other plotting tools via plot accessor",863,2,2016-01-07T01:57:26Z,2021-04-21T05:40:37Z,16,1,1931,JustinZhengBC,26,0,pr,high
pandas-dev,pandas,40972,"DOC: Improve describe() doc in getting started",669,2,2021-04-16T08:18:19Z,2021-04-20T04:26:26Z,2,1,3,bharatr21,12,0,pr,high
pandas-dev,pandas,40936,"pandas series append will lost original name if new series name is different",435,2,2021-04-14T08:08:50Z,2021-04-20T00:33:32Z,4,1,5,,,,,
pandas-dev,pandas,40974,"TYP final `_take_with_is_copy` is overridden in series",528,2,2021-04-16T10:01:41Z,2021-04-19T17:22:28Z,2,1,3,ajiteshsingh,1,1,pr,high
pandas-dev,pandas,40966,"BUG: ewm not working properly with times",3416,4,2021-04-15T19:10:28Z,2021-04-18T05:49:29Z,3,1,2,,,,,
pandas-dev,pandas,40737,"TYP overload fillna",2715,2,2021-04-01T18:55:55Z,2021-04-15T21:21:56Z,11,1,14,LarWong,1,1,pr,high
pandas-dev,pandas,40346,"TST: groupby of idxmax/min with mixed types",1337,3,2021-03-10T08:27:07Z,2021-04-14T12:55:40Z,11,1,35,bsun94,3,0,pr,high
pandas-dev,pandas,17130,"ENH/BUG: support a column interval index",3985,4,2017-07-31T20:54:01Z,2021-04-12T13:31:43Z,5,1,1350,EricLeer,2,1,pr,high
pandas-dev,pandas,40829,"TYP return type of DataFrame.clip not correct",309,2,2021-04-07T20:10:54Z,2021-04-11T11:13:40Z,7,1,3,DriesSchaumont,2,1,pr,high
pandas-dev,pandas,20432,"BUG: DataFrame/Series.loc improperly allows lookups of boolean labels/slices",4947,3,2018-03-21T01:08:08Z,2021-04-06T19:18:52Z,12,1,1112,DriesSchaumont,1,1,pr,high
pandas-dev,pandas,40759,"STYLE remove --keep-runtime-typing from pyupgrade",580,2,2021-04-02T18:29:50Z,2021-04-06T18:08:30Z,4,1,3,fathomer,5,0,pr,high
pandas-dev,pandas,39367,"DOC: split Contributing page",651,2,2021-01-24T01:27:21Z,2021-04-04T17:07:42Z,8,1,70,David-dmh,0,1,pr,high
pandas-dev,pandas,40484,"BUG: Clearing a `Styler` should clear all",459,4,2021-03-17T18:11:58Z,2021-04-02T17:20:24Z,8,1,15,bsun94,2,1,pr,high
pandas-dev,pandas,34687,"BUG: multiple application of .loc on sparse DataFrame results in NaN and filling the DataFrame ",3029,4,2020-06-10T12:11:19Z,2021-04-02T17:15:22Z,5,1,296,EricLeer,1,1,pr,high
pandas-dev,pandas,40393,"BUG: convert_dtypes throws a ValueError when called on an empty DataFrame",2843,3,2021-03-12T08:27:07Z,2021-03-15T14:00:57Z,5,1,3,owenlamont,1,1,pr,high
pandas-dev,pandas,24271,"sort_index not sorting when multi-index made by different categorical types",3178,5,2018-12-13T16:00:55Z,2021-03-15T00:32:13Z,3,1,822,ftrihardjo,7,0,pr,high
pandas-dev,pandas,40377,"DOC: Slightly broken grammar for `groupby.apply` with fix (good first doc issue?)",699,2,2021-03-11T15:06:03Z,2021-03-11T20:34:28Z,3,1,0,Mayurji,1,1,pr,high
pandas-dev,pandas,38802,"CI/STYLE extend codespell beyond pandas/core",543,3,2020-12-30T10:45:50Z,2021-03-11T19:03:30Z,12,1,71,01-vyom,6,0,pr,high
pandas-dev,pandas,39992,"STYLE Increase coverage of inconsistent-namespace-usage",3243,2,2021-02-23T12:05:06Z,2021-03-11T13:47:14Z,23,1,16,deepang17,2,1,pr,high
pandas-dev,pandas,40352,"CI upload coverage to codecov for jobs other than database",454,2,2021-03-10T14:41:25Z,2021-03-10T14:53:05Z,1,1,0,,,,,
pandas-dev,pandas,40327,"DOC: fixup formula for exponentially weighted mean with input vector of times?",963,3,2021-03-09T15:31:42Z,2021-03-10T08:50:54Z,2,1,0,mschmookler,1,1,pr,high
pandas-dev,pandas,39672,"Pandas dataframe pct_change function arguments",836,2,2021-02-08T13:05:41Z,2021-03-06T20:40:22Z,14,1,26,ianozsvald,1,1,pr,high
pandas-dev,pandas,39708,"BUG: Styler `copy` methods not updated for recent additions",1130,5,2021-02-09T21:18:41Z,2021-03-05T00:52:34Z,1,1,23,rlukevie,1,1,pr,high
pandas-dev,pandas,38749,"BUG: TypeError: bad operand type for unary -: 'FloatingArray'",2346,3,2020-12-28T11:28:29Z,2021-02-28T08:38:16Z,6,1,61,zitorelova,3,0,pr,high
pandas-dev,pandas,40106,"CI update mypy pin",388,2,2021-02-27T12:02:05Z,2021-02-27T18:31:25Z,0,1,0,Muktan,2,1,pr,high
pandas-dev,pandas,39640,"DOC: Series.pad has template variables that are not replaced",596,2,2021-02-07T12:59:57Z,2021-02-24T13:36:09Z,9,1,17,dylanp-git,1,1,pr,high
pandas-dev,pandas,39701,"BUG: pd.show_versions: json.decoder.JSONDecodeError",3275,3,2021-02-09T16:46:08Z,2021-02-22T18:18:09Z,8,1,13,alexprincel,1,1,pr,high
pandas-dev,pandas,38917,"Passing DataFrame of values to fillna()",3663,2,2021-01-03T06:45:05Z,2021-01-25T16:40:37Z,6,1,22,aniaan,3,0,pr,high
pandas-dev,pandas,39863,"DOC: fixup link for lookup example",482,2,2021-02-17T16:22:55Z,2021-02-17T20:56:47Z,4,1,0,morrme,1,1,pr,high
pandas-dev,pandas,39716,"BUG: `Style` index name row does not label column class",1224,3,2021-02-10T07:15:33Z,2021-02-17T00:16:18Z,2,1,6,attack68,22,0,pr,high
pandas-dev,pandas,24211,"transform behaves differently with 'ffill' on DataFrameGroupBy and SeriesGroupBy",1510,4,2018-12-10T21:01:21Z,2021-02-15T22:34:48Z,4,1,798,ftrihardjo,6,0,pr,high
pandas-dev,pandas,38093,"Extend check for inconsistent pandas namespace usage",1711,2,2020-11-26T15:59:04Z,2021-02-14T14:00:35Z,4,1,79,jbrockmendel,2770,0,pr,medium
pandas-dev,pandas,28869,"Cannot `style.background_gradient`  on an `Int64` column",5036,4,2019-10-09T11:16:33Z,2021-02-11T10:04:04Z,5,1,490,immaxchen,5,0,pr,medium
pandas-dev,pandas,25154,"Multiindex slicing with NaNs, unexpected results",2773,4,2019-02-05T08:21:14Z,2021-02-05T15:41:15Z,6,1,731,theodorju,1,1,pr,high
pandas-dev,pandas,39426,"BUG: sort_values create an unprintable object",5288,2,2021-01-26T22:05:21Z,2021-02-04T00:50:51Z,7,1,8,zitorelova,2,1,pr,high
pandas-dev,pandas,39523,"CI upgrade pyupgrade",528,3,2021-02-01T10:27:53Z,2021-02-03T18:08:05Z,1,1,2,gunjan-solanki,2,1,pr,high
pandas-dev,pandas,36111,"BUG: read_csv with custom date parser and na_filter=True results in ValueError",6514,3,2020-09-04T08:46:14Z,2021-02-02T00:27:39Z,3,1,150,ftrihardjo,5,0,pr,high
pandas-dev,pandas,39503,"BUG: Repeated key words on datetime indexing methods (_parsed_string_to_bounds())",1948,2,2021-01-31T17:30:06Z,2021-01-31T21:15:46Z,1,1,0,Rasori,1,1,pr,high
pandas-dev,pandas,38862,"CI speed-up @github-actions pre-commit by only running it on changed files",789,3,2020-12-31T18:45:37Z,2021-01-31T19:36:22Z,3,1,31,gunjan-solanki,1,1,pr,high
pandas-dev,pandas,38808,"CLN: Add typing for dtype argument in codebase",1447,2,2020-12-30T13:28:45Z,2021-01-29T02:04:26Z,13,1,29,avinashpancham,28,0,pr,high
pandas-dev,pandas,21881,"Series with dtype=object does unexpected type conversion",1578,4,2018-07-12T21:09:09Z,2021-01-28T14:59:30Z,5,1,930,ftrihardjo,4,0,pr,high
pandas-dev,pandas,39203,"STYLE: dont' use pd.api.types anywhere in tests",3066,2,2021-01-16T01:28:21Z,2021-01-21T15:04:52Z,10,1,5,nofarm3,1,1,pr,high
pandas-dev,pandas,39301,"CI consistently put `|` at start of line in pygrep hooks",1454,2,2021-01-20T17:35:04Z,2021-01-20T22:15:15Z,1,1,0,gustavocmaciel,1,1,pr,high
pandas-dev,pandas,32409,"pandas1.0.1 has trouble with certain column names",3426,3,2020-03-03T12:37:59Z,2021-01-20T18:57:32Z,11,1,323,luckyvs1,1,1,pr,high
pandas-dev,pandas,38781,"DOC: Undocumented change in .isin behavior from 1.1.5 to 1.2.0",1102,4,2020-12-29T15:40:50Z,2021-01-17T15:36:01Z,9,1,18,omarafifii,1,1,pr,high
pandas-dev,pandas,38694,"DOC add command to run pre-commit checks to pull request template",387,2,2020-12-25T11:13:22Z,2021-01-10T18:30:49Z,14,1,16,BobinMathew,1,1,pr,medium
pandas-dev,pandas,38878,"BUG: Unexpected typecast on datetime.date in groupby.key()",3171,5,2021-01-01T12:27:19Z,2021-01-08T14:17:27Z,4,1,7,vangorade,4,0,pr,high
pandas-dev,pandas,30699,"BUG: Datetimelike equality comparisons with Categorical",2116,3,2020-01-04T21:43:39Z,2021-01-08T14:10:02Z,12,1,369,ftrihardjo,3,0,pr,high
pandas-dev,pandas,29751,"Inconsistent .loc slicing behaviour with NaNs in MultiIndex dataframe",2622,4,2019-11-20T18:31:52Z,2021-01-07T13:58:08Z,8,1,413,kasim95,2,1,pr,high
pandas-dev,pandas,38976,"DOC: Scatter and Hexbin from Series plot documentation",348,3,2021-01-05T18:18:35Z,2021-01-06T18:36:16Z,4,1,1,1nF0rmed,2,1,pr,high
pandas-dev,pandas,38938,"DOC: Update contributing.rst",453,2,2021-01-04T04:42:01Z,2021-01-06T15:02:41Z,2,1,2,vangorade,3,0,pr,high
pandas-dev,pandas,27338,"CategoricalDtype.update_dtype fails with Categorical",327,4,2019-07-11T14:35:26Z,2021-01-03T17:10:41Z,8,1,542,ftrihardjo,2,1,pr,high
pandas-dev,pandas,25744,"Series.update fails with categorical types",1337,4,2019-03-16T03:26:02Z,2021-01-03T17:10:41Z,9,1,659,ftrihardjo,2,1,pr,high
pandas-dev,pandas,38726,"DOC: chat-ops",755,2,2020-12-27T18:06:20Z,2020-12-30T15:07:16Z,2,1,2,1nF0rmed,1,1,pr,high
pandas-dev,pandas,36745,"DOC: TimeStamp.strftime() missing argument description",410,2,2020-09-30T17:25:03Z,2020-12-30T02:59:13Z,9,1,90,abhishekmangla,2,1,pr,medium
pandas-dev,pandas,36936,"BUG: loc with empty multiindex raises exception",2643,3,2020-10-07T06:32:33Z,2020-12-28T16:41:47Z,4,1,82,kasim95,1,1,pr,high
pandas-dev,pandas,38267,"BUG: Inconsistent behavior of `.replace()` in Int64 series with `<NA>`.",2833,4,2020-12-03T17:35:06Z,2020-12-28T14:55:46Z,5,1,24,ftrihardjo,1,1,pr,high
pandas-dev,pandas,20975,"Slicing columns with mixed types <str>,<int> fails with ValueError",3054,4,2018-05-07T15:28:50Z,2020-12-27T22:55:00Z,5,1,965,hungyiwu,1,1,pr,high
pandas-dev,pandas,38527,"BUG: can't use to_clipboard/read_clipboard on WSL 2.0",2849,3,2020-12-16T18:50:27Z,2020-12-23T14:08:08Z,5,1,6,mbkupfer,1,1,pr,high
pandas-dev,pandas,18414,"KeyError when calling to_coo() on SparseDataFrame",1306,3,2017-11-21T17:20:31Z,2020-12-22T14:10:54Z,5,1,1126,mzeitlin11,6,0,pr,high
pandas-dev,pandas,38311,"DOC: Wrong output in the example of Timedelta.isoformat",488,2,2020-12-05T04:46:56Z,2020-12-19T10:23:41Z,13,1,14,Navron4500,1,1,pr,high
pandas-dev,pandas,38375,"DOC: infer_dtypes document is inconsistent with behaviour regarding boolean",463,3,2020-12-08T23:08:13Z,2020-12-16T02:14:18Z,9,1,7,tsinggggg,1,1,pr,high
pandas-dev,pandas,38022,"STYLE use types_or in pre-commit",243,2,2020-11-23T19:28:22Z,2020-12-16T00:46:50Z,7,1,22,rkc007,2,1,pr,high
pandas-dev,pandas,36688,"ENH: Change Pandas User-Agent and add possibility to set custom http_headers to pd.read_* functions",2133,4,2020-09-27T20:38:20Z,2020-12-15T00:35:00Z,14,1,78,cdknox,1,1,pr,high
pandas-dev,pandas,31691,"Inconsistent kwargs argument 'color' passed to upstream matplotlib plot functions",934,3,2020-02-05T10:11:50Z,2020-12-14T17:27:38Z,14,1,313,ankushduacodes,1,1,pr,high
pandas-dev,pandas,31771,"BUG: df.to_markdown() with empty frame incorrect output",2290,3,2020-02-07T11:39:00Z,2020-12-12T23:28:05Z,9,1,309,arw2019,54,0,pr,high
pandas-dev,pandas,32515,"df.to_dict() accepts orient which are not in the list of options",4585,2,2020-03-07T12:07:45Z,2020-03-14T21:33:06Z,11,1,7,elmonsomiat,1,1,pr,high
pandas-dev,pandas,28547,"Deprecate using `xlrd` engine in favor of openpyxl",564,3,2019-09-20T03:25:00Z,2020-12-01T23:27:29Z,32,1,438,roberthdevries,17,0,pr,high
pandas-dev,pandas,31954,"BUG: ""cannot reindex from duplicate axis"" thrown using unique indexes, duplicated column names and a specific numpy array values",3383,4,2020-02-13T16:33:54Z,2020-12-08T15:58:34Z,32,1,298,arw2019,53,0,pr,high
pandas-dev,pandas,13208,"Series __finalized__ not correctly called in binary operators",2243,3,2016-05-17T21:17:29Z,2020-01-07T23:45:41Z,12,1,1330,mroeschke,261,0,pr,high
pandas-dev,pandas,32553,"IntervalIndex raises TypeError on PrettyPrint",8315,4,2020-03-09T16:51:52Z,2020-12-03T14:23:34Z,4,1,268,arw2019,51,0,pr,high
pandas-dev,pandas,23239,"Duplicated column name causes inconsistent ValueError during assignment to a unique column",1591,3,2018-10-19T15:53:30Z,2020-12-02T23:37:06Z,6,1,775,ivanovmg,49,0,pr,high
pandas-dev,pandas,38033,"TST: dataframe constructor should preserve order with standard Python dicts",418,3,2020-11-24T04:51:48Z,2020-12-02T03:04:37Z,6,1,7,jusexton,1,1,pr,high
pandas-dev,pandas,38090,"CI/TST: suppress http debug from tests outputs",1694,3,2020-11-26T15:43:03Z,2020-11-28T17:33:56Z,0,1,2,mroeschke,344,0,pr,high
pandas-dev,pandas,16360,"Column loses category when using .loc for a one row dataframe",2734,4,2017-05-15T14:20:13Z,2020-11-23T18:59:08Z,5,1,1288,fgebhart,2,1,pr,high
pandas-dev,pandas,13044,"COMPAT: should an empty string match a format (or just be NaT)",891,2,2016-04-30T17:29:37Z,2020-11-19T18:58:15Z,3,1,1664,fgebhart,1,1,pr,high
pandas-dev,pandas,34777,"ENH: Support Multi-Index for columns in parquet format",926,3,2020-06-14T21:19:18Z,2020-11-19T02:09:10Z,4,1,157,hweecat,2,1,pr,high
pandas-dev,pandas,31922,"BUG: segmentation fault with pd.NA and np.ndarray.__contains__",388,2,2020-02-12T12:56:45Z,2020-11-19T00:32:30Z,7,1,280,ylin00,3,0,pr,high
pandas-dev,pandas,37891,"CI upgrade pyupgrade to v2.7.4",267,2,2020-11-16T09:02:25Z,2020-11-17T09:23:09Z,2,1,1,BAlmeidaS,1,1,pr,high
pandas-dev,pandas,34871,"BUG: Inconsistent behavior for df.replace over pd.Period columns",2953,4,2020-06-19T13:33:41Z,2020-11-17T01:17:29Z,6,1,150,samc1213,1,1,pr,high
pandas-dev,pandas,19406,"Boolean indexing and assignment from python list broken",1764,3,2018-01-26T03:14:51Z,2020-11-15T09:12:13Z,6,1,1024,paxcodes,1,1,pr,high
pandas-dev,pandas,36308,"BUG: DataFrameGroupBy.transform with axis=1 fails",562,4,2020-09-12T15:00:54Z,2020-11-14T16:50:19Z,8,1,63,ethanator,1,1,pr,high
pandas-dev,pandas,34769,"TST: split up tests/plotting/test_frame.py into subdir & modules",175,3,2020-06-14T14:54:47Z,2020-11-13T02:51:08Z,6,1,151,Mikhaylov-yv,2,1,pr,high
pandas-dev,pandas,25113,"Fix validation error type `SS02` and check in CI",7543,4,2019-02-03T14:48:55Z,2020-11-10T03:38:04Z,6,1,645,abhishekmangla,2,1,pr,high
pandas-dev,pandas,37577,"ENH: DataFrame Constructions from Data Classes",1516,2,2020-11-02T08:19:05Z,2020-11-05T15:40:49Z,6,1,3,,,,,
pandas-dev,pandas,23992,"step option does not work for hist",1545,3,2018-11-29T11:40:00Z,2020-11-01T06:31:43Z,9,1,702,avinashpancham,15,0,pr,high
pandas-dev,pandas,9606,"API: timeseries accessors naming convention",255,4,2015-03-06T20:08:11Z,2020-10-29T01:18:57Z,2,1,2063,abhishekmangla,1,1,pr,high
pandas-dev,pandas,37243,"TST: split up test_concat.py",177,2,2020-10-19T13:00:21Z,2020-10-28T12:04:16Z,2,1,8,kamilt5,3,0,pr,high
pandas-dev,pandas,37248,"DOC: update development documentation for link to built docs",144,2,2020-10-19T14:13:03Z,2020-10-24T07:27:52Z,2,1,4,aniaan,1,1,pr,high
pandas-dev,pandas,37316,"DOC: `to_pickle` function takes pickle v5 but doc says only 1-4 supported",708,2,2020-10-21T17:16:06Z,2020-10-22T00:11:03Z,3,1,0,botplex,1,1,pr,high
pandas-dev,pandas,34150,"CI: Linting errors from flake >= 3.8.1",9100,3,2020-05-13T06:43:50Z,2020-10-10T22:29:29Z,8,1,150,MarcoGorelli,60,0,pr,high
pandas-dev,pandas,18888,"Category type is discarded with `where` series method",1708,3,2017-12-21T05:23:33Z,2020-10-20T01:37:29Z,2,1,1033,gabriellm1,2,1,pr,high
pandas-dev,pandas,37252,"DOC Fix some typos in the docs",396,2,2020-10-19T15:31:03Z,2020-10-19T18:36:39Z,4,1,0,asharma13524,1,1,pr,medium
pandas-dev,pandas,37200,"DOC: excel format tag (binary) seems to be missing in the table output",49,3,2020-10-17T16:24:30Z,2020-10-17T18:36:33Z,2,1,0,knabben,1,1,pr,high
pandas-dev,pandas,24589,"Examples for Series ops should be specific to each method.",301,2,2019-01-03T12:30:01Z,2020-10-17T13:38:54Z,12,1,653,hongshaoyang,6,0,pr,high
pandas-dev,pandas,25857,"expanding(min_periods=N).count(), for any N, returns same result as expanding(min_periods=1).count()",1211,3,2019-03-24T02:50:56Z,2020-10-16T01:16:23Z,8,1,571,theMogget,2,1,pr,high
pandas-dev,pandas,26637,"Improve docs for pandas_version in Dataframe to_json(orient='table')",2880,3,2019-06-03T18:36:16Z,2020-10-14T12:33:58Z,7,1,498,tnwei,1,1,pr,high
pandas-dev,pandas,29203,"Improve docs on what the axis= kwarg does in individual functions/methods",3558,2,2019-10-24T12:50:52Z,2020-10-12T15:35:01Z,10,1,354,hongshaoyang,5,0,pr,high
pandas-dev,pandas,34384,"TST: use ensure_clean rather than explicit os.remove",405,3,2020-05-26T13:04:56Z,2020-10-12T15:11:12Z,2,1,139,jnecus,2,1,pr,high
pandas-dev,pandas,21004,"(Further) clarify documentation for display.precision",3728,2,2018-05-10T18:49:16Z,2020-10-12T15:09:05Z,2,1,885,hongshaoyang,4,0,pr,high
pandas-dev,pandas,16218,"Incorrect parsing of UTF-16 TSV if file includes Unicode 'FULLWIDTH COLON' (U+FF1A)",3149,2,2017-05-03T17:28:17Z,2020-10-12T06:38:30Z,4,1,1257,avinashpancham,12,0,pr,high
pandas-dev,pandas,32590,"Histogram or kde from datetime column",1004,3,2020-03-10T18:15:03Z,2020-10-10T23:07:42Z,11,1,214,onshek,4,0,pr,high
pandas-dev,pandas,36777,"DOC: Fix code style in documentation",2410,2,2020-10-01T14:54:50Z,2020-10-10T22:24:28Z,19,1,9,dsaxton,137,0,pr,high
pandas-dev,pandas,25187,"DOC: DataFrame.mask() uses df.where in the examples section",283,2,2019-02-06T13:23:28Z,2020-10-10T17:26:25Z,3,1,612,hongshaoyang,2,1,pr,high
pandas-dev,pandas,26223,"DataFrame.apply returns Series of type object instead of correct dtype",2072,2,2019-04-26T22:01:11Z,2020-10-10T17:17:48Z,8,1,532,,,,,
pandas-dev,pandas,22606,"TST: test that operations with Series(ExtensionArray) and list-likes work",388,3,2018-09-05T12:37:43Z,2020-10-07T03:15:05Z,4,1,762,avinashpancham,10,0,pr,high
pandas-dev,pandas,31944,"Errors in pandas._libs.lib.maybe_convert_objects leading to use of uninitialized memory",4617,3,2020-02-13T02:56:18Z,2020-10-06T22:43:17Z,8,1,236,icanhazcodeplz,1,1,pr,high
pandas-dev,pandas,13346,"pd.Period off by hundred of years for dates past ~2263",954,3,2016-06-01T19:21:03Z,2020-10-05T20:52:52Z,13,1,1587,OlivierLuG,8,0,pr,high
pandas-dev,pandas,14588,"PERF: asv for select_dtypes",208,3,2016-11-04T16:57:29Z,2020-10-05T17:41:30Z,6,1,1431,avinashpancham,9,0,pr,high
pandas-dev,pandas,36879,"Update flake8 to 3.8.4 in pre-commit-config.yaml",218,2,2020-10-05T08:09:45Z,2020-10-05T10:15:12Z,1,1,0,Tazminia,1,1,pr,high
pandas-dev,pandas,32316,"DOC: Standardize references to pandas in the documentation",393,2,2020-02-28T00:54:20Z,2020-10-04T20:13:32Z,10,1,219,joybh98,1,1,pr,high
pandas-dev,pandas,18000,"BENCH: Index.take benchmark is measuring wrong thing",256,2,2017-10-27T12:28:20Z,2020-10-02T23:08:40Z,5,1,1071,hardikpnsp,2,1,pr,high
pandas-dev,pandas,26182,"groupby apply failed on dataframe with DatetimeIndex",4271,4,2019-04-22T06:40:17Z,2020-10-02T22:59:01Z,11,1,529,amy12xx,1,1,pr,high
pandas-dev,pandas,32334,"DataFrame.sort_index() with ascending passed as a list on a single level index gives wrong result",992,4,2020-02-28T15:44:13Z,2020-10-01T18:32:25Z,4,1,216,aniaan,1,1,pr,high
pandas-dev,pandas,13653,"Series.to_string ignores empty lines at the start/end when index=False",1300,5,2016-07-14T13:16:54Z,2020-09-30T02:04:41Z,4,1,1538,NomadicDaggy,1,1,pr,high
pandas-dev,pandas,26982,"DOC: Fix docstring quotes in pandas.tseries",20153,2,2019-06-21T09:51:24Z,2020-09-28T15:39:32Z,4,1,465,jbrockmendel,2172,0,pr,high
pandas-dev,pandas,34640,"CLN: remove `private_key` and `verbose` from gbq",438,2,2020-06-08T09:23:21Z,2020-09-24T01:34:43Z,4,1,107,parkdj1,1,1,pr,high
pandas-dev,pandas,36424,"QST: Replace subset of DataFrame by another subset of DataFrame",1153,4,2020-09-17T12:29:07Z,2020-09-22T23:24:01Z,7,1,5,samilAyoub,1,1,pr,high
pandas-dev,pandas,28384,"Categorical equality with NaN behaves unexpectedly",2780,4,2019-09-11T09:54:31Z,2020-09-22T23:21:38Z,7,1,377,junjunjunk,1,1,pr,high
pandas-dev,pandas,28488,"Add base test for ExtensionArray.astype and copy",2712,2,2019-09-17T20:42:48Z,2020-09-22T13:41:25Z,14,1,370,tomaszps,1,1,pr,high
pandas-dev,pandas,35925,"CLN remove unnecessary trailing commas to get ready for new version of black",2199,2,2020-08-27T15:52:10Z,2020-09-22T13:37:59Z,20,1,25,MarcoGorelli,52,0,pr,high
pandas-dev,pandas,36494,"Update outdated instructions in scripts/generate_pip_deps_from_conda.py",614,3,2020-09-20T07:14:28Z,2020-09-21T21:11:46Z,3,1,1,sharonwoo,1,1,pr,high
pandas-dev,pandas,31220,"Index.sort_values puts missing values at the start with ascending=False",611,4,2020-01-22T19:56:25Z,2020-09-20T20:47:21Z,5,1,242,,,,,
pandas-dev,pandas,35023,"ASV: asvs for DataFrame.values, to_numpy",11,2,2020-06-26T22:23:25Z,2020-09-19T19:55:01Z,15,1,84,hardikpnsp,1,1,pr,high
pandas-dev,pandas,36450,"CLN upgrade to Python3.7+ syntax",3090,3,2020-09-18T13:43:02Z,2020-09-18T22:20:32Z,2,1,0,ahgamut,2,1,pr,high
pandas-dev,pandas,36435,"DOC: read_excel supports skiprows argument like read_csv, but tests and docs needed",1145,4,2020-09-17T21:05:54Z,2020-09-18T12:50:06Z,3,1,0,ahgamut,1,1,pr,high
pandas-dev,pandas,36361,"DOC: New storage_options for read_csv needs a docstring",424,2,2020-09-14T15:09:45Z,2020-09-14T20:26:01Z,2,1,0,unknown,0,1,pr,high
pandas-dev,pandas,24518,"DEPR: deprecate pandas/io/date_converters.py",276,4,2018-12-31T19:11:29Z,2020-09-12T21:37:58Z,7,1,621,avinashpancham,7,0,pr,high
pandas-dev,pandas,35989,"DOC: DataFrame.query() are contradictory on whether Python keywords can used as identifiers",1245,3,2020-08-30T15:18:20Z,2020-09-12T21:31:59Z,2,1,13,ezebunandu,1,1,pr,high
pandas-dev,pandas,29735,"sort_index on a multiindexed DataFrame with sparse columns fills with NaNs",2985,4,2019-11-20T12:24:32Z,2020-09-12T21:23:21Z,5,1,297,ylin00,2,1,pr,high
pandas-dev,pandas,36184,"DOC: Insert ""pandas"" into json_normalize examples",463,3,2020-09-07T09:49:50Z,2020-09-08T00:30:20Z,0,1,0,nzare,1,1,pr,high
pandas-dev,pandas,16784,"DataFrame.replace: TypeError: Cannot compare types 'ndarray(dtype=int64)' and 'unicode'",471,4,2017-06-28T01:58:47Z,2020-09-07T21:11:29Z,8,1,1167,phofl,14,0,pr,high
pandas-dev,pandas,30859,"Multicolumn GroupBy appears to convert unit64s to floats",2450,2,2020-01-09T19:13:45Z,2020-09-07T20:47:40Z,5,1,242,TAJD,0,1,pr,high
pandas-dev,pandas,35948,"DOC: ""engine=odf"" option should ask you to install pyodf instead of odf in pandas.read_excel",527,3,2020-08-28T06:44:41Z,2020-09-07T11:16:12Z,5,1,10,hs2361,1,1,pr,high
pandas-dev,pandas,35406,"BUG: Creating a Series from a Series results in all NaN values",2476,3,2020-07-24T16:17:08Z,2020-09-05T14:44:27Z,4,1,42,TAJD,0,1,pr,high
pandas-dev,pandas,35264,"DOC: Incomplete method description for str.match",723,2,2020-07-13T16:52:59Z,2020-09-04T15:05:13Z,2,1,52,,,,,
pandas-dev,pandas,30668,"Concatenating Single-element dense series with SparseArray Series Raises Error",4617,2,2020-01-03T23:49:31Z,2020-05-25T12:41:13Z,6,1,142,ricalanis,1,1,pr,high
pandas-dev,pandas,35550,"DOC: add additional numba example",568,3,2020-08-04T17:37:02Z,2020-09-01T23:52:08Z,10,1,28,erfannariman,6,0,pr,high
pandas-dev,pandas,34902,"DOC: Contributor guideline should guide contributors for expected local mypy failures",573,3,2020-06-20T13:36:54Z,2020-09-01T11:42:04Z,9,1,72,erfannariman,5,0,pr,high
pandas-dev,pandas,35650,"BUG: pd.factorize with read-only datetime64 numpy array raises ValueError",1454,2,2020-08-10T09:14:21Z,2020-08-26T12:44:25Z,4,1,16,avinashpancham,6,0,pr,high
pandas-dev,pandas,35855,"DOC: code of conduct link doesn't work",489,2,2020-08-22T17:14:00Z,2020-08-23T07:40:30Z,1,1,0,unknown,0,1,pr,high
pandas-dev,pandas,10603,"Resample yields empty groups",1039,2,2015-07-16T16:48:05Z,2020-08-21T22:42:51Z,9,1,1863,tkmz-n,1,1,pr,high
pandas-dev,pandas,27800,"BUG: aggregation on ordered categorical column drops grouping index or crashes, depending on context",6914,4,2019-08-07T13:13:15Z,2020-08-21T22:34:52Z,14,1,380,mathurk1,2,1,pr,high
pandas-dev,pandas,35611,"ENH: Make top-level Pandas functions serializable",190,3,2020-08-07T18:56:19Z,2020-08-19T18:02:56Z,5,1,11,ikedaosushi,2,1,pr,high
pandas-dev,pandas,35760,"DOC: downcast argument for pd.to_numeric should be integer, not int",1243,2,2020-08-17T07:21:08Z,2020-08-19T13:16:42Z,3,1,2,edwardkong,1,1,pr,high
pandas-dev,pandas,35558,"BUG: Incompatible tolerance error in merge_asof with comaptible types.",5855,4,2020-08-05T00:16:06Z,2020-08-13T10:15:52Z,5,1,8,ikedaosushi,1,1,pr,high
pandas-dev,pandas,34498,"DOC: improve the .equals() docstring",502,2,2020-05-31T15:06:47Z,2020-08-07T19:16:40Z,1,1,68,pandeydeepak0,1,1,pr,high
pandas-dev,pandas,19827,"File mode in `to_csv` is ignored, when passing a file object instead of a path",2255,3,2018-02-21T21:24:14Z,2020-08-07T11:53:10Z,21,1,897,twoertwein,1,1,pr,high
pandas-dev,pandas,35345,"DOC: expand ""using a Docker container"" section",641,2,2020-07-19T19:38:12Z,2020-08-01T13:10:24Z,2,1,12,alexhlim,1,1,pr,high
pandas-dev,pandas,35276,"DOC: remove Bug Fix / Other section in whatsnew in favor of correct placement of issues",106,2,2020-07-14T17:07:00Z,2020-07-17T17:32:56Z,2,1,3,TomAugspurger,634,0,pr,high
pandas-dev,pandas,9536,"Asymmetric error bars are not supported for series (only dataframes)",1127,2,2015-02-23T19:47:50Z,2020-07-17T16:26:47Z,4,1,1970,Steffen911,1,1,pr,high
pandas-dev,pandas,32805,"RecursionError with pd.DataFrame.from_records",2958,2,2020-03-18T13:45:59Z,2020-07-17T10:37:14Z,3,1,120,jgulian,1,1,pr,high
pandas-dev,pandas,23305,"Columns lose category dtype after calling replace on the dataframe",3030,3,2018-10-23T19:26:12Z,2020-07-16T22:45:58Z,5,1,632,mathurk1,1,1,pr,high
pandas-dev,pandas,26321,"Bug: Groupby with as_index=True causes incorrect summarization",3638,3,2019-05-09T03:28:12Z,2020-07-16T16:08:55Z,4,1,434,vivikelapoutre,1,1,pr,high
pandas-dev,pandas,24798,"Assigning values breaks in different ways when duplicate column names",3587,3,2019-01-16T12:56:08Z,2020-07-16T15:19:08Z,20,1,547,matteosantama,3,0,pr,medium
pandas-dev,pandas,32967,"Empty error message in tz_localize",2218,2,2020-03-24T03:17:31Z,2020-07-16T01:51:19Z,6,1,113,gabrielNT,2,1,pr,high
pandas-dev,pandas,24600,"BUG: DataFrame[Sparse] quantile fails because SparseArray has no reshape ",3308,3,2019-01-03T19:41:01Z,2020-07-16T01:31:45Z,5,1,559,sanders41,2,1,pr,high
pandas-dev,pandas,22609,"DataFrame.where method results in ValueError excepted when at least one of the columns is a categorical",4369,4,2018-09-05T15:33:36Z,2020-07-15T22:24:06Z,4,1,679,avinashpancham,5,0,pr,high
pandas-dev,pandas,20647,"API/BUG: center=True in expanding operations returns non-sensical results",1002,3,2018-04-10T07:32:12Z,2020-07-14T17:08:45Z,11,1,826,MBrouns,3,0,pr,high
pandas-dev,pandas,20676,"pd.Series.equals() fails for Series containing iterable objects",1816,3,2018-04-13T01:38:28Z,2020-07-13T16:36:11Z,5,1,822,avinashpancham,4,0,pr,high
pandas-dev,pandas,25257,"concat(..., copy=False) with datetime tz-aware data raises ValueError: cannot create a DatetimeTZBlock without a tz",2710,4,2019-02-10T06:29:24Z,2020-07-13T12:55:12Z,9,1,519,SurajH1,1,1,pr,high
pandas-dev,pandas,26367,"Pandas import breaks when setting filterwarnings",1236,2,2019-05-13T13:52:12Z,2020-07-12T11:45:35Z,7,1,425,,,,,
pandas-dev,pandas,34256,"BUG: DataFrame.isin fails when other is a categorical series",3714,5,2020-05-19T14:27:23Z,2020-07-10T00:08:27Z,8,1,51,vampypandya,1,1,pr,high
pandas-dev,pandas,23865,"Inconsistant behaviour of empty groups when grouping with one vs. many ",4780,2,2018-11-23T07:35:04Z,2020-07-08T15:35:26Z,8,1,593,smithto1,1,1,pr,high
pandas-dev,pandas,34526,"BUG: Select an all-zero sparse series by indexer results in NaN",3028,5,2020-06-02T08:03:46Z,2020-07-08T11:47:08Z,4,1,36,suvayu,2,1,pr,high
pandas-dev,pandas,34776,"CI: move 3.6,slow or 3.6 locale builds from travis to azure",80,2,2020-06-14T20:52:16Z,2020-07-07T13:10:07Z,2,1,22,fangchenli,4,0,pr,high
pandas-dev,pandas,28903,"groupby boxplot example does not work",1311,3,2019-10-10T19:35:31Z,2020-07-07T11:09:10Z,5,1,270,gsyqax,1,1,pr,high
pandas-dev,pandas,28397,"Alignment of CategoricalIndex will convert the index to int type?",2707,3,2019-09-12T02:29:36Z,2020-07-06T23:27:27Z,3,1,298,MBrouns,2,1,pr,high
pandas-dev,pandas,21239,"Wrong behaviour of None/np.nan in 'category' type columns",1775,2,2018-05-29T08:42:11Z,2020-07-06T21:28:08Z,2,1,769,gabrielNT,1,1,pr,high
pandas-dev,pandas,34431,"BUG: pandas.to_sql raises unexpected column error if data contains -numpy.inf",1885,2,2020-05-28T13:07:58Z,2020-07-01T18:28:31Z,3,1,34,arw2019,6,0,pr,high
pandas-dev,pandas,29037,"Categorical column fails in groupby + transform.",3420,2,2019-10-16T17:19:41Z,2020-07-01T18:25:40Z,5,1,259,erfannariman,4,0,pr,high
pandas-dev,pandas,29837,"groupby() drops categorical columns when aggregating with isna()",1836,2,2019-11-25T17:37:52Z,2020-06-29T07:26:52Z,7,1,216,biddwan09,1,1,pr,high
pandas-dev,pandas,11238,"column-specific min_itemsize doesn't work with append_to_multiple ",2112,3,2015-10-04T21:27:09Z,2020-06-25T22:56:46Z,9,1,1726,fangchenli,2,1,pr,high
pandas-dev,pandas,32108,"Series with NAMED period index raise error on groupby index.month (pandas 1.0 specific)",7646,4,2020-02-19T15:21:04Z,2020-06-24T22:35:59Z,14,1,126,daxid,1,1,pr,high
pandas-dev,pandas,34860,"BUG: indexing regression with datetime index",909,4,2020-06-18T10:50:14Z,2020-06-24T16:00:50Z,4,1,6,ketanarlulkar,1,1,pr,high
pandas-dev,pandas,21675,"BUG: unstack() does not always sort index in 0.23",1019,3,2018-06-29T07:18:15Z,2020-06-23T20:13:52Z,10,1,725,pdnm,2,1,pr,high
pandas-dev,pandas,34915,"BUG: Cannot create empty dataframe having columns with dtype string",3509,3,2020-06-20T22:24:33Z,2020-06-23T17:45:33Z,2,1,2,prakhar987,5,0,pr,high
pandas-dev,pandas,21049,"BUG: `Series.shift` fails with non-writable array",1030,2,2018-05-15T10:37:07Z,2020-06-23T17:35:57Z,4,1,770,avinashpancham,3,0,pr,high
pandas-dev,pandas,34544,"DOC: DatetimeIndex day says the same as month",361,2,2020-06-03T09:46:35Z,2020-06-22T07:23:31Z,9,1,18,,,,,
pandas-dev,pandas,31111,"Strange groupby apply behaviour",3582,3,2020-01-17T18:18:39Z,2020-06-20T22:24:25Z,9,1,155,Rohith295,1,1,pr,high
pandas-dev,pandas,34867,"DOC: pandas/pandas/core/window/ewm.py",675,3,2020-06-18T21:46:47Z,2020-06-20T22:20:59Z,5,1,2,KrishnaSai2020,1,1,pr,high
pandas-dev,pandas,21142,"BUG: Datetime subclasses are no longer datetime64 types",1560,2,2018-05-20T12:34:06Z,2020-06-20T22:17:52Z,7,1,762,avinashpancham,1,1,pr,high
pandas-dev,pandas,33166,"DOC: document support for in-memory HDFStore",233,4,2020-03-31T05:39:30Z,2020-06-20T20:08:40Z,9,1,81,dennisbakhuis,1,1,pr,high
pandas-dev,pandas,24171,"IntegerNA Support for DataFrame.diff()",2350,4,2018-12-09T16:03:59Z,2020-06-20T16:50:33Z,3,1,559,Marvzinc,1,1,pr,high
pandas-dev,pandas,34893,"CI/TST: html tests are failing with 404 for fdic.gov url",206,2,2020-06-20T12:22:58Z,2020-06-20T13:49:37Z,1,1,0,,,,,
pandas-dev,pandas,28287,"DataFrame.dropna() not working with sparse columns",1689,2,2019-09-04T19:50:41Z,2020-06-20T13:35:18Z,4,1,289,MBrouns,1,1,pr,high
pandas-dev,pandas,34550,"BUG: Series.unique segfaults on invalid unicode",2229,3,2020-06-03T14:41:34Z,2020-06-18T23:08:41Z,6,1,15,suvayu,1,1,pr,high
pandas-dev,pandas,28917,"DataFrame.to_html col_space parameter to change width of a specific column only",415,3,2019-10-11T05:08:34Z,2020-06-18T15:21:38Z,3,1,251,quangngd,6,0,pr,high
pandas-dev,pandas,34593,"DOC: Can't figure out how to get exponential working",2705,2,2020-06-05T07:02:26Z,2020-06-18T00:11:58Z,8,1,12,linnndachen,1,1,pr,high
pandas-dev,pandas,11631,"CLN: tshift & shift could be consolidated",1369,5,2015-11-17T22:45:59Z,2020-06-15T13:20:34Z,2,1,1671,fujiaxiang,15,0,pr,high
pandas-dev,pandas,34605,"BUG: Positional Arguments Passed as a Keyword Argument in Custom Rolling Aggregation",1609,3,2020-06-05T16:53:39Z,2020-06-15T12:53:18Z,6,1,9,gglanzani,2,1,pr,high
pandas-dev,pandas,7002,"BUG/TST: verify that groupby apply with a column aggregation does not return the column",1058,3,2014-04-29T20:26:56Z,2020-06-14T22:20:51Z,6,1,2238,fangchenli,1,1,pr,high
pandas-dev,pandas,34724,"CI: window 37_141 jobs needs to update numpy version",319,3,2020-06-11T23:58:43Z,2020-06-14T14:29:35Z,3,1,2,bharatr21,11,0,pr,high
pandas-dev,pandas,20627,"Modifying dataframe with float values using .iloc and boolean indexing raises ValueError",2506,2,2018-04-07T07:37:18Z,2020-06-13T19:58:21Z,4,1,798,OlivierLuG,6,0,pr,high
pandas-dev,pandas,21275,"shift does not always preserve freqstr if series contains only one or two elements",1819,5,2018-05-31T13:13:29Z,2020-06-04T19:09:56Z,2,1,735,unknown,0,1,pr,high
pandas-dev,pandas,34639,"ENH: Add max_results to `read_gbq`",469,2,2020-06-08T09:03:57Z,2020-06-09T22:17:20Z,1,1,1,JohnPaton,1,1,pr,high
pandas-dev,pandas,34305,"DOC: ""Setting layouts"" plots are hard to read",707,2,2020-05-22T09:50:44Z,2020-06-07T21:23:10Z,8,1,16,najann,2,1,pr,high
pandas-dev,pandas,34480,"DOC: `merge` doc for `indicator` parameter can be improved",1018,2,2020-05-30T09:43:21Z,2020-06-07T20:26:14Z,1,1,8,nnick14,1,1,pr,high
pandas-dev,pandas,24444,"Imprecision when converting Period to timestamp",1131,2,2018-12-26T21:57:30Z,2020-06-07T17:19:57Z,8,1,528,OlivierLuG,5,0,pr,high
pandas-dev,pandas,34427,"CLN: is pandas/tests/data used?",218,3,2020-05-28T11:07:59Z,2020-06-05T23:04:24Z,4,1,8,najann,1,1,pr,high
pandas-dev,pandas,33360,"BUG: Can't disable progress bar for read_gbq",2827,2,2020-04-07T09:13:24Z,2020-06-04T17:41:34Z,5,1,58,sumanau7,5,0,pr,high
pandas-dev,pandas,28981,"Possible regression in comparison operation for interval dtypes",1901,3,2019-10-14T21:36:57Z,2020-06-03T18:04:40Z,4,1,232,OlivierLuG,4,0,pr,high
pandas-dev,pandas,12918,"DataFrame.ffill behaves different than DataFrame.interpolate(method='ffill') along axes",1207,3,2016-04-18T03:07:51Z,2020-06-02T22:42:50Z,8,1,1506,CloseChoice,4,0,pr,high
pandas-dev,pandas,22663,"Operation between DataFrame with non-numeric types and incomplete series",6055,3,2018-09-11T18:09:20Z,2020-06-02T22:21:04Z,1,1,630,OlivierLuG,3,0,pr,high
pandas-dev,pandas,31620,"Does #28827 also apply to applymap?",869,2,2020-02-03T15:02:57Z,2020-06-02T21:04:15Z,3,1,120,alonme,1,1,pr,high
pandas-dev,pandas,34237,"BUG:pd.read_excel does not read xlsb",544,3,2020-05-18T13:57:10Z,2020-06-01T01:41:17Z,3,1,13,miguelmarques1904,1,1,pr,high
pandas-dev,pandas,28980,"Certain comparison operations misbehaving for period dtype",3178,3,2019-10-14T21:30:42Z,2020-05-28T17:17:44Z,3,1,226,OlivierLuG,2,1,pr,high
pandas-dev,pandas,34405,"DOC: add link to benchmarks page in Development docs",136,3,2020-05-27T12:55:18Z,2020-05-27T23:12:06Z,0,1,0,SwordKnight6216,1,1,pr,high
pandas-dev,pandas,32740,"Reindexing two tz-aware (UTC) indices gives 'DatetimeArray subtraction must have the same timezones or no timezones'",5983,2,2020-03-15T23:56:49Z,2020-04-05T18:28:17Z,11,1,20,BenjaminLiuPenrose,2,1,pr,high
pandas-dev,pandas,33953,"DOC: Update numpy website url",353,2,2020-05-03T13:31:39Z,2020-05-05T09:06:18Z,0,1,1,codeloop,1,1,pr,high
pandas-dev,pandas,34288,"DOC: improve pie chart example",582,2,2020-05-21T09:10:02Z,2020-05-23T04:22:05Z,6,1,1,wicky1234444,1,1,pr,high
pandas-dev,pandas,34228,"DOC: Validation script doesn't report that the docstring is correct",673,2,2020-05-17T22:08:37Z,2020-05-22T09:41:38Z,11,1,4,rtm010,1,1,pr,high
pandas-dev,pandas,28813,"Diff on sparse dtype",2241,2,2019-10-07T08:17:59Z,2020-05-22T09:58:31Z,2,1,228,matteosantama,1,1,pr,high
pandas-dev,pandas,33327,"BUG: User-facing AssertionError in Series.to_timestamp",1217,5,2020-04-06T16:03:45Z,2020-05-20T14:05:36Z,10,1,43,vipulr8,2,1,pr,high
pandas-dev,pandas,29463,"""Cannot compare tz-naive and tz-aware datetime-like objects"" when querying DatetimeIndex",1741,2,2019-11-07T14:54:00Z,2020-05-20T05:40:36Z,6,1,194,vipulr8,1,1,pr,high
pandas-dev,pandas,33564,"DOC: rename_axis 'columns' param",2098,2,2020-04-15T12:16:54Z,2020-05-19T14:57:52Z,8,1,34,gabsmoreira,1,1,pr,high
pandas-dev,pandas,10355,"BUG: STD modifies groupby target column when as_index=False",1162,3,2015-06-15T08:14:27Z,2020-05-19T12:56:49Z,11,1,1800,rhshadrach,4,0,pr,high
pandas-dev,pandas,12412,"Add type stub files to python's typeshed",157,3,2016-02-22T02:41:47Z,2020-05-18T17:09:56Z,21,1,1547,,,,,
pandas-dev,pandas,34026,"DOC: Series.str.rstrip() and Series.str.lstrip() have incorrect description at the top",642,2,2020-05-06T14:32:01Z,2020-05-16T19:13:46Z,2,1,10,moaraccounts,1,1,pr,high
pandas-dev,pandas,21793,"BUG: PeriodIndex comparisons break on listlike",447,4,2018-07-07T16:40:30Z,2020-05-15T12:58:18Z,1,1,677,jnecus,1,1,pr,high
pandas-dev,pandas,28552,"DataFrame[list[Series[datetime64ns, tz]]] drops timezone information",2164,5,2019-09-20T16:36:45Z,2020-05-12T13:32:09Z,5,1,234,unknown,0,1,pr,high
pandas-dev,pandas,25190,"DataFrame.interpolate(axis='columns') throws exception while DataFrame.interpolate(axis=1) not",1630,4,2019-02-06T16:06:32Z,2020-05-12T13:30:48Z,10,1,460,simonjayhawkins,278,0,pr,high
pandas-dev,pandas,33061,"DateTimeIndex.tz_convert() does not apply DST from 2038 onward",3147,4,2020-03-27T06:37:37Z,2020-05-10T14:41:06Z,17,1,44,telferm57,1,1,pr,high
elastic,elasticsearch,59190,"Add Boolean#parseBoolean to forbidden-apis",645,4,2020-07-07T19:02:03Z,2025-07-08T12:09:11Z,12,1,1826,kvanerum,1,1,pr,high
elastic,elasticsearch,128966,"Removing index blocks should not use settings API",569,4,2025-06-05T09:13:40Z,2025-06-24T20:16:15Z,5,1,19,HyunSangHan,1,1,pr,high
elastic,elasticsearch,128129,"[ILM & TSDS] ILM needs to wait for `end_time` before it ""unfollows""",1031,6,2025-05-19T10:13:40Z,2025-06-17T06:39:53Z,3,1,28,happysubin,1,1,pr,high
elastic,elasticsearch,128128,"[ILM & TSDS] Inject an unfollow action before executing a downsample action.",1253,6,2025-05-19T10:10:00Z,2025-06-05T05:53:14Z,8,1,16,Anirudh2112,1,1,pr,high
elastic,elasticsearch,104160,"[ML] GetDatafeedRunningStateAction can fail if multiple local datafeed tasks exist",10178,4,2024-01-09T20:15:01Z,2025-04-01T13:16:18Z,4,1,447,hye-on,1,1,pr,high
elastic,elasticsearch,60168,"elasticsearch highlight lose character when index_options=offsets",3661,5,2020-07-24T08:52:59Z,2025-01-05T17:07:00Z,10,1,1626,,,,,
elastic,elasticsearch,38449,"Deserialize timeZone with DateUtils in RangeQueryBuilder",196,3,2019-02-05T17:14:11Z,2024-12-06T09:29:32Z,10,1,2130,polyfractal,354,0,pr,medium
elastic,elasticsearch,33508,"Protection against too many deprecation warnings",889,4,2018-09-07T13:45:10Z,2024-11-27T07:54:45Z,10,1,2272,,,,,
elastic,elasticsearch,112274,"getCgroupV2CpuStats get exception when parse unsigned 64 bit number",2156,4,2024-08-28T09:49:26Z,2024-11-19T08:24:51Z,6,1,82,SouradipPoddar,1,1,pr,medium
elastic,elasticsearch,115476,"[CI] ScheduledEventTests testBuild_SucceedsWithDefaultSkipResultAndSkipModelUpdatesValues failing",1996,5,2024-10-23T21:26:34Z,2024-11-04T15:25:38Z,5,1,11,dan-rubinstein,16,0,pr,high
elastic,elasticsearch,44588,"[DOCS] Link Snapshot and Restore and SLM together",307,4,2019-07-18T18:50:05Z,2019-08-09T21:35:31Z,3,1,22,wchrisdean,1,1,pr,medium
elastic,elasticsearch,41591,"[DOCS] Update text for chunk size",724,3,2019-04-26T16:34:55Z,2019-08-14T18:47:08Z,5,1,110,wchrisdean,2,1,pr,high
elastic,elasticsearch,23363,"Expose the new SimplePatternTokenizer and SimplePatternSplitTokenizer",275,4,2017-02-25T01:31:08Z,2017-06-13T20:38:18Z,6,1,108,andyb-elastic,1,1,pr,medium
elastic,elasticsearch,22821,"Add default logging for allocate_*_primary reroute commands",354,4,2017-01-26T18:35:14Z,2017-08-22T00:09:56Z,3,1,207,andyb-elastic,7,0,pr,medium
elastic,elasticsearch,26026,"Bulk API in High Level Rest Client does not support global parameters",636,1,2017-08-02T15:34:32Z,2018-10-30T08:08:13Z,18,1,453,pgomulka,3,0,pr,high
elastic,elasticsearch,15115,"Indexing completion type fields with multi-fields fails",705,4,2015-11-30T14:57:25Z,2018-10-02T12:32:57Z,5,1,1036,pgomulka,1,1,pr,high
elastic,elasticsearch,19251,"Blank field names should be illegal",257,6,2016-07-04T12:58:17Z,2016-08-29T02:52:19Z,0,1,55,johtani,64,0,pr,high
elastic,elasticsearch,16925,"Explain param to Analyze API not coerced",807,5,2016-03-03T12:48:42Z,2016-03-08T08:00:19Z,0,1,4,johtani,51,0,commit,medium
elastic,elasticsearch,16219,"Analysis API doesn't respect node level default analyzer setting",337,5,2016-01-26T07:21:02Z,2016-04-26T14:17:28Z,8,1,91,,,,,
elastic,elasticsearch,15189,"analyze api accepts ""filters"" while create index relies on ""filter""",199,4,2015-12-02T16:13:44Z,2016-04-21T09:59:03Z,5,1,140,johtani,55,0,pr,high
elastic,elasticsearch,10109,"cat health not respecting 'ts' parameter",1055,4,2015-03-16T18:17:08Z,2016-04-13T09:56:12Z,2,1,393,johtani,54,0,pr,high
elastic,elasticsearch,5866,"The scroll, clear scroll and analyze apis should support json in request body",476,4,2014-04-18T07:38:36Z,2015-04-22T09:11:33Z,3,1,369,johtani,40,0,commit,medium
elastic,elasticsearch,4704,"Remove StandardHtmlAnalyzer",247,5,2014-01-13T10:43:25Z,2019-01-09T03:42:01Z,5,1,1821,johtani,89,0,pr,high
elastic,elasticsearch,21191,"Mistake in documentaion regarding maximum level of QuadPrefixTree(29 not 50)",1408,3,2016-10-31T05:19:58Z,2018-05-03T16:48:22Z,3,1,549,Sue-Gallagher,4,0,pr,high
elastic,elasticsearch,16444,"Java heap space Error on document indexing with spatial field",1972,5,2016-02-04T09:25:45Z,2020-08-11T14:03:44Z,10,1,1650,,,,,
elastic,elasticsearch,15179,"Geohash query not working after migrating to Elasticsearch 2.0/2.1",13877,3,2015-12-02T11:51:48Z,2016-03-09T15:36:33Z,2,1,98,nknize,73,0,pr,high
elastic,elasticsearch,13892,"Add ImmutableGeoPoint Class",385,3,2015-10-01T21:17:24Z,2018-03-26T20:03:37Z,10,1,906,,,,,
elastic,elasticsearch,9511,"Hole is not within polygon",646,7,2015-01-30T16:45:24Z,2015-04-10T17:10:51Z,14,1,70,nknize,33,0,commit,medium
elastic,elasticsearch,9080,"[GEO] GIS envelope validation",3509,6,2014-12-28T19:04:58Z,2014-12-30T17:58:51Z,0,1,1,nknize,20,0,pr,high
elastic,elasticsearch,2544,"[crash] ES should reorder envelope corners",481,6,2013-01-14T13:03:11Z,2014-12-30T17:58:51Z,6,1,715,nknize,20,0,pr,high
elastic,elasticsearch,19484,"Rollover API Numbering not honouring preceding zeroes",794,4,2016-07-18T17:03:57Z,2016-07-28T15:44:50Z,7,1,9,areek,346,0,pr,high
elastic,elasticsearch,6483,"Admin: Expose IndexWriter and versionMap RAM usage in stats",172,4,2014-06-12T13:34:06Z,2014-07-15T00:13:24Z,0,1,32,areek,6,0,commit,medium
elastic,elasticsearch,21312,"_source doesn't work on parent inner_hits",2707,3,2016-11-03T17:41:58Z,2017-05-15T17:24:12Z,12,1,192,,,,,
elastic,elasticsearch,18139,"NPE when calling non existing ingest pipeline",1560,3,2016-05-04T14:58:46Z,2016-05-06T20:34:22Z,3,1,2,talevy,98,0,pr,high
elastic,elasticsearch,110858,"Improve exception message for bad `${ENV_VAR}` substitution in `elasticsearch.yml`",1358,5,2024-07-15T05:46:02Z,2024-10-11T10:00:41Z,4,1,88,minkichoe,1,1,pr,high
elastic,elasticsearch,108838,"Optimize error handling after lazy rollovers",650,5,2024-05-20T19:22:49Z,2024-09-26T14:42:58Z,6,1,128,Kushal-Dalasaniya,1,1,pr,high
elastic,elasticsearch,97693,"Aliases in indices_boost not allowed in combination with Point in Time",5859,6,2023-07-14T15:05:26Z,2024-09-23T14:10:48Z,8,1,436,,,,,
elastic,elasticsearch,111570,"[CI] ModelRegistryIT testGetModel failing",3617,5,2024-08-03T13:21:09Z,2024-08-21T12:37:23Z,8,1,17,maitreya2954,2,1,pr,high
elastic,elasticsearch,109391,"[CI] InferenceCrudIT testDeleteEndpointWhileReferencedByPipeline failing",28953,5,2024-06-05T11:38:57Z,2024-08-20T16:52:31Z,5,1,76,maxhniebergall,63,0,pr,high
elastic,elasticsearch,108841,"[CI] RandomSamplerIT testRandomSamplerConsistentSeed failing",6767,5,2024-05-21T04:46:45Z,2024-07-26T17:54:42Z,4,1,66,ivamly,1,1,pr,high
elastic,elasticsearch,94095,"Explicit minimum_should_match number support for Terms Set Query",1574,5,2023-02-23T21:31:25Z,2023-09-25T12:36:38Z,14,1,213,Kiriakos1998,5,0,pr,medium
elastic,elasticsearch,85710,"Create analyzer accepting any random param and returning that in response as well",1780,5,2022-04-06T07:44:58Z,2024-07-18T10:26:01Z,18,1,834,,,,,
elastic,elasticsearch,14641,"Dates and epoch_millis as floats",1107,5,2015-11-10T02:35:19Z,2017-08-13T05:35:46Z,7,1,642,albertzaharovits,2,1,pr,high
elastic,elasticsearch,12873,"Add epoch_ms to dynamic dates with format `yyyy/MM/dd`",727,5,2015-08-14T10:11:43Z,2015-08-19T09:30:24Z,0,1,4,jasontedor,38,0,pr,high
elastic,elasticsearch,12429,"Use underscores instead of camel-casing for date formats",160,5,2015-07-23T19:20:36Z,2015-07-28T20:57:45Z,2,1,5,bookshelfdave,1,1,pr,high
elastic,elasticsearch,22621,"Range queries do not support time_zone with epoch fields",3230,5,2017-01-13T19:37:35Z,2017-03-28T12:45:39Z,9,1,73,sneivandt,1,1,commit,medium
elastic,elasticsearch,17920,"Use epoch seconds in `to` and `from` fields of date range aggregation `ranges` objects.",930,5,2016-04-21T21:50:52Z,2017-07-18T07:45:28Z,4,1,452,cbuescher,762,0,pr,high
elastic,elasticsearch,25861,"Remove the coerce option on numeric fields.",592,5,2017-07-24T13:13:27Z,2022-08-18T16:07:07Z,23,1,1851,scottsom,0,1,pr,medium
elastic,elasticsearch,24096,"Doc: Clarify count for index.mapping.total_fields.limit",898,5,2017-04-13T21:27:12Z,2018-09-05T16:27:22Z,4,1,509,cbuescher,833,0,pr,high
elastic,elasticsearch,12464,"Rename `lat_lon` to `index` on geo-points",146,6,2015-07-25T22:18:25Z,2016-05-03T14:23:03Z,4,1,282,,,,,
elastic,elasticsearch,12439,"NPE when querying `_all` field with no fields",2825,6,2015-07-24T13:19:27Z,2015-07-28T14:21:00Z,0,1,4,nik9000,39,0,pr,high
elastic,elasticsearch,12329,"Make `_index` field non-configurable",237,5,2015-07-19T13:13:47Z,2015-07-21T07:30:00Z,4,1,1,rjernst,285,0,pr,high
elastic,elasticsearch,12169,"Dynamic templates",888,5,2015-07-09T18:54:22Z,2017-02-17T13:58:12Z,8,1,588,,,,,
elastic,elasticsearch,11861,"Remove `default_index` analyzer name in favour of just `default`",159,5,2015-06-24T19:43:06Z,2015-10-12T21:24:21Z,0,1,110,jpountz,650,0,pr,high
elastic,elasticsearch,11750,"Querystring treats nonexistent wildcard fields as existing in AND expression",1563,5,2015-06-18T13:49:36Z,2018-11-22T11:00:54Z,4,1,1252,,,,,
elastic,elasticsearch,11498,"[Bug] 'ignore_malformed' applied to a malformed (boolean) numeric field does not work ",1194,5,2015-06-04T16:30:13Z,2019-04-17T16:44:08Z,5,1,1413,cbuescher,833,0,pr,high
elastic,elasticsearch,11237,"copy_to needs top level object ",206,6,2015-05-19T20:00:33Z,2015-12-07T13:16:18Z,2,1,201,jimczi,4,0,pr,high
elastic,elasticsearch,11053,"Limit multi fields to relevant settings",276,5,2015-05-08T07:35:42Z,2019-04-16T17:50:27Z,6,1,1439,,,,,
elastic,elasticsearch,8044,"Exception should be thrown if trying to enable ordinals on numeric/date field",1299,5,2014-10-09T22:45:29Z,2016-08-24T15:32:07Z,3,1,684,,,,,
elastic,elasticsearch,4320,"Inconsistent query behavior with multi_field and string value",1319,6,2013-12-03T05:25:59Z,2015-12-15T11:36:02Z,4,1,742,,,,,
elastic,elasticsearch,3877,"default to strict dynamic types when dynamic mapping is disabled",670,5,2013-10-10T17:48:45Z,2016-11-06T10:21:48Z,3,1,1122,mattweber,13,0,pr,medium
elastic,elasticsearch,2401,"Dynamic template with match_mapping_type ignored when there's a match ""*"" after it",2062,5,2012-11-12T14:42:33Z,2016-05-31T10:13:23Z,13,1,1295,jpountz,925,0,pr,high
elastic,elasticsearch,18515,"Non descriptive enough error when reindexing incorrect data",1948,6,2016-05-23T09:45:31Z,2018-03-14T02:13:05Z,5,1,659,,,,,
elastic,elasticsearch,15381,"Config `index.mapper.dynamic: false` is not honored.",1449,5,2015-12-10T21:41:38Z,2015-12-30T21:23:48Z,2,1,19,,,,,
elastic,elasticsearch,15345,"Similarity module is broken",589,5,2015-12-09T19:06:44Z,2018-03-13T14:07:43Z,21,1,824,,,,,
elastic,elasticsearch,15081,"The `_index` field mapping does not accept `enabled`",737,5,2015-11-28T12:34:18Z,2015-11-30T07:43:52Z,2,1,1,clintongormley,709,0,commit,medium
elastic,elasticsearch,14983,"Set soft limit on the number of nested fields per index",393,5,2015-11-24T20:06:09Z,2016-01-19T09:33:09Z,2,1,55,ywelsch,0,1,pr,high
elastic,elasticsearch,14383,"Upgrading fields with only `search_analyzer` specified",303,5,2015-10-30T12:32:21Z,2015-11-18T14:05:42Z,1,1,19,colings86,319,0,pr,high
elastic,elasticsearch,14256,"`_default_`-mapping needs to allow for negation of `_parent` ",1330,6,2015-10-23T00:28:57Z,2017-11-10T15:08:42Z,3,1,749,,,,,
elastic,elasticsearch,13237,"Deprecate eager/lazy norms loading",133,5,2015-09-01T09:48:46Z,2017-06-15T08:57:17Z,2,1,652,,,,,
elastic,elasticsearch,13178,"fielddata_fields for _all doesn't display all the terms",626,5,2015-08-28T14:26:15Z,2018-03-16T10:17:59Z,3,1,930,,,,,
elastic,elasticsearch,12874,"Murmur3 fields should not be indexed",242,5,2015-08-14T10:18:21Z,2015-08-18T10:09:32Z,0,1,3,jpountz,601,0,pr,high
elastic,elasticsearch,27701,"Improve error message for whitespace-only JSON field names",4748,5,2017-12-07T13:12:08Z,2017-12-08T20:46:57Z,6,1,1,olcbean,24,0,pr,high
elastic,elasticsearch,26575,"Range queries on range fields accept `relation: disjoint` but treat it as `relation: intersects`",74,5,2017-09-11T13:44:35Z,2017-09-15T12:01:36Z,2,1,3,liketic,0,1,pr,high
elastic,elasticsearch,26500,"Typo in date format",592,4,2017-09-04T22:26:38Z,2017-09-25T15:01:39Z,3,1,20,liketic,0,1,pr,high
elastic,elasticsearch,24928,"null pointer exception with token_count data type and indexing a null value",10714,5,2017-05-29T04:22:34Z,2017-06-09T12:13:31Z,3,1,11,fred84,1,1,pr,medium
elastic,elasticsearch,23687,"Explain mapping explosion",359,4,2017-03-21T23:53:51Z,2017-08-03T06:48:35Z,5,1,134,matarrese,3,0,pr,high
elastic,elasticsearch,89542,"Boolean field to support ignore_malformed",538,5,2022-08-23T13:43:46Z,2023-02-21T17:22:15Z,14,1,182,devnamrits,2,1,pr,medium
elastic,elasticsearch,89485,"Enhancement of ""Text fields are not optimised for operations ..."" log message",2671,5,2022-08-19T09:14:30Z,2022-09-13T15:13:45Z,3,1,25,sakurai-youhei,2,1,pr,high
elastic,elasticsearch,15196,"Improve ""Analyzer [my_analyzer] must have a type associated with it"" error",661,5,2015-12-02T17:50:38Z,2016-07-27T12:40:13Z,3,1,237,,,,,
elastic,elasticsearch,13325,"Expose lucene FingerprintFilter",191,6,2015-09-03T19:24:03Z,2016-04-20T20:10:56Z,1,1,230,polyfractal,83,0,pr,high
elastic,elasticsearch,4709,"Specify an empty stopwords list with an empty array",177,5,2014-01-13T18:26:09Z,2016-11-06T11:19:15Z,2,1,1027,,,,,
elastic,elasticsearch,18362,"Add regex flags to pattern-replace character filter",161,5,2016-05-15T14:19:24Z,2016-06-09T16:39:23Z,2,1,25,gfyoung,1,1,pr,high
elastic,elasticsearch,18244,"Deprecate analyser aliases?",246,5,2016-05-10T14:14:57Z,2016-08-15T20:17:58Z,1,1,97,abeyad,0,1,pr,high
elastic,elasticsearch,17140,"Defining a custom analyzer should a accept `token_filters` settings",1044,4,2016-03-16T12:42:34Z,2016-04-20T13:05:19Z,2,1,35,,,,,
elastic,elasticsearch,15492,"Error message failure when analyzer created without tokenizer",668,5,2015-12-16T21:49:48Z,2016-05-19T13:47:22Z,1,1,154,jeff303,1,1,pr,medium
elastic,elasticsearch,21978,"Rename `delimiter_payload_filter` to `delimiter_payload`.",145,5,2016-12-05T16:38:02Z,2017-11-24T12:03:20Z,3,1,353,liketic,0,1,pr,high
elastic,elasticsearch,27310,"Normalizer doesn’t like trim filter",232,5,2017-11-07T19:23:48Z,2017-12-18T14:27:04Z,10,1,40,romseygeek,2,1,pr,high
elastic,elasticsearch,101803,"Inconsistent Text Trimming in `Unified` Highlighter with `number_of_fragments` Set to `0`",1496,4,2023-11-04T10:14:01Z,2024-03-22T15:07:00Z,3,1,139,yashdamani,1,1,pr,high
elastic,elasticsearch,22823,"IcuFoldingTokenFilter still accepts camelCase parameter",251,5,2017-01-26T19:42:01Z,2018-11-01T10:06:52Z,6,1,643,liketic,0,1,pr,high
elastic,elasticsearch,16561,"No documentation on what stopwords are in each set",93,4,2016-02-09T22:05:40Z,2020-03-03T18:05:13Z,9,1,1483,jrodewig,363,0,pr,high
elastic,elasticsearch,13146,"Add support for ICUTokenizerFactory and customizing the rule file in ICU tokenizer",1045,6,2015-08-27T15:34:05Z,2016-04-22T19:59:06Z,2,1,239,xuzha,13,0,pr,high
elastic,elasticsearch,85946,"Keyword tokenizer + keep_types filter causing empty string to be returned as only token",1267,6,2022-04-16T10:12:01Z,2022-06-13T09:28:51Z,16,1,57,amitmbm,8,0,pr,medium
elastic,elasticsearch,39665,"Example rescore plugin sorted order is not used",619,5,2019-03-04T19:07:20Z,2023-10-04T09:28:23Z,7,1,1674,pmpailis,3,0,pr,high
elastic,elasticsearch,31775,"Scroll API fails to apply Rescore query",1468,5,2018-07-03T18:27:59Z,2018-08-28T19:48:24Z,5,1,56,not-napoleon,1,1,pr,high
elastic,elasticsearch,94028,"Highlighting: `encoder` and `tags_schema` are not accepted on a field level ",5894,4,2023-02-22T17:40:02Z,2024-04-11T15:24:49Z,5,1,413,Leuteris,1,1,pr,high
elastic,elasticsearch,24318,"Fast vector highlighting span queries for nested documents",2716,5,2017-04-25T17:12:54Z,2018-11-08T10:09:03Z,4,1,561,j-haj,1,1,pr,high
elastic,elasticsearch,21802,"`require_field_match` should accept ""true""|""false""",665,3,2016-11-25T16:00:33Z,2017-05-15T16:15:21Z,4,1,171,javanna,1706,0,pr,high
elastic,elasticsearch,3588,"Support highlight encoders provided via plugins",213,5,2013-08-28T08:32:28Z,2018-03-14T09:31:35Z,3,1,1659,,,,,
elastic,elasticsearch,69009,"`pre_tags` and `post_tags` params not validated for empty values",2262,4,2021-02-15T21:01:56Z,2024-03-21T18:31:51Z,3,1,1129,white-cc,1,1,pr,high
elastic,elasticsearch,33200,"CompletionFieldMapper should ignore null values",276,4,2018-08-28T11:37:33Z,2018-09-03T14:50:38Z,3,1,6,jimczi,465,0,pr,medium
elastic,elasticsearch,40405,"Percolate query ignores ""name"" parameter",5984,4,2019-03-25T12:22:37Z,2019-05-28T07:37:05Z,7,1,63,gurkankaymak,1,1,pr,high
elastic,elasticsearch,13827,"Add doc match score support to percolate api",1379,4,2015-09-28T13:15:54Z,2016-03-31T08:12:12Z,5,1,184,martijnvg,1478,0,pr,high
elastic,elasticsearch,11264,"Using a query in Percolate should implicitly enable track_scores",822,5,2015-05-20T17:35:26Z,2016-03-21T11:36:42Z,2,1,305,martijnvg,1467,0,pr,high
elastic,elasticsearch,10500,"Cannot put percolator query on geo_shape field",1925,5,2015-04-09T09:04:49Z,2016-01-29T10:57:22Z,8,1,295,martijnvg,1434,0,pr,medium
elastic,elasticsearch,9386,"Percolator is ignoring position_offset_gap",1500,5,2015-01-22T17:29:03Z,2016-04-12T08:51:15Z,2,1,445,martijnvg,1488,0,commit,medium
elastic,elasticsearch,106455,"Security Auto-Configuration: Transport CA is named ""HTTP CA""",478,4,2024-03-19T08:02:18Z,2024-07-08T01:36:50Z,3,1,110,adityakukankar,1,1,pr,high
elastic,elasticsearch,109337,"[Logging] Enhance error logging to include index name during field limit exceedance",2026,4,2024-06-04T08:41:08Z,2024-06-21T21:45:38Z,3,1,17,,,,,
elastic,elasticsearch,108486,"Limit the value in prefix query ",122,4,2024-05-09T20:23:55Z,2024-06-05T18:51:08Z,6,1,26,lorenzoverardo,1,1,pr,high
elastic,elasticsearch,107840,"PUT /_snapshot/{repository} with invalid repository configuration returns an error response but still successfully changes the config",1433,4,2024-04-24T13:24:53Z,2024-05-31T21:50:17Z,8,1,37,mhl-b,6,0,pr,high
elastic,elasticsearch,35595,"Watcher: Description field added potentially searchable",290,4,2018-11-15T15:35:56Z,2024-05-08T21:27:36Z,6,1,2001,,,,,
elastic,elasticsearch,20936,"Force merge does not compress index if already at 1 segment",964,4,2016-10-14T08:04:59Z,2024-05-08T20:46:16Z,12,1,2763,,,,,
elastic,elasticsearch,24898,"Update by query should support short script form and `doc`",351,4,2017-05-26T07:56:29Z,2018-03-20T14:59:30Z,13,1,298,pozhidaevak,2,1,pr,medium
elastic,elasticsearch,102981,"add validation on _id field when upsert new doc",2286,4,2023-12-05T12:59:09Z,2024-01-17T15:33:16Z,8,1,43,wdongyu,1,1,pr,high
elastic,elasticsearch,18691,"Improve Matrix Agg RunningStats performance by using field ordinals as hash keys",126,5,2016-06-01T21:47:27Z,2024-01-12T14:29:33Z,10,1,2780,,,,,
elastic,elasticsearch,19546,"Create a percentile_ranks_bucket pipeline aggregation",346,5,2016-07-22T08:24:17Z,2024-01-12T14:25:59Z,10,1,2730,,,,,
elastic,elasticsearch,61771,"Make msearch line format less lenient",712,6,2020-09-01T09:12:13Z,2024-01-04T12:34:32Z,5,1,1220,limotova,1,1,pr,high
elastic,elasticsearch,101873,"Add support for proxy scheme in S3 repository client",941,5,2023-11-07T13:23:34Z,2023-11-24T08:33:22Z,11,1,16,heissanjay,1,1,pr,high
elastic,elasticsearch,99614,"Failing bootstrap checks should link to reference docs",547,5,2023-09-17T07:39:47Z,2023-09-21T06:45:30Z,9,1,3,NEUpanning,2,1,pr,high
elastic,elasticsearch,94544,"Optimize ContentPath#pathAsText",776,4,2023-03-20T12:58:46Z,2023-09-13T11:02:15Z,18,1,176,dorukguner,1,1,pr,medium
elastic,elasticsearch,97101,"Transform incorrectly calculates date bucket after updating older data",3552,4,2023-06-26T10:58:55Z,2023-08-07T15:05:04Z,18,1,42,alyokaz,2,1,pr,high
elastic,elasticsearch,86106,"Ingest date processor: Support nanosecond precision with UNIX format",1456,4,2022-04-23T02:28:40Z,2023-09-08T19:59:05Z,4,1,503,r00tu53r,0,1,pr,medium
elastic,elasticsearch,83010,"Remove all fields other than a defined list",512,4,2022-01-25T01:16:06Z,2022-03-07T15:35:27Z,10,1,41,zembrzuski,0,1,pr,medium
elastic,elasticsearch,85851,"[DOCS] Consolidate CircuitBreakers",877,5,2022-04-13T02:28:15Z,2022-10-14T11:33:56Z,5,1,184,pdsing,0,1,pr,medium
elastic,elasticsearch,88605,"[ML] Weird advice from explain endpoint about aggregatable fields for DFA index with ""subobjects"" : false",7767,4,2022-07-08T15:33:46Z,2023-07-17T14:27:47Z,6,1,373,maxhniebergall,0,1,pr,high
elastic,elasticsearch,95741,"Improve MatchNoDocsQuery description",541,5,2023-05-02T15:16:06Z,2023-06-30T15:49:25Z,6,1,59,alexgorunescu97,0,1,pr,high
elastic,elasticsearch,97181,"[ML] Reduce debug log noise from frequent ml API calls",2575,4,2023-06-28T11:57:04Z,2023-06-29T18:37:46Z,2,1,1,maxhniebergall,0,1,pr,high
elastic,elasticsearch,85487,"Improve error message for `ccs_force_fail` mode flag ",840,4,2022-03-30T09:27:18Z,2023-06-28T15:27:22Z,1,1,455,quux00,0,1,pr,high
elastic,elasticsearch,96874,"Cluster bootstrap warning incorrectly emitted for `discovery.type: single-node`",377,4,2023-06-15T14:01:11Z,2023-06-26T07:22:01Z,3,1,10,NEUpanning,0,1,pr,high
elastic,elasticsearch,95149,"Support null_value for rank_feature field type",128,5,2023-04-11T12:27:04Z,2023-05-23T16:52:38Z,9,1,42,mayya-sharipova,0,1,pr,high
elastic,elasticsearch,95663,"top_metrics aggregation should fail if it contains sub aggregations",721,4,2023-04-28T10:53:17Z,2023-05-23T09:57:36Z,9,1,24,shans96,0,1,pr,high
elastic,elasticsearch,61591,"Add min_doc_count to bucketing aggregations",1199,4,2020-08-26T15:40:20Z,2023-05-10T16:33:26Z,7,1,987,,,,,
elastic,elasticsearch,95817,"Import dangling index API - incorrect log message",1433,4,2023-05-04T05:41:53Z,2023-05-09T05:41:45Z,4,1,4,shreya-sagar,0,1,pr,high
elastic,elasticsearch,83957,"Add ability to override keyed parameter in filters aggregation",2596,4,2022-02-15T15:58:19Z,2023-04-10T17:53:29Z,13,1,419,amooncake,0,1,pr,high
elastic,elasticsearch,50481,"Add min_doc_count option to geo grid aggregations",1397,4,2019-12-24T07:45:19Z,2023-04-04T14:24:20Z,9,1,1197,,,,,
elastic,elasticsearch,83363,"Search Template API Explain Query String Argument Ignored",1271,5,2022-02-01T11:44:37Z,2023-03-30T18:34:26Z,8,1,422,jackpan123,0,1,pr,high
elastic,elasticsearch,47678,"Rest only High Level APIs completeness",706,3,2019-10-07T17:16:55Z,2023-03-24T14:58:17Z,50,1,1263,hub-cap,0,1,pr,medium
elastic,elasticsearch,30405,"Add test for QueryExplanation serialization backwards compatibility ",88,4,2018-05-04T23:26:11Z,2023-02-10T23:13:40Z,6,1,1742,pcsanwald,0,1,pr,medium
elastic,elasticsearch,27583,"Remove `index.optimize_auto_generated_id`",108,4,2017-11-29T13:28:06Z,2019-02-16T18:34:12Z,11,1,444,liketic,0,1,pr,high
elastic,elasticsearch,2661,"Short response for Bulk API",581,3,2013-02-18T16:22:54Z,2016-12-09T10:53:22Z,29,1,1389,Gillani0,0,1,pr,medium
elastic,elasticsearch,89263,"Wrapper query docs refer to transport client and HLRC",336,5,2022-08-11T06:52:09Z,2022-12-15T15:14:32Z,10,1,126,apurvsibal,0,1,pr,medium
elastic,elasticsearch,92098,"Allocation settings docs also include miscellaneous (unrelated) cluster settings",296,4,2022-12-05T13:45:07Z,2022-12-14T10:59:12Z,1,1,8,amyjtechwriter,0,1,pr,medium
elastic,elasticsearch,90630,"Fix links to Apache HTTP Client doc",523,4,2022-10-04T08:24:46Z,2022-12-07T14:38:07Z,9,1,64,thiagobarbosa,0,1,pr,medium
elastic,elasticsearch,55065,"SQL: Implement DATE_FORMAT function",666,4,2020-04-10T14:34:20Z,2022-11-17T13:42:31Z,29,1,950,didendron,0,1,pr,medium
elastic,elasticsearch,91280,"APM log_file option is not Windows friendly",483,6,2022-11-03T14:48:50Z,2022-11-15T20:21:32Z,2,1,12,,,,,
elastic,elasticsearch,84741,"[DOCS] DLS/FLS no longer disable shard request cache.",408,5,2022-03-08T00:09:19Z,2022-10-14T19:52:42Z,6,1,220,arpitbhardwaj,0,1,pr,medium
elastic,elasticsearch,86875,"Support fields under body as well as in url for field_caps API.",461,5,2022-05-18T01:57:58Z,2022-08-04T17:44:50Z,12,1,78,likzn,0,1,pr,high
elastic,elasticsearch,85207,"MetadataIndexStateService block log messages are confusing",664,5,2022-03-22T09:54:14Z,2022-08-03T15:21:36Z,2,1,134,mslowiak,0,1,pr,high
elastic,elasticsearch,20004,"Search reduce failures map to 503 status code",1142,4,2016-08-16T13:13:58Z,2022-07-22T15:23:37Z,14,1,2166,salvatore-campagna,0,1,pr,high
elastic,elasticsearch,74162,"Prevent ES from writing to /tmp on startup",394,5,2021-06-16T07:40:17Z,2022-07-20T16:59:04Z,5,1,399,,,,,
elastic,elasticsearch,74163,"Use ES_TMPDIR instead of java.io.tmpdir",736,4,2021-06-16T07:43:07Z,2022-07-20T16:58:14Z,15,1,399,,,,,
elastic,elasticsearch,77717,"GeoBoundingBox query should work on bounding box with equal latitude or longitude",998,4,2021-09-14T15:33:45Z,2022-04-26T12:50:02Z,12,1,223,jchrys,0,1,pr,high
elastic,elasticsearch,6942,"bin/plugin on a system where JAVA_HOME contains spaces fails",472,4,2014-07-21T12:48:06Z,2016-11-25T18:24:08Z,13,1,858,EricccccZhang,0,1,pr,medium
elastic,elasticsearch,29268,"Stricter `UpdateSettingsRequest` parsing on the REST layer",836,5,2018-03-27T17:12:39Z,2021-12-01T16:43:40Z,7,1,1344,olcbean,0,1,pr,medium
elastic,elasticsearch,70108,"top_metrics needs a test for flattened fields",231,3,2021-03-08T18:54:15Z,2021-10-20T14:02:54Z,16,1,225,nilanshu96,0,1,pr,medium
elastic,elasticsearch,63784,"Add KeyUsage, ExtendedKeyUsage, CipherSuite & Protocol to SSL diagnostics",466,5,2020-10-16T00:56:38Z,2021-08-16T03:19:37Z,9,1,304,sindhusp,0,1,pr,high
elastic,elasticsearch,51132,"_security API not accepting 2y bcrypt hashes",1912,4,2020-01-16T22:42:19Z,2021-08-13T06:24:32Z,8,1,574,tvernum,0,1,pr,medium
elastic,elasticsearch,75701,"JarHell Bootstrap Check can yield false positives",3004,5,2021-07-26T19:09:23Z,2021-08-12T16:38:11Z,7,1,16,BalasubramanyamEvani,0,1,pr,medium
elastic,elasticsearch,44070,"Allow adjustment of index resource constraints in ILM phase transitions",1337,4,2019-07-08T13:07:03Z,2021-08-11T21:35:47Z,17,1,765,masseyke,0,1,pr,high
elastic,elasticsearch,30944,"certutil: large passwords not set",612,4,2018-05-30T01:33:17Z,2021-08-02T04:54:54Z,15,1,1160,MiguelFerreira1998,0,1,pr,medium
elastic,elasticsearch,49927,"Prevent illegal `max_query_terms` values in MLT query",292,5,2019-12-06T16:49:07Z,2019-12-09T13:39:15Z,1,1,2,vishnuchilamakuru,0,1,pr,medium
elastic,elasticsearch,70336,"Improve human-readability of ILM timing error message",1101,5,2021-03-11T20:36:45Z,2021-07-13T20:45:46Z,5,1,124,Esduard,0,1,pr,high
elastic,elasticsearch,29714,"Log REST target with 403",639,7,2017-02-10T17:35:16Z,2021-07-07T08:12:41Z,23,1,1607,,,,,
elastic,elasticsearch,72786,"Prevent or Warn when creating or updating an ILM policy using rollover with max_docs set to a value larger than the possible Lucene max docs limit",1569,4,2021-05-06T05:25:08Z,2021-06-17T16:38:47Z,8,1,42,,,,,
elastic,elasticsearch,63451,"Fix error reporting for SSL resources outside of config dir",309,4,2020-10-08T04:18:57Z,2021-06-07T03:30:22Z,6,1,241,filipdav,0,1,pr,high
elastic,elasticsearch,60668,"Painless convenience function for matching IP addresses",122,5,2020-08-04T16:39:07Z,2021-04-05T14:43:09Z,15,1,243,shans96,0,1,pr,high
elastic,elasticsearch,61074,"Change `action.destructive_requires_name` to true by default to avoid data deleted by accident",477,5,2020-08-13T01:20:53Z,2021-03-31T19:59:58Z,3,1,230,YashJipkate,0,1,pr,high
elastic,elasticsearch,33434,"[Painless] Augmentation.join can't handle empty strings at the start",2127,4,2018-09-05T18:24:28Z,2021-02-03T17:31:02Z,6,1,881,nik9000,0,1,pr,high
elastic,elasticsearch,54964,"SQL: Implement to_char(date/time/datetime, pattern)",200,4,2020-04-08T16:21:34Z,2021-02-03T15:08:02Z,30,1,300,palesz,0,1,pr,medium
elastic,elasticsearch,65335,"Make it easier to define enum settings",435,4,2020-11-21T00:05:16Z,2021-01-16T01:08:57Z,4,1,56,AlexAxeman,0,1,pr,medium
elastic,elasticsearch,60750,"7.8 RestHighLevelClient - Composable Index Templates API difficult to use",1340,4,2020-08-05T14:46:49Z,2021-01-12T20:30:31Z,16,1,160,antrix190,0,1,pr,medium
elastic,elasticsearch,39487,"indicate to Restart Elasticsearch whenever plugin is installed",534,3,2019-02-28T04:20:08Z,2021-01-11T21:53:33Z,3,1,683,qlchan24,0,1,pr,high
elastic,elasticsearch,65847,"[ILM] Delete phase can be created without delete action (empty actions object)",368,4,2020-12-03T18:59:58Z,2021-01-06T10:19:31Z,3,1,33,dlbas,0,1,pr,high
elastic,elasticsearch,2168,"Suggestion: make man page or better CLI help",348,4,2012-08-14T01:44:35Z,2014-12-02T12:29:56Z,4,1,840,,,,,
elastic,elasticsearch,2794,"Downloads have incomplete notices and license texts",494,5,2013-03-18T11:10:33Z,2015-06-17T16:06:55Z,8,1,821,clintongormley,0,1,pr,high
elastic,elasticsearch,8470,"Set default node name to hostname",77,4,2014-11-13T15:52:50Z,2015-04-17T08:17:55Z,8,1,154,AndreKR,0,1,pr,high
elastic,elasticsearch,8615,"Elasticsearch fails when paths contain spaces",172,5,2014-11-23T14:08:52Z,2014-12-01T18:19:02Z,3,1,8,,,,,
elastic,elasticsearch,9050,"RPM init.d script does not pass CONF_FILE to ES",605,5,2014-12-23T19:07:04Z,2015-12-03T19:08:49Z,1,1,345,,,,,
elastic,elasticsearch,13991,"paramters as command line args handled differently by plugin and elasticsearch script",250,5,2015-10-07T11:25:29Z,2017-02-08T13:34:49Z,3,1,490,,,,,
elastic,elasticsearch,14211,"rpm uses non-portable `--system` flag to `useradd`",228,5,2015-10-20T14:51:45Z,2016-06-09T15:24:10Z,2,1,233,girirajsharma,0,1,pr,medium
elastic,elasticsearch,14372,"startup scripts should pass jvm -Djava.io.tmpdir=$ES_HOME/tmp",527,5,2015-10-30T02:37:40Z,2017-11-30T19:16:07Z,5,1,762,rmuir,0,1,pr,medium
elastic,elasticsearch,15712,"Debian init script exits with success if Elasticsearch binary is missing",522,5,2015-12-30T15:54:09Z,2016-11-04T09:01:37Z,5,1,309,,,,,
elastic,elasticsearch,17528,"Rename service.bat to elasticsearch-service.bat",136,6,2016-04-05T07:26:24Z,2016-09-15T13:53:44Z,1,1,163,gfyoung,0,1,pr,high
elastic,elasticsearch,8237,"Improve ",272,8,2014-10-27T14:07:39Z,2014-10-28T14:41:04Z,1,1,1,,,,,
elastic,elasticsearch,12216,"Use Randomized Runner 2.1.14 in 1.7 branch",178,4,2015-07-13T21:28:20Z,2015-07-16T10:00:34Z,1,1,2,pickypg,0,1,pr,high
elastic,elasticsearch,12550,"Make sure all distribution modules have description in pom.xml",343,5,2015-07-30T02:41:23Z,2015-08-10T14:22:03Z,0,1,11,colings86,0,1,pr,high
elastic,elasticsearch,12596,"add System/Runtime exit/halt to forbidden apis",76,3,2015-08-03T09:27:51Z,2015-11-04T08:31:47Z,0,1,92,danielmitterdorfer,0,1,pr,high
elastic,elasticsearch,13002,"Add Build info to the plugin properties by default",480,5,2015-08-19T19:23:43Z,2015-08-19T22:37:10Z,1,1,0,,,,,
elastic,elasticsearch,19127,"Upgrade httpclient dependency",289,5,2016-06-28T15:07:47Z,2016-07-22T20:36:17Z,0,1,24,nik9000,0,1,pr,medium
elastic,elasticsearch,10617,"[GEO] Consolidate duplicate Bounding Box classes",326,4,2015-04-15T17:10:34Z,2020-11-09T19:04:29Z,10,1,2035,MaineC,0,1,pr,medium
elastic,elasticsearch,54965,"SQL: Implement FORMAT function",243,4,2020-04-08T16:22:51Z,2020-09-21T13:32:14Z,10,1,165,binu-r,0,1,pr,medium
elastic,elasticsearch,46350,"shouldStoreResult is not set correctly",2388,3,2019-09-04T21:31:52Z,2020-08-13T08:56:46Z,16,1,343,tumile,0,1,pr,high
elastic,elasticsearch,48645,"Add query cache hit count and field data cache hit count to rest API ",859,4,2019-10-29T17:01:23Z,2020-07-30T10:44:41Z,10,1,274,Raj-Datta-Manohar,0,1,pr,high
elastic,elasticsearch,54962,"SQL: Implement DATE_PARSE",241,4,2020-04-08T16:15:54Z,2020-07-16T13:33:47Z,13,1,98,Patrick0308,0,1,pr,high
elastic,elasticsearch,42997,"Add null check for ParentJoinFieldMapper in ChildrenAggregationBuilder.joinFieldResolveConfig",3654,4,2019-06-07T17:21:46Z,2020-07-06T13:54:12Z,15,1,394,parthpunkster,0,1,pr,high
elastic,elasticsearch,58388,"Add matchBoolPrefix static method to QueryBuilders",239,5,2020-06-20T09:10:19Z,2020-06-29T14:29:55Z,2,1,9,Patrick0308,0,1,pr,high
elastic,elasticsearch,10791,"TotalHitCountCollector message for top hits aggregation can be improved",388,5,2015-04-24T16:56:35Z,2020-06-26T14:57:53Z,10,1,1889,,,,,
elastic,elasticsearch,37303,"Invalid variance computed in extended_stats aggregation",3579,4,2019-01-10T13:32:30Z,2019-01-25T14:56:34Z,5,1,15,vishnugt,0,1,pr,high
elastic,elasticsearch,49554,"Add standard deviation / variance sampling to extended stats aggregation",1553,4,2019-11-25T15:46:21Z,2020-06-10T19:00:51Z,5,1,198,andrewjohnson2,0,1,pr,high
elastic,elasticsearch,6352,"Using environment variable for square brackets is not documented, not obvious",704,7,2014-05-30T13:24:49Z,2020-06-05T14:10:27Z,9,1,2198,lockewritesdocs,0,1,pr,high
elastic,elasticsearch,26114,"[docs] Clarify remote reindex api documentation to indicate that slicing isn't available",469,3,2017-08-09T11:14:03Z,2019-10-10T19:50:17Z,6,1,792,nik9000,0,1,commit,medium
elastic,elasticsearch,54963,"SQL: Implement TIME_PARSE",239,4,2020-04-08T16:16:34Z,2020-05-29T08:43:50Z,7,1,50,Patrick0308,0,1,pr,high
elastic,elasticsearch,55606,"Improve ""put template"" error message and documentation of disallowed characters",604,6,2020-04-22T16:05:59Z,2020-05-13T08:30:57Z,6,1,20,dakrone,0,1,pr,medium
elastic,elasticsearch,19399,"Include other Reference to other ElasticSearch clients in Docs",1028,3,2016-07-12T21:38:32Z,2020-05-07T13:57:54Z,15,1,1394,,,,,
elastic,elasticsearch,28523,"GCP Discovery Plugin instructions using deprecated util",849,6,2018-02-05T19:37:38Z,2020-05-05T22:39:46Z,9,1,820,,,,,
elastic,elasticsearch,54062,"Rewrite `exists` queries to MatchNoneQueryBuilder when the field is unmapped",131,3,2020-03-24T09:17:39Z,2020-04-27T07:30:01Z,6,1,33,SivagurunathanV,0,1,commit,medium
elastic,elasticsearch,52640,"Deprecate & remove undocumented alternatives to the nodes hot threads API",698,3,2020-02-21T14:18:01Z,2020-04-14T19:37:01Z,19,1,53,muachilin,0,1,pr,medium
elastic,elasticsearch,29841,"[ML] Revisit Default Primary Shard Counts",348,3,2017-12-19T21:34:42Z,2020-03-27T11:05:23Z,4,1,828,,,,,
elastic,elasticsearch,46632,"SQL: Extend DATE_TRUNC to also operate on intervals",252,3,2019-09-11T18:18:25Z,2020-03-23T11:52:25Z,13,1,193,musteaf,0,1,pr,high
elastic,elasticsearch,41274,"Add best_compression back to ILM policy",430,3,2019-04-16T19:43:33Z,2020-03-10T14:47:21Z,14,1,328,dakrone,0,1,pr,medium
elastic,elasticsearch,49254,"Rewrite queries on unmapped fields as MatchNoDocsQueryBuilder",1120,3,2019-11-18T16:32:07Z,2020-02-26T09:25:39Z,6,1,99,jpountz,0,1,pr,high
elastic,elasticsearch,42232,"MTermVector Java High Level Client Misses Fields Property",1469,2,2019-05-20T14:39:08Z,2020-02-20T22:19:45Z,9,1,276,peonone,0,1,pr,high
elastic,elasticsearch,28611,"composite aggregation as child aggregation",1479,4,2018-02-09T22:12:05Z,2019-01-25T13:00:40Z,15,1,349,jimczi,0,1,pr,high
elastic,elasticsearch,46446,"high level rest client count request fails with 400 Bad Request",1802,2,2019-09-06T13:40:22Z,2019-09-18T13:49:39Z,6,1,12,turackangal,0,1,pr,high
elastic,elasticsearch,50088,"GET _cat/nodes?local is not completely local",460,4,2019-12-11T16:36:21Z,2020-01-06T14:13:15Z,5,1,25,olegbonar,0,1,pr,medium
elastic,elasticsearch,50210,"Add 'monitor_snapshot' cluster privilege",456,2,2019-12-15T18:20:27Z,2020-01-06T10:03:16Z,9,1,21,AntonShuvaev,0,1,pr,high
elastic,elasticsearch,50063,"Security should not reload files that haven't changed ",638,3,2019-12-11T03:51:00Z,2020-01-06T05:23:58Z,3,1,26,AntonShuvaev,0,1,pr,high
elastic,elasticsearch,49818,"logs about updating IndexSetting should be more detailed",518,4,2019-12-04T07:15:26Z,2020-01-03T11:23:23Z,5,1,30,kkewwei,0,1,pr,medium
elastic,elasticsearch,48950,"Java-REST-Client NodeSniffer Fails parsing publish_address properly",3550,2,2019-11-11T15:52:06Z,2019-12-14T15:48:25Z,12,1,32,zacharymorn,0,1,pr,medium
elastic,elasticsearch,48475,"Pure disjunctions should rewrite to a MatchNoneQueryBuilder when all clauses are instances of MatchNoneQueryBuilder",228,3,2019-10-24T15:38:42Z,2019-11-28T10:01:13Z,3,1,34,SivagurunathanV,0,1,commit,medium
elastic,elasticsearch,49549,"[ML] Job message for deleted results not formatted correctly",308,3,2019-11-25T14:02:06Z,2019-11-26T10:39:32Z,1,1,0,AntonShuvaev,0,1,pr,high
elastic,elasticsearch,48469,"Refactor and DRY up Kahan Sum algorithm",440,3,2019-10-24T13:43:33Z,2019-11-11T18:30:51Z,5,1,18,JosemyDuarte,0,1,pr,high
elastic,elasticsearch,34264,"Prevent import of dangling indices from a later version",1473,4,2018-10-03T11:38:38Z,2019-10-31T10:07:40Z,8,1,392,RvI101,0,1,pr,high
elastic,elasticsearch,48057,"[ML] Remove ToXContentParams.INCLUDE_TYPE",231,3,2019-10-15T11:56:37Z,2019-10-18T13:38:35Z,4,1,3,rsarawgi,0,1,pr,high
elastic,elasticsearch,43244,"Add explanation of relocating shard state.",720,3,2019-06-14T16:47:46Z,2019-10-07T13:42:12Z,3,1,114,,,,,
elastic,elasticsearch,41922,"NullPointerException when creating a watch with Jira action",12545,4,2019-05-07T21:48:50Z,2019-09-30T16:36:26Z,19,1,145,ojasgulati,0,1,pr,medium
elastic,elasticsearch,41073,"A cluster with no data nodes or indices reports YELLOW health when an index is created.",809,4,2019-04-10T12:27:49Z,2019-09-30T13:25:22Z,16,1,173,Gaurav614,0,1,pr,high
elastic,elasticsearch,46395,"HLRC: allow to run delete by query with wait_for_completion=true",352,2,2019-09-05T15:14:26Z,2019-09-24T08:01:10Z,3,1,18,qianyuxiang01,0,1,commit,medium
elastic,elasticsearch,23208,"Disallow the `classic` (TF-IDF) similarity on 6.0 indices.",215,4,2017-02-16T14:38:37Z,2018-04-03T14:45:26Z,14,1,411,jpountz,0,1,pr,high
elastic,elasticsearch,44493,"high level REST client allows for a wrong operation with scroll API",938,2,2019-07-17T13:06:09Z,2019-09-03T16:31:48Z,8,1,48,,,,,
elastic,elasticsearch,40870,"`cluster_block_exception` should contain the read-only index name",2346,3,2019-04-04T17:31:37Z,2019-05-04T23:10:30Z,7,1,30,codebird,0,1,pr,high
elastic,elasticsearch,44290,"Optimize Min and Max BKD optimizations :)",1430,3,2019-07-12T17:02:18Z,2019-08-26T15:43:33Z,5,1,44,michalperlak,0,1,pr,medium
elastic,elasticsearch,44045,"Reindex Task ignores slices configuration in client API",1668,2,2019-07-07T16:28:19Z,2019-08-20T20:58:59Z,2,1,44,9deniz,0,1,pr,high
elastic,elasticsearch,5341,"Rest: Path components with plus signs are decoded wrong",559,4,2014-03-05T07:34:37Z,2019-08-08T06:52:47Z,7,1,1981,javanna,0,1,pr,medium
elastic,elasticsearch,36632,"BUG: Negative value is successfully set for “discovery.zen.commit_timeout” parameter ",643,4,2018-12-14T09:07:15Z,2019-07-22T10:33:51Z,17,1,220,harshbajaj16,0,1,pr,high
elastic,elasticsearch,30077,"Improve JavaDoc on SecurityClient",179,4,2018-03-04T20:16:24Z,2019-07-03T07:17:28Z,8,1,485,,,,,
elastic,elasticsearch,39546,"Reset max_retries counter before executing routing commands",1594,4,2019-03-01T08:09:45Z,2019-06-10T07:26:13Z,6,1,100,vigyasharma,0,1,pr,high
elastic,elasticsearch,13377,"Use only one way of specifying routing, version and version_type",441,5,2015-09-07T15:00:05Z,2019-06-05T12:48:01Z,4,1,1366,,,,,
elastic,elasticsearch,37096,"Deprecate/remove common_terms query and cutoff_frequency",1040,3,2019-01-03T08:16:31Z,2019-05-31T15:06:07Z,4,1,148,matriv,0,1,pr,high
elastic,elasticsearch,39666,"High level REST client parameters look wrong due indirectness and side effects",1603,2,2019-03-04T19:33:49Z,2019-05-29T20:59:42Z,8,1,86,ojasgulati,0,1,pr,high
elastic,elasticsearch,23059,"http 200 response code for partial result",1132,5,2017-02-08T20:35:44Z,2019-04-29T12:28:04Z,9,1,809,jrodewig,0,1,pr,high
elastic,elasticsearch,22919,"Remove `ScriptDocValues#getValues`",299,4,2017-02-02T01:09:11Z,2019-04-26T23:09:01Z,12,1,813,nik9000,0,1,pr,medium
elastic,elasticsearch,32949,"Make 0 as invalid value for `min_children` in `has_child` query",459,3,2018-08-17T14:22:03Z,2019-04-25T19:26:49Z,11,1,251,codebird,0,1,pr,medium
elastic,elasticsearch,39406,"Can't create anomaly detector that uses ""_index"" as ""partition_field_name""",5087,3,2019-02-26T16:46:53Z,2019-04-17T15:01:47Z,8,1,49,yana2301,0,1,pr,high
elastic,elasticsearch,20705,"Hard limit on total number of shards in a cluster",321,3,2016-09-30T09:25:18Z,2018-11-27T00:05:13Z,23,1,787,gwbrown,0,1,pr,high
elastic,elasticsearch,15816,"Correct documentation of discovery.zen.ping.unicast.hosts regarding support for port ranges",676,4,2016-01-07T08:01:37Z,2019-04-03T14:39:44Z,9,1,1182,mortonsykes,0,1,pr,medium
elastic,elasticsearch,25522,"[docs] Document max_snapshot_bytes_per_sec and max_restore_bytes_per_sec as available settings for S3 repositories",438,4,2017-07-03T18:42:45Z,2019-03-28T18:39:35Z,2,1,632,jrodewig,0,1,pr,high
elastic,elasticsearch,38964,"Cannot apply settings to all indices",1329,4,2019-02-15T15:23:35Z,2019-03-27T15:03:10Z,6,1,39,Eunovo,0,1,pr,high
elastic,elasticsearch,35285,"Documentation of elasticsearch-certutil is wrong for parameter --pass",4586,3,2018-11-06T07:23:55Z,2019-03-27T03:36:32Z,7,1,140,diegocsandrim,0,1,pr,high
elastic,elasticsearch,22328,"Reindex-from-remote should use preemptive authorization if username and password are configured",248,4,2016-12-22T16:10:04Z,2019-03-25T14:39:09Z,12,1,822,,,,,
elastic,elasticsearch,32763,"Documentation claims ""index.translog.sync_interval"" is dynamic, but it can not be set dynamically",537,4,2018-08-10T04:05:42Z,2019-03-20T15:55:59Z,11,1,222,liketic,0,1,pr,high
elastic,elasticsearch,31592,"Improve terms aggregation example",897,4,2018-06-26T21:20:35Z,2019-03-08T20:09:04Z,7,1,254,,,,,
elastic,elasticsearch,39163,"Index Lifecycle Management does not have a lower bound on poll_interval",562,3,2019-02-20T00:15:59Z,2019-03-05T19:01:05Z,6,1,13,tawAsh1,0,1,pr,medium
elastic,elasticsearch,32741,"Limit the number of context mappings",390,4,2018-08-09T10:23:40Z,2019-02-18T11:51:40Z,16,1,193,TommyWind,0,1,pr,high
elastic,elasticsearch,7939,"Automatic snapshot naming",539,6,2014-09-30T19:58:02Z,2018-05-16T06:39:32Z,3,1,1323,,,,,
elastic,elasticsearch,18543,"Include size of snapshot in snapshot metadata",797,7,2016-05-24T09:29:40Z,2018-05-25T19:05:23Z,4,1,731,vladimirdolzhenko,0,1,pr,medium
elastic,elasticsearch,31927,"Forbid negative values for ""weight""  in Function Score Query",170,6,2018-07-10T14:39:48Z,2018-09-14T06:42:14Z,6,1,65,lipsill,0,1,pr,high
elastic,elasticsearch,30009,"SQL: JDBC should validate existance of SQL url",1771,6,2018-04-19T11:01:57Z,2018-10-25T09:31:04Z,8,1,188,astefan,0,1,pr,medium
elastic,elasticsearch,31651,"[ML] Adding an open job to a group does not update autodetect with related scheduled events ",468,5,2018-06-28T11:05:53Z,2018-08-28T12:55:49Z,12,1,61,benwtrent,0,1,pr,high
elastic,elasticsearch,37584,"Inner_hits in should clauses override each other",2475,4,2019-01-17T18:40:34Z,2019-02-01T14:53:51Z,5,1,14,dvehar,0,1,pr,high
elastic,elasticsearch,34745,"[ML] GetJobStatsAction does not match open jobs correctly",796,3,2018-10-23T13:14:35Z,2019-01-29T09:06:51Z,9,1,97,henriquegoncalves98,0,1,pr,high
elastic,elasticsearch,37739,"LLRC can throw an IllegalCapacityException when selecting nodes.",1264,4,2019-01-23T01:07:33Z,2019-01-25T22:58:14Z,6,1,2,,,,,
elastic,elasticsearch,27073,"Dangling indices living in non-data nodes are detected and auto-imported",2644,4,2017-10-21T20:12:04Z,2019-01-25T13:22:49Z,16,1,460,henningandersen,0,1,pr,high
elastic,elasticsearch,36322,"bucket_sort aggregation misplace the first bucket",3866,4,2018-12-06T18:12:18Z,2019-01-09T16:01:40Z,11,1,33,chatzikalymnios,0,1,pr,high
elastic,elasticsearch,22302,"Missing Keyed Response for Percentiles Bucket",767,4,2016-12-21T11:54:04Z,2018-12-14T21:22:54Z,11,1,723,joaofcmb,0,1,pr,high
elastic,elasticsearch,27464,"ec2-discovery plugin document is not accurate.",843,4,2017-11-21T00:14:28Z,2018-12-14T09:30:39Z,9,1,388,dadoonet,0,1,pr,high
elastic,elasticsearch,15965,"Misleading error message for geo_point parse failure",671,3,2016-01-13T22:06:05Z,2018-12-13T13:32:46Z,3,1,1064,imotov,0,1,pr,high
elastic,elasticsearch,35627,"LocalExporter leaks a licence state listener",553,5,2018-11-16T10:21:26Z,2018-12-06T17:52:05Z,6,1,20,jasontedor,0,1,pr,high
elastic,elasticsearch,29847,"Security: Migrate tool throws a NPE when not using a password",1950,4,2017-12-29T12:01:28Z,2018-12-05T04:51:51Z,9,1,340,tvernum,0,1,pr,high
elastic,elasticsearch,25244,"Add a softlimit to the number of open scroll contexts per node",806,5,2017-06-15T08:59:25Z,2018-12-03T18:57:11Z,12,1,536,joaofcmb,0,1,pr,high
elastic,elasticsearch,35699,"Ingest: Grok: duplicate patterns JAVACLASS and JAVAFILE",462,2,2018-11-19T15:48:33Z,2018-11-26T17:14:49Z,3,1,7,jsvd,0,1,pr,medium
elastic,elasticsearch,29678,"More Like This Queries should error when Routing Set to ""required"" and no routing is supplied",1230,4,2018-04-24T17:39:00Z,2018-11-26T12:59:03Z,9,1,215,cbismuth,0,1,commit,medium
elastic,elasticsearch,32174,"Logging: Clean up logger building",163,4,2018-07-18T17:02:13Z,2018-11-06T15:49:55Z,7,1,110,nik9000,0,1,pr,high
elastic,elasticsearch,35297,"Delete index Java REST API request throws NPE while parsing DeleteResponse",5354,3,2018-11-06T13:35:38Z,2018-11-07T11:52:12Z,3,1,0,vladimirdolzhenko,0,1,pr,high
elastic,elasticsearch,22792,"inconsistency between source filtering names in query parameter vs request body",1462,4,2017-01-25T20:38:25Z,2018-10-31T21:12:00Z,6,1,644,lipsill,0,1,pr,high
elastic,elasticsearch,23892,"Deprecate `:` in cluster and index names",353,5,2017-04-04T08:16:24Z,2017-08-17T22:01:16Z,19,1,135,dakrone,0,1,pr,medium
elastic,elasticsearch,9636,"Agg results consistency issue - same operation returns Null in JSON vs Infinity in Java api",354,3,2015-02-10T16:18:05Z,2018-10-18T13:42:01Z,7,1,1345,,,,,
elastic,elasticsearch,33385,"Introduce ""good first issue"" tags for new contributors",163,3,2018-09-04T15:50:08Z,2018-09-21T14:27:53Z,4,1,16,,,,,
elastic,elasticsearch,23430,"Don't profile ConstantScore queries",308,4,2017-03-01T11:39:31Z,2018-09-19T06:32:16Z,9,1,566,iverase,0,1,pr,high
elastic,elasticsearch,32735,"Watcher: croneval tool prints error on valid one time expression",591,4,2018-08-09T07:57:02Z,2018-08-23T08:08:00Z,1,1,14,lipsill,0,1,pr,high
elastic,elasticsearch,26299,"docvalue_fields support wildcard?",285,4,2017-08-20T03:43:05Z,2018-08-23T08:04:01Z,8,1,368,iverase,0,1,pr,high
elastic,elasticsearch,32989,"[ML] Change close job API to accept payload body vs just query params",498,3,2018-08-20T15:34:34Z,2018-08-21T15:49:10Z,2,1,1,,,,,
elastic,elasticsearch,32631,"a little error about SearchType",255,3,2018-08-05T15:56:11Z,2018-08-16T14:40:32Z,3,1,10,,,,,
elastic,elasticsearch,24929,"Explain where to get path for translog recovery action",563,3,2017-05-29T06:06:57Z,2018-08-07T11:04:37Z,3,1,435,andrershov,0,1,pr,medium
elastic,elasticsearch,23446,"Increase chunk_size max to 256 Mb instead of 64 Mb",1265,4,2017-03-02T08:15:28Z,2018-07-31T10:05:36Z,9,1,516,,,,,
elastic,elasticsearch,16641,"Took time for index requests ?",459,4,2016-02-12T16:00:04Z,2018-03-20T14:06:32Z,5,1,766,,,,,
elastic,elasticsearch,29008,"Fail shard if IndexShard#storeStats runs into an IOException",199,4,2018-03-13T08:09:21Z,2018-07-23T14:39:38Z,8,1,132,andrershov,0,1,pr,medium
elastic,elasticsearch,32173,"CCE when re-throwing ""shard not available"" exception in TransportShardMultiGetAction",413,4,2018-07-18T16:19:40Z,2018-07-23T08:09:53Z,6,1,4,onvik,0,1,pr,high
elastic,elasticsearch,23206,"Docs out of sync regarding default values for geo_shape mapping",1539,2,2017-02-16T13:00:45Z,2018-06-18T17:50:53Z,4,1,487,imotov,0,1,pr,high
elastic,elasticsearch,28518,"Elastic search documentation about merge scheduling does not explicitly state that `index.merge.scheduler.max_thread_count` is a shard level property",623,3,2018-02-05T10:26:48Z,2018-05-18T17:42:03Z,6,1,102,,,,,
elastic,elasticsearch,12315,"Search template render API returns 500 error on malformed template",98,4,2015-07-17T11:00:38Z,2018-05-30T12:00:07Z,3,1,1048,cbuescher,0,1,pr,high
elastic,elasticsearch,7663,"geo_shape query/filter: indexed_shape has no syntax to define _routing value and throws RoutingMissingException, because _routing undefined",2602,4,2014-09-09T15:16:43Z,2018-05-23T19:15:20Z,4,1,1352,imotov,0,1,pr,high
elastic,elasticsearch,10096,"Move IndicesStatsRequest to expose CommonStatsFlags directly",397,3,2015-03-15T15:06:42Z,2018-05-14T18:07:59Z,0,1,1156,jtibshirani,0,1,pr,medium
elastic,elasticsearch,30148,"More Like This queries return 0 results if field in source document has 0 tokens in analyzed field",1836,3,2018-04-25T19:25:16Z,2018-05-08T13:13:08Z,6,1,12,aditya-agrawal,0,1,pr,high
elastic,elasticsearch,26335,"Should search preference _primary take primary relocation target into account?",1074,3,2017-08-23T05:04:16Z,2017-10-08T15:03:07Z,22,1,46,dnhatn,0,1,pr,high
elastic,elasticsearch,27601,"Include original index name (if renamed during restore) in snapshot restore exceptions",3534,5,2017-11-30T03:20:14Z,2018-05-01T13:16:39Z,2,1,152,diwasjoshi,0,1,pr,high
elastic,elasticsearch,23294,"Document date aggregation limitation on arbitrary time intervals",1558,4,2017-02-21T18:21:23Z,2018-04-26T17:44:22Z,1,1,428,cbuescher,0,1,pr,high
elastic,elasticsearch,27582,"Remove `index.ttl.disable_purge`",84,4,2017-11-29T13:27:00Z,2018-04-24T09:15:46Z,7,1,145,,,,,
elastic,elasticsearch,26223,"[DOCS] Docs show invalid syntax for index/_settings filtering",294,2,2017-08-15T18:56:30Z,2018-04-18T12:21:36Z,1,1,245,hpez,0,1,pr,medium
elastic,elasticsearch,18321,"Don't ignore allocation settings with cluster reroute",245,4,2016-05-13T09:16:43Z,2018-04-17T17:07:20Z,7,1,704,s1monw,0,1,pr,medium
elastic,elasticsearch,16891,"Glossary should contain query and filter",456,3,2016-03-01T19:11:16Z,2018-04-16T08:51:07Z,5,1,775,,,,,
elastic,elasticsearch,16993,"Next scroll id and number of hits in response headers for search/scroll api",1289,4,2016-03-07T21:52:02Z,2018-04-11T17:03:09Z,22,1,764,,,,,
elastic,elasticsearch,21278,"Version conflict exception message enhancement",547,4,2016-11-02T17:40:36Z,2018-04-10T11:43:00Z,11,1,523,vladimirdolzhenko,0,1,pr,high
elastic,elasticsearch,28144,"Stored script related docs of Java API are outdated",809,4,2018-01-09T07:43:43Z,2018-01-10T17:04:02Z,5,1,1,martijnvg,0,1,commit,medium
elastic,elasticsearch,3590,"Allow different co-ordinate systems for geometric objects.",258,4,2013-08-28T13:14:05Z,2018-03-29T22:53:03Z,8,1,1674,,,,,
elastic,elasticsearch,22163,"GeoPoint returns incorrect geohash for lat 90, lon 180",363,2,2016-12-14T11:33:02Z,2018-03-29T13:23:44Z,1,1,470,imotov,0,1,pr,high
elastic,elasticsearch,18636,"Add Ansible playbook to Integrations",245,2,2016-05-30T13:01:27Z,2018-03-28T22:18:43Z,2,1,667,refactormyself,0,1,pr,high
elastic,elasticsearch,26122,"Histogram Aggregation for values of long type",1267,4,2017-08-09T18:10:19Z,2018-03-28T13:01:46Z,6,1,230,diwasjoshi,0,1,pr,high
elastic,elasticsearch,14114,"Max doc frequency percentage in More Like This query",585,4,2015-10-14T13:44:38Z,2018-03-26T03:15:24Z,1,1,893,,,,,
elastic,elasticsearch,10441,"New Feature - sourceAsMap()/sourceAsString() for TermVectorsResponse",1029,4,2015-04-06T10:57:03Z,2018-03-23T16:04:35Z,4,1,1082,,,,,
elastic,elasticsearch,14771,"Order not working inside a date_histogram aggs ES 2.0",900,4,2015-11-15T20:29:58Z,2018-03-22T17:20:07Z,5,1,857,qwerty4030,0,1,pr,medium
elastic,elasticsearch,13681,"Allow aliases to be renamed upon _restore",662,4,2015-09-21T16:02:19Z,2018-03-22T14:18:57Z,7,1,912,,,,,
elastic,elasticsearch,29190,"TopHitsAggregation should honor `index.max_result_window`",390,4,2018-03-21T11:15:48Z,2018-03-22T14:16:40Z,2,1,1,,,,,
elastic,elasticsearch,14576,"Documentation for output of stats API",343,4,2015-11-06T08:51:29Z,2018-03-21T08:23:10Z,4,1,865,geekpete,0,1,pr,medium
elastic,elasticsearch,4739,"Allow changing write consistency timeout on a cluster level",643,4,2014-01-15T11:47:20Z,2018-03-20T13:53:20Z,7,1,1525,,,,,
elastic,elasticsearch,11920,"[Docs] Explain Error Handling in TransportClient",727,4,2015-06-29T16:48:07Z,2018-03-17T01:11:50Z,2,1,991,,,,,
elastic,elasticsearch,10795,"Log template management requests at INFO level",437,2,2015-04-24T19:23:50Z,2018-03-13T20:31:20Z,4,1,1054,jasontedor,0,1,pr,high
elastic,elasticsearch,17597,"Should range aggregations support the `missing` option?",242,4,2016-04-07T15:52:34Z,2018-03-13T19:58:30Z,3,1,705,pcsanwald,0,1,pr,high
elastic,elasticsearch,13469,"Get function score query results as fields",1152,4,2015-09-10T14:03:14Z,2018-03-13T19:12:15Z,14,1,915,,,,,
elastic,elasticsearch,10436,"Template not getting applied with ES version 1.4.1 - Works for 1.4.0",2416,5,2015-04-04T22:04:54Z,2018-03-13T10:29:39Z,14,1,1073,,,,,
elastic,elasticsearch,17853,"POST index/_settings with body produces wrong exception",400,4,2016-04-19T12:31:38Z,2018-03-02T13:39:38Z,12,1,682,QRcoode,0,1,pr,medium
elastic,elasticsearch,28777,"ThrottlingAllocationDecider outgoing message's nodeid is wrong",489,4,2018-02-22T03:15:03Z,2018-02-22T19:23:16Z,4,1,0,czjxy881,0,1,pr,high
elastic,elasticsearch,28189,"Expose age of oldest entry in the translog",1379,4,2018-01-11T17:56:37Z,2018-02-16T15:23:57Z,10,1,35,justinwyer,0,1,pr,medium
elastic,elasticsearch,16978,"'us-east-1` is not a valid region when creating s3 bucket",2699,4,2016-03-07T09:17:19Z,2017-02-24T17:26:32Z,5,1,354,,,,,
elastic,elasticsearch,23039,"Update AWS Java SDK to support ECS Task Roles",2216,4,2017-02-08T08:39:08Z,2017-09-12T08:34:13Z,4,1,215,mohit,0,1,pr,high
elastic,elasticsearch,13614,"[cloud-gce] warn message is displayed when not using gce discovery",1850,4,2015-09-16T13:08:06Z,2015-09-29T17:27:28Z,1,1,13,,,,,
elastic,elasticsearch,19349,"Remove cloud.enabled setting",507,3,2016-07-09T10:17:18Z,2016-07-19T16:19:07Z,2,1,10,,,,,
elastic,elasticsearch,14837,"Query Template: ""Field name [myChild.name] cannot contain '.'",739,4,2015-11-18T15:26:39Z,2016-05-07T15:37:21Z,15,1,171,,,,,
elastic,elasticsearch,7666,"Fuzzy query: Date/Time does not support y (Year) or M (month)",1089,4,2014-09-09T20:53:59Z,2016-06-13T13:14:44Z,10,1,642,,,,,
elastic,elasticsearch,9278,"Default fuzzy transpositions to true",819,4,2015-01-13T18:24:31Z,2015-07-08T00:23:05Z,6,1,175,jasontedor,0,1,commit,medium
elastic,elasticsearch,10146,"rename UNICODE_CHAR_CLASS to UNICODE_CHARACTER_CLASS in regex flags",297,4,2015-03-18T20:34:48Z,2015-12-11T10:53:36Z,2,1,267,srogljan,0,1,pr,high
elastic,elasticsearch,10632,"simple_query_string returns nothing for ""*"" search",278,5,2015-04-16T15:16:18Z,2017-03-30T10:11:13Z,15,1,713,,,,,
elastic,elasticsearch,10948,"Function score query fails with field_value_factor on not (yet) existing field",3038,3,2015-05-04T09:54:39Z,2015-09-01T09:05:30Z,5,1,119,andrestc,0,1,pr,high
elastic,elasticsearch,11246,"Better exception if array passed to `term` query",753,3,2015-05-20T05:52:55Z,2015-05-29T11:40:39Z,2,1,9,,,,,
elastic,elasticsearch,12005,"ip_range aggregation with mask of 0.0.0.0/0 gets treated as 0.0.0.0/32",4828,4,2015-07-02T20:25:49Z,2015-07-27T10:13:23Z,5,1,24,ruflin,0,1,pr,medium
elastic,elasticsearch,12683,"common terms query containing only stopwords with a _name causes a null pointer exception",1908,3,2015-08-06T01:04:36Z,2015-08-06T13:33:29Z,1,1,0,jasontedor,0,1,pr,high
elastic,elasticsearch,18202,"NullPointerException with StopFilter and simple_query_string with analyze_wildcard if the query contains only stop word prefixes",5390,3,2016-05-08T22:12:40Z,2016-05-10T14:34:04Z,3,1,1,dakrone,0,1,pr,high
elastic,elasticsearch,18348,"Expose `fuzzy_transpositions` in fuzzy queries",264,4,2016-05-14T08:51:40Z,2017-10-05T07:01:10Z,1,1,508,alexshadow007,0,1,pr,high
elastic,elasticsearch,18641,"Documentation for `quote_field_suffix`",1000,4,2016-05-30T14:59:44Z,2016-10-28T07:11:57Z,0,1,150,jpountz,0,1,pr,high
elastic,elasticsearch,21483,"Script score doesn't support weight correctly",1483,3,2016-11-11T02:15:20Z,2017-01-20T18:50:58Z,1,1,70,jimczi,0,1,pr,high
elastic,elasticsearch,21600,"inconsistent behaviour regarding numeric range queries and aggregations",2888,3,2016-11-16T17:13:17Z,2016-12-22T14:20:15Z,1,1,35,scampi,0,1,pr,high
elastic,elasticsearch,22198,"Deprecate and remove `minimum_number_should_match`",221,4,2016-12-15T16:22:18Z,2017-01-03T11:39:08Z,4,1,18,,,,,
elastic,elasticsearch,3163,"Multi-field query_string with auto_generate_phrase_queries = true when one of the fields is indexed w/o positions using word delimiter filter [0.90.1]",3485,4,2013-06-11T22:00:51Z,2015-09-19T17:48:04Z,3,1,829,,,,,
elastic,elasticsearch,3316,"Special case the _index field in queries",363,5,2013-07-11T18:46:47Z,2015-07-06T10:34:41Z,0,1,724,markharwood,0,1,commit,medium
elastic,elasticsearch,4465,"Make function_score geo distance implementation configurable",135,5,2013-12-16T13:30:16Z,2016-11-06T11:00:24Z,2,1,1055,,,,,
elastic,elasticsearch,9373,"Scroll requests with `from` should throw an exception",256,3,2015-01-21T09:00:32Z,2017-08-21T13:12:35Z,4,1,943,cbuescher,0,1,pr,high
elastic,elasticsearch,9469,"Nicer exception when no scroll ID is provided",631,4,2015-01-28T18:11:26Z,2016-10-08T10:36:27Z,7,1,618,,,,,
elastic,elasticsearch,19249,"Scroll should limit size= value, as the search API already does.",5563,4,2016-07-04T11:37:49Z,2016-07-11T20:10:10Z,3,1,7,nik9000,0,1,pr,high
elastic,elasticsearch,6172,"nullpointerexception at https://github.com/elasticsearch/elasticsearch/blob/v1.1.1/src/main/java/org/elasticsearch/percolator/PercolatorService.java#L301",160,4,2014-05-14T16:49:15Z,2016-05-25T09:57:47Z,5,1,741,qwerty4030,0,1,pr,high
elastic,elasticsearch,23268,"Limit the timeout of scroll requests",248,4,2017-02-20T16:49:35Z,2017-09-06T08:06:49Z,6,1,197,jimczi,0,1,pr,high
elastic,elasticsearch,24233,"Clear scroll API should support single scroll ID",658,5,2017-04-21T07:23:57Z,2017-04-25T11:43:21Z,1,1,4,glefloch,0,1,pr,high
elastic,elasticsearch,13129,"Match phrase prefix query seems to ignore boost value.",693,3,2015-08-26T19:28:35Z,2015-09-03T18:12:55Z,2,1,7,javanna,0,1,commit,medium
elastic,elasticsearch,13214,"Behaviour different with custom _all",2561,4,2015-08-31T12:46:44Z,2017-09-11T22:31:31Z,6,1,742,carlosdelest,0,1,pr,medium
elastic,elasticsearch,13607,"Range filter with relative date does not use specified time zone",789,4,2015-09-16T08:23:31Z,2015-09-25T11:55:23Z,7,1,9,andrestc,0,1,pr,high
elastic,elasticsearch,14782,"Confusing exception when `regexp` query used on numeric field",317,3,2015-11-16T19:17:10Z,2015-11-21T03:42:21Z,1,1,4,camilojd,0,1,pr,high
elastic,elasticsearch,15741,"""match""  with ""query"" parameter accepts list input and gives wrong results ",685,3,2016-01-04T05:11:51Z,2016-09-13T11:20:14Z,4,1,253,javanna,0,1,pr,high
elastic,elasticsearch,16098,"Inconsistency in multi_match query",1046,4,2016-01-19T17:37:58Z,2016-11-08T09:08:39Z,8,1,293,qwerty4030,0,1,pr,high
elastic,elasticsearch,16441,"Backwards incompatibility: _cache is disallowed for Or Filters",446,4,2016-02-04T05:22:20Z,2017-04-26T11:23:44Z,2,1,447,missinglink,0,1,pr,medium
elastic,elasticsearch,16169,"Malformed multi-match query doesn't throw exception",1724,3,2016-01-22T09:33:25Z,2016-02-13T22:06:55Z,5,1,22,,,,,
elastic,elasticsearch,2663,"Routing and Parent/Child Can lead to documents with same id in the same index and type",494,3,2013-02-19T03:14:11Z,2014-12-24T15:51:15Z,6,1,673,,,,,
elastic,elasticsearch,3068,"conflict between alias routing and parent/child routing",484,4,2013-05-21T17:10:27Z,2015-12-21T08:58:45Z,6,1,943,jimczi,0,1,pr,high
elastic,elasticsearch,16692,"NullPointerException on hasParentQuery when parent does not exist",10419,4,2016-02-16T15:04:55Z,2016-03-03T14:59:46Z,2,1,15,alexshadow007,0,1,pr,high
elastic,elasticsearch,22881,"Range aggregation with no ranges throw a NullPointerException",9018,6,2017-01-31T10:50:30Z,2017-05-17T09:34:02Z,7,1,105,giorgosp,0,1,pr,high
elastic,elasticsearch,8365,"Bulk update child doc, NPE error message when parent is not specified",788,3,2014-11-06T13:58:08Z,2014-11-17T17:30:37Z,1,1,11,markharwood,0,1,commit,medium
elastic,elasticsearch,25528,"Behaviour of auto fuzziness should be configurable",1004,4,2017-07-04T08:34:25Z,2017-08-21T09:00:20Z,8,1,48,matarrese,0,1,pr,high
elastic,elasticsearch,26555,"Add support for querying on range fields in query_string and simple_query_string queries",481,4,2017-09-08T18:06:11Z,2017-12-12T13:33:58Z,9,1,94,romseygeek,0,1,commit,medium
elastic,elasticsearch,11073,"[Docs] Nested Filter Documentation References Facets",1037,3,2015-05-09T00:09:14Z,2015-05-15T14:24:02Z,1,1,6,,,,,
elastic,elasticsearch,21620,"NullPointerException caused by multiple indices search w/ nested, inner_hits",6416,3,2016-11-17T12:02:40Z,2016-12-22T14:09:20Z,5,1,35,martijnvg,0,1,pr,high
elastic,elasticsearch,23482,"No inner hits returned when nested query inside dismax query (v5)",2015,3,2017-03-03T17:30:40Z,2017-03-12T23:22:12Z,2,1,9,martijnvg,0,1,pr,medium
elastic,elasticsearch,26834,"Upgrade ANTLR to 4.5.3",235,2,2017-09-29T11:27:33Z,2017-10-27T18:08:48Z,2,1,28,jdconrad,0,1,pr,medium
elastic,elasticsearch,14944,"more_like_this doesn't understand index alias in doc reference",1904,4,2015-11-23T15:50:19Z,2016-04-20T13:14:37Z,5,1,148,mstockerl,0,1,pr,medium
elastic,elasticsearch,15370,"More like this query doesn't work with document id, works with text match",922,4,2015-12-10T14:57:27Z,2016-03-04T15:34:09Z,2,1,85,,,,,
elastic,elasticsearch,16189,"Warn user when mapper attachments has to extract an unknown format",2259,4,2016-01-22T17:12:49Z,2017-02-06T23:31:44Z,9,1,381,,,,,
elastic,elasticsearch,5956,"Allow elastic search to only read files in template folder. Also if template is considered to be in JSON only, add a check for ""*.json"" extension. ",1391,4,2014-04-28T07:02:45Z,2015-10-14T16:19:29Z,4,1,534,,,,,
elastic,elasticsearch,7863,"Null index in alias POST matches all indices",998,5,2014-09-24T23:02:08Z,2014-10-27T18:40:39Z,2,1,32,TwP,0,1,pr,medium
elastic,elasticsearch,14982,"Inconsistent result from _cat/aliases vs actual state of the indices.",535,3,2015-11-24T19:50:19Z,2016-01-14T13:24:40Z,9,1,50,javanna,0,1,pr,high
elastic,elasticsearch,23960,"Wrong behaviour deleting alias.",1715,3,2017-04-07T03:19:24Z,2017-06-06T09:02:18Z,5,1,60,olcbean,0,1,pr,medium
elastic,elasticsearch,16979,"Remove ClusterStateHealth's validationFailures",510,4,2016-03-07T09:20:52Z,2016-04-20T13:37:42Z,0,1,44,,,,,
elastic,elasticsearch,8362,"Elastic should log what's the expected number of nodes to elect master, when it fails",337,3,2014-11-06T10:48:59Z,2017-04-18T02:18:28Z,2,1,893,pickypg,0,1,pr,high
elastic,elasticsearch,25623,"Add a wait for no intializing shards parameter to cluster health",637,2,2017-07-10T09:02:16Z,2017-11-23T20:09:59Z,5,1,136,dnhatn,0,1,pr,high
elastic,elasticsearch,26942,"NullPointerException on `/_cat/indices` when cluster RED",6818,4,2017-10-10T09:17:04Z,2017-10-10T21:04:56Z,4,1,0,dnhatn,0,1,pr,high
elastic,elasticsearch,18576,"Move useful messages from debug/trace level to warn/error",2782,3,2016-05-25T16:02:18Z,2016-07-25T14:54:13Z,2,1,60,,,,,
elastic,elasticsearch,19089,"Change `unlimited` throttling to use `-1` instead",308,5,2016-06-27T12:32:47Z,2016-07-18T17:09:16Z,0,1,21,nik9000,0,1,pr,high
elastic,elasticsearch,9821,"wrong type for bulk updates and deletes on closed index",2470,3,2015-02-23T14:15:53Z,2015-07-07T07:29:30Z,1,1,133,cbuescher,0,1,pr,high
elastic,elasticsearch,10977,"Throw exception if unrecognised params present in bulk request",1153,3,2015-05-05T10:23:30Z,2015-05-27T16:11:19Z,2,1,22,tlrx,0,1,pr,high
elastic,elasticsearch,11671,"NullPointerException when using bulk import",5012,4,2015-06-15T13:22:09Z,2016-09-16T06:41:53Z,10,1,458,,,,,
elastic,elasticsearch,11527,"Bulk update doesn't support `fields` parameter",594,3,2015-06-07T11:38:35Z,2015-07-08T16:25:32Z,0,1,31,jasontedor,0,1,pr,high
elastic,elasticsearch,12135,"Improve error handling of ClassCastException",1043,4,2015-07-08T22:24:19Z,2015-08-17T07:36:56Z,9,1,39,,,,,
elastic,elasticsearch,12839,"Mapping conflict exception not bubbling up to root cause",1622,4,2015-08-12T18:02:22Z,2015-10-19T15:08:35Z,3,1,67,nik9000,0,1,pr,high
elastic,elasticsearch,16713,"Truncated Cluster State exception should show path",4050,5,2016-02-18T08:00:02Z,2016-02-29T10:44:25Z,3,1,11,bleskes,0,1,pr,high
elastic,elasticsearch,9391,"Auto disable high disk watermak checks on single data node ecluster",135,6,2015-01-23T03:39:01Z,2015-10-03T23:18:54Z,8,1,253,xuzha,0,1,pr,high
elastic,elasticsearch,10588,"doc/log enhancement: disk watermark",410,3,2015-04-14T08:40:43Z,2015-06-01T22:14:12Z,2,1,48,mkis-,0,1,pr,high
elastic,elasticsearch,10403,"Enhancement: hint user on node version mismatch",517,3,2015-04-02T19:31:50Z,2017-09-08T15:18:34Z,4,1,889,dakrone,0,1,pr,high
elastic,elasticsearch,25291,"_cluster/reroute?retry_failed only allocates number of shards permitted by node_concurrent_*_recoveries",647,4,2017-06-19T13:42:12Z,2017-09-08T10:18:53Z,5,1,80,matarrese,0,1,pr,high
elastic,elasticsearch,28012,"StringTerms.Bucket.getKeyAsNumber should detect integers",206,4,2017-12-28T10:43:57Z,2018-01-26T11:22:43Z,3,1,29,matarrese,0,1,pr,high
elastic,elasticsearch,27986,"UpdateRequest need toString()",242,3,2017-12-26T08:11:08Z,2018-01-17T17:04:05Z,5,1,22,zzt93,0,1,pr,high
elastic,elasticsearch,28143,"AggregationBuilder related docs of Java API are outdated",1144,4,2018-01-09T07:39:50Z,2018-01-11T12:00:02Z,6,1,2,0xCarnage04082023,0,1,commit,medium
elastic,elasticsearch,19079,"An incredibly arcane missing header in response to a POST",4504,2,2016-06-26T07:39:47Z,2016-07-25T21:57:37Z,3,1,29,nik9000,0,1,pr,high
elastic,elasticsearch,22686,"`index.store.preload` not present in default index settings or cluster settings",302,4,2017-01-19T09:55:37Z,2017-12-18T09:39:36Z,4,1,332,,,,,
elastic,elasticsearch,27822,"Field Collapsing: Version is not visible for inner_hits",832,3,2017-12-14T15:56:52Z,2017-12-15T17:00:41Z,1,1,1,liketic,0,1,pr,high
elastic,elasticsearch,26886,"Simplify underscore requirements in parameters",1360,3,2017-10-04T19:33:19Z,2017-11-17T20:31:53Z,7,1,44,mayya-sharipova,0,1,pr,high
elastic,elasticsearch,27151,"SnapshotShardsService should use TransportMasterNodeAction for shard status updates",489,3,2017-10-27T16:23:56Z,2017-11-17T16:54:45Z,4,1,21,dnhatn,0,1,pr,high
elastic,elasticsearch,23131,"What is the ""took"" value for multi-search query",804,4,2017-02-12T09:46:18Z,2017-11-02T01:42:33Z,7,1,262,olcbean,0,1,pr,medium
elastic,elasticsearch,10530,"Internal: replace empty index block checks with global block checks",575,3,2015-04-10T12:42:34Z,2017-10-31T15:11:19Z,1,1,935,tlrx,0,1,pr,high
elastic,elasticsearch,26799,"Why the response status of the error ""Result window is too large"" is 500?",770,3,2017-09-27T09:09:50Z,2017-10-31T11:17:27Z,6,1,34,liketic,0,1,pr,high
elastic,elasticsearch,23824,"Better handling of inline scripts in ingest",917,4,2017-03-30T13:45:46Z,2017-10-11T16:15:38Z,8,1,195,liketic,0,1,pr,high
elastic,elasticsearch,22748,"Clear-cache should accept `request` parameter",238,4,2017-01-23T16:44:43Z,2017-10-11T13:33:57Z,8,1,260,nfsec,0,1,pr,medium
elastic,elasticsearch,23755,"Create index : unable to use custom analyzer in default mapping at index creation time",1560,4,2017-03-27T03:57:33Z,2017-09-26T16:49:37Z,4,1,183,olcbean,0,1,pr,medium
elastic,elasticsearch,22768,"Improve ""Fielddata is disabled on text fields by default"" message",522,4,2017-01-24T14:56:24Z,2017-03-31T09:01:08Z,10,1,65,colings86,0,1,pr,high
elastic,elasticsearch,5042,"Geohash grid aggregations's precision should support distance unit",279,4,2014-02-06T16:39:43Z,2017-08-21T15:29:29Z,2,1,1291,cbuescher,0,1,pr,high
elastic,elasticsearch,23646,"Describe how to apply best_compression",417,3,2017-03-19T22:59:05Z,2017-08-15T14:44:38Z,1,1,148,matarrese,0,1,pr,high
elastic,elasticsearch,22640,"MappedFieldType.rangeQuery should rewrite to an `exists` query when both bounds are open",318,4,2017-01-16T15:58:41Z,2017-08-14T07:50:37Z,2,1,209,jimczi,0,1,pr,high
elastic,elasticsearch,7601,"multi search REST API endpoint is sensitive to trailing new line",435,4,2014-09-04T20:59:11Z,2017-08-08T08:45:45Z,8,1,1068,olcbean,0,1,pr,high
elastic,elasticsearch,23823,"Ingest simulate should coerce `_id` to a string",740,4,2017-03-30T13:40:46Z,2017-08-03T18:31:27Z,2,1,126,sneivandt,0,1,pr,medium
elastic,elasticsearch,23761,"Link to javadocs",761,3,2017-03-27T11:48:21Z,2017-07-31T13:41:22Z,5,1,126,javanna,0,1,pr,high
elastic,elasticsearch,24543,"Remove `discovery.type` BWC layer from the EC2/Azure/GCE plugins",426,4,2017-05-08T10:02:07Z,2017-06-14T11:52:48Z,23,1,37,jmorph99,0,1,pr,high
elastic,elasticsearch,24660,"Hour of the day/Day of the week/Week of the month/Month of the year aggregation",790,4,2017-05-14T08:49:46Z,2017-07-07T18:16:54Z,3,1,54,matarrese,0,1,pr,high
elastic,elasticsearch,22530,"Unhandled query size parameter",4427,4,2017-01-10T15:36:25Z,2017-07-04T09:51:39Z,2,1,174,colings86,0,1,pr,high
elastic,elasticsearch,21679,"Expand /_cat/nodes to return information about hard drive (ES v5)",349,3,2016-11-19T10:03:04Z,2017-06-28T16:20:21Z,1,1,221,agebhar1,0,1,pr,high
elastic,elasticsearch,24581,"Deprecate the Tribe node",312,5,2017-05-10T12:06:51Z,2017-06-15T16:41:06Z,1,1,36,glefloch,0,1,pr,high
elastic,elasticsearch,23682,"Add target field to lowercase processor (and others)",288,4,2017-03-21T19:11:57Z,2017-06-13T16:40:44Z,1,1,83,alexshadow007,0,1,pr,high
elastic,elasticsearch,24217,"rollover `max_docs` uses doc count from both primary and replica/s",1070,4,2017-04-20T15:40:25Z,2017-06-13T12:30:46Z,4,1,53,fred84,0,1,pr,high
elastic,elasticsearch,23044,"Create index request should return the index name",340,3,2017-02-08T10:48:17Z,2017-06-09T17:56:00Z,13,1,121,s12v,0,1,pr,medium
elastic,elasticsearch,24806,"Refreshes caused by realtime gets are not counted in the refresh stats",655,4,2017-05-19T19:36:29Z,2017-06-06T16:39:33Z,3,1,17,PnPie,0,1,pr,medium
elastic,elasticsearch,7640,"CBOR: Improve recognition of CBOR data format",771,3,2014-09-08T12:09:52Z,2015-03-20T21:06:51Z,8,1,193,kimchy,0,1,commit,medium
elastic,elasticsearch,10289,"Watcher should not try to compile .swp (or other .*) files",492,4,2015-03-26T23:48:13Z,2017-05-28T05:40:36Z,9,1,793,,,,,
elastic,elasticsearch,19391,"Cleanup Elasticsearch configuration files support",484,4,2016-07-12T14:23:44Z,2017-05-15T00:45:05Z,3,1,306,rjernst,0,1,pr,high
elastic,elasticsearch,20912,"Add `max_concurrent_searches` to msearch-template",437,4,2016-10-13T13:17:47Z,2017-05-10T09:48:51Z,4,1,208,martijnvg,0,1,pr,medium
elastic,elasticsearch,7389,"""Recover after Nodes / Time"" logic and naming is confusing",1082,4,2014-08-21T19:21:41Z,2016-11-28T09:41:40Z,8,1,829,,,,,
elastic,elasticsearch,24031,"POST-ing to /_all/_open and /_all/_close break wildcard expansion",1175,4,2017-04-10T20:53:28Z,2017-04-28T15:41:06Z,7,1,17,olcbean,0,1,pr,high
elastic,elasticsearch,16671,"Update API and versions",529,3,2016-02-15T13:18:59Z,2017-04-28T12:45:19Z,3,1,437,kunal642,0,1,pr,medium
elastic,elasticsearch,11310,"Support timeouts in _msearch API",487,3,2015-05-22T19:24:15Z,2017-04-26T09:37:58Z,7,1,704,timroes,0,1,pr,medium
elastic,elasticsearch,15518,"Log message suggesting setting network.host if using EC2 discovery",428,4,2015-12-17T16:34:02Z,2017-04-24T00:31:30Z,14,1,493,,,,,
elastic,elasticsearch,10492,"Java API produces invalid search request with AggregationBuilders.topHits(""topHitsAgg"").setNoFields()",875,4,2015-04-08T17:06:00Z,2016-01-17T16:36:52Z,2,1,283,,,,,
elastic,elasticsearch,15295,"Plugin install failure exit codes are not unique",537,4,2015-12-07T23:44:50Z,2017-03-21T20:56:01Z,1,1,469,rjernst,0,1,pr,high
elastic,elasticsearch,21984,"Add types options to DeleteByQueryRequest - java api",396,3,2016-12-05T19:47:31Z,2017-03-18T13:31:22Z,2,1,102,kunal642,0,1,pr,medium
elastic,elasticsearch,12480,"Make hidden file detection not rely on the OS environment",223,3,2015-07-27T11:45:55Z,2017-03-13T02:31:29Z,3,1,594,xuzha,0,1,pr,medium
elastic,elasticsearch,12896,"Remove URL from PluginManager",110,4,2015-08-14T19:53:35Z,2017-03-13T00:28:44Z,3,1,576,dakrone,0,1,pr,medium
elastic,elasticsearch,3415,"Include size values for cluster state ",407,4,2013-07-31T11:29:57Z,2017-03-02T19:20:30Z,9,1,1310,abeyad,0,1,pr,high
elastic,elasticsearch,18517,"Duplicate value/getValue in Max aggregation",205,3,2016-05-23T11:59:51Z,2017-03-01T16:04:16Z,3,1,282,,,,,
elastic,elasticsearch,22933,"Include and exclude patterns in visualizations throw an error",1169,3,2017-02-02T15:30:36Z,2017-02-28T17:05:52Z,12,1,26,jpountz,0,1,pr,high
elastic,elasticsearch,16034,"Elasticsearch should reject _id longer than the maximum URI length",388,3,2016-01-16T18:00:58Z,2016-02-22T20:15:39Z,7,1,37,dakrone,0,1,pr,high
elastic,elasticsearch,23239,"Upgrade HDRHistogram",53,4,2017-02-17T18:21:20Z,2017-02-21T07:50:26Z,0,1,3,martinscholz83,0,1,pr,high
elastic,elasticsearch,23211,"Minor fix of _cat documentation",608,4,2017-02-16T16:01:25Z,2017-02-17T09:46:21Z,2,1,0,biyuhao,0,1,pr,high
elastic,elasticsearch,22630,"Expose BooleanSimilarity",217,4,2017-01-15T15:21:36Z,2017-02-15T08:58:01Z,6,1,30,,,,,
elastic,elasticsearch,22922,"elasticsearch-plugin remove without plugin name fails ungracefully",1557,4,2017-02-02T09:37:29Z,2017-02-03T00:39:57Z,0,1,0,cbonoz,0,1,pr,high
elastic,elasticsearch,22521,"CircuitBreakingException message should contain the amount of used memory",789,4,2017-01-10T10:06:18Z,2017-01-30T18:05:09Z,0,1,20,bumbu,0,1,pr,high
elastic,elasticsearch,21448,"Clarify IndexNotFoundException error due to auto_create_index rules",11192,3,2016-11-09T23:03:36Z,2017-01-18T20:18:32Z,3,1,69,nik9000,0,1,pr,high
elastic,elasticsearch,22605,"Index Delete message to be logged as INFO instead of Debug",2483,3,2017-01-13T07:40:10Z,2017-01-15T04:13:41Z,5,1,1,jasontedor,0,1,pr,high
elastic,elasticsearch,4479,"Common interface for GetField and SearchHitField",547,4,2013-12-17T14:17:33Z,2016-12-23T10:10:29Z,2,1,1101,,,,,
elastic,elasticsearch,21739,"FileBasedDiscovery causes connections on every ping round",1010,4,2016-11-22T16:57:06Z,2016-12-21T14:09:59Z,4,1,28,bleskes,0,1,pr,high
elastic,elasticsearch,22149,"add ability delete pipelines with wildcards",664,4,2016-12-13T19:45:39Z,2016-12-19T19:00:00Z,0,1,5,ggajos,0,1,pr,high
elastic,elasticsearch,20941,"Boolean scripted field agg's are coming back as strings",9710,2,2016-10-14T13:58:50Z,2016-12-14T09:04:53Z,10,1,60,stacey-gammon,0,1,pr,medium
elastic,elasticsearch,3839,"http://example.com/ba*,-bar,-baz/_search will search over index foo",1133,3,2013-10-07T14:10:27Z,2016-09-12T12:42:56Z,7,1,1070,qwerty4030,0,1,pr,high
elastic,elasticsearch,6468,"Silently hangs when not able to connect to node",1061,4,2014-06-11T15:43:40Z,2016-11-26T12:18:26Z,2,1,898,clintongormley,0,1,pr,high
elastic,elasticsearch,7460,"Mappings: The get field mappings API should raise an error when shards are not allocated",413,4,2014-08-26T12:50:53Z,2016-11-25T18:37:19Z,1,1,822,,,,,
elastic,elasticsearch,7397,"ScriptDocValues.GeoPoints enforces use of GeoDistance.ARC",129,4,2014-08-22T09:13:58Z,2016-11-25T18:34:29Z,1,1,826,,,,,
elastic,elasticsearch,7194,"Include # of shards information in nodes api output",458,4,2014-08-07T21:47:04Z,2016-11-25T18:27:41Z,1,1,840,,,,,
elastic,elasticsearch,21449,"Handle spaces in action.auto_create_index setting",4568,3,2016-11-09T23:33:17Z,2016-11-24T20:43:59Z,0,1,14,s1monw,0,1,pr,high
elastic,elasticsearch,4569,"Throw an exception when a Transport Client is not part of the connected cluster",278,3,2013-12-30T12:38:00Z,2016-11-07T08:52:46Z,6,1,1042,,,,,
elastic,elasticsearch,5087,"Type-exists HEAD request returns 404 unless type exists in all specified indices",580,3,2014-02-11T20:21:50Z,2016-11-06T12:15:13Z,6,1,998,,,,,
elastic,elasticsearch,4642,"Add percentage for other stats (affects _stats and _cat)",195,4,2014-01-07T12:43:53Z,2016-11-06T11:07:31Z,10,1,1033,,,,,
elastic,elasticsearch,4758,"Get repository should support wildcards",172,3,2014-01-16T12:33:23Z,2016-11-06T07:40:36Z,3,1,1024,ywelsch,0,1,pr,medium
elastic,elasticsearch,14001,"More detail on cause of allocation failure / unassigned shards",1547,4,2015-10-07T19:41:39Z,2016-01-12T12:28:24Z,5,1,96,fforbeck,0,1,commit,medium
elastic,elasticsearch,21046,"All date formats should be documented for `date` format page",520,3,2016-10-20T16:43:43Z,2016-10-31T15:15:36Z,1,1,10,dakrone,0,1,pr,high
elastic,elasticsearch,17957,"Get and MultiGet inconsistency with date math expressions",602,3,2016-04-25T15:53:33Z,2016-10-20T07:26:55Z,2,1,177,qwerty4030,0,1,pr,high
elastic,elasticsearch,15077,"Remove deprecated `/{index}/{type}/_mapping` endpoints",208,4,2015-11-28T11:19:43Z,2016-10-18T08:12:24Z,4,1,324,,,,,
elastic,elasticsearch,18030,"Add org.apache.lucene.search.MatchNoDocsQuery to forbiddenApi",486,2,2016-04-28T08:26:43Z,2016-10-10T19:42:52Z,5,1,165,jimczi,0,1,pr,medium
elastic,elasticsearch,20845,"MultiGet fails entirely when using alias that points to multiple indices",232,4,2016-10-10T20:37:29Z,2016-10-11T16:07:39Z,0,1,0,tlrx,0,1,pr,high
elastic,elasticsearch,10946,"REST: Calling `_anything` returns confusing error message",577,4,2015-05-04T07:01:08Z,2016-09-27T19:32:28Z,3,1,512,dakrone,0,1,pr,high
elastic,elasticsearch,15229,"Clarify what ""number"" is for weighting",202,2,2015-12-04T03:33:46Z,2016-09-27T16:19:43Z,1,1,298,,,,,
elastic,elasticsearch,14195,"Cat API uses Content-Type to determine response type ",581,4,2015-10-19T13:36:46Z,2016-09-23T17:22:17Z,2,1,340,,,,,
elastic,elasticsearch,9359,"action.auto_create_index_from_template",702,4,2015-01-20T05:18:01Z,2016-09-23T12:06:36Z,12,1,612,,,,,
elastic,elasticsearch,18529,"Remove multiple variations of deleting blobs from BlobContainer interface",538,4,2016-05-23T21:35:31Z,2016-07-13T18:36:23Z,2,1,50,gfyoung,0,1,pr,high
elastic,elasticsearch,18522,"SnapshotsStatusRequest should take ignoreUnavailable",227,4,2016-05-23T17:21:52Z,2016-08-19T20:19:56Z,0,1,88,abeyad,0,1,pr,high
elastic,elasticsearch,20010,"Incosistent API definition and test for ingest.get_pipeline",542,3,2016-08-16T19:02:39Z,2016-08-17T12:41:10Z,4,1,0,clintongormley,0,1,commit,medium
elastic,elasticsearch,20149,"Expose the new min hashing / LSH filter",156,5,2016-08-24T22:27:36Z,2016-09-07T07:38:12Z,0,1,13,a2lin,0,1,pr,high
elastic,elasticsearch,20379,"Add node name to decider trace logging",492,3,2016-09-08T02:04:59Z,2016-09-13T20:18:29Z,5,1,5,makeyang,0,1,pr,high
elastic,elasticsearch,7513,"action.auto_create_index isn't a dynamic setting",152,4,2014-08-29T15:32:52Z,2016-09-01T10:39:57Z,12,1,733,martijnvg,0,1,pr,medium
elastic,elasticsearch,20201,"Missing footnote descriptions in mappings",322,3,2016-08-29T00:55:50Z,2016-08-29T13:19:43Z,2,1,0,,,,,
elastic,elasticsearch,7758,"Better handling when attempting to search with source filtering against docs with disabled source",620,4,2014-09-17T01:34:25Z,2016-08-27T11:24:45Z,2,1,710,qwerty4030,0,1,pr,high
elastic,elasticsearch,19634,"_cat/shards should support index pattern wildcards",1609,4,2016-07-27T20:40:22Z,2016-08-01T09:10:54Z,0,1,4,tlrx,0,1,pr,high
elastic,elasticsearch,2998,"Store Level Throttling (index level) is not dynamic",863,4,2013-05-06T19:39:49Z,2016-08-24T15:12:05Z,4,1,1205,,,,,
elastic,elasticsearch,19364,"Allow bucket_script to operate on date_range buckets.",2845,4,2016-07-11T15:18:57Z,2016-08-22T17:38:13Z,0,1,42,tsouza,0,1,pr,high
elastic,elasticsearch,20090,"Remove spaces from commented out config settings",519,3,2016-08-20T08:11:28Z,2016-08-22T13:03:34Z,2,1,2,abeyad,0,1,pr,high
elastic,elasticsearch,19142,"inner_hits breaks from version 1.7 to 2.3 upgrade",6397,3,2016-06-29T09:04:35Z,2016-08-18T20:31:16Z,5,1,50,tsouza,0,1,pr,high
elastic,elasticsearch,19735,"Hostname and shard ID missing from slow log",3431,4,2016-08-02T06:29:45Z,2016-08-12T13:33:43Z,2,1,10,jimczi,0,1,pr,high
elastic,elasticsearch,9579,"Get _source fails if original document is not JSON",509,4,2015-02-05T10:23:06Z,2016-08-10T15:44:18Z,3,1,552,,,,,
elastic,elasticsearch,18530,"BlobContainer's deleteBlob method should not be lenient",528,4,2016-05-23T22:11:15Z,2016-08-01T16:04:07Z,8,1,69,gfyoung,0,1,pr,high
elastic,elasticsearch,18528,"Remove redundant writeBlob methods in BlobContainer interface",489,4,2016-05-23T21:26:29Z,2016-08-02T13:21:43Z,2,1,70,abeyad,0,1,pr,high
elastic,elasticsearch,14802,"date_histogram interval uses xM as xm",900,4,2015-11-17T16:00:51Z,2016-08-03T07:51:55Z,4,1,259,,,,,
elastic,elasticsearch,15579,"FSBlobContainer leniently truncates",781,3,2015-12-21T19:28:17Z,2016-08-02T13:48:21Z,1,1,224,abeyad,0,1,pr,high
elastic,elasticsearch,19504,"Undeprecate ""aggs"" in search request bodies",348,4,2016-07-19T19:01:33Z,2016-07-29T08:15:28Z,6,1,9,colings86,0,1,pr,high
elastic,elasticsearch,19422,"_count requires query in body where _search does not",728,4,2016-07-13T19:20:42Z,2016-07-26T16:17:52Z,1,1,12,cbuescher,0,1,pr,high
elastic,elasticsearch,19267,"Updates in bulk api always update shards.",1533,4,2016-07-05T11:40:10Z,2016-07-26T15:16:19Z,6,1,21,a2lin,0,1,pr,high
elastic,elasticsearch,6405,"date_histogram extendedBounds(DateTime,DateTime) failed when using format option",3660,4,2014-06-04T11:16:45Z,2016-07-26T13:08:39Z,3,1,783,,,,,
elastic,elasticsearch,8632,"Add notes about scripting and bulk api",255,2,2014-11-24T12:12:53Z,2016-07-13T12:48:04Z,6,1,597,,,,,
elastic,elasticsearch,19232,"Field stats API gte/lt reversed?",1273,2,2016-07-03T03:18:56Z,2016-07-07T12:57:01Z,6,1,4,clintongormley,0,1,commit,medium
elastic,elasticsearch,18943,"Rename `fields` to `stored_fields` and add `docvalue_fields`",448,5,2016-06-17T13:27:36Z,2016-07-04T08:40:27Z,3,1,16,jimczi,0,1,pr,high
elastic,elasticsearch,19132,"Show UUID in cat indices",835,5,2016-06-28T17:54:35Z,2016-07-01T18:46:55Z,0,1,3,,,,,
elastic,elasticsearch,17929,"Delete archived cluster settings with `null`",202,3,2016-04-22T12:31:38Z,2016-06-17T13:27:35Z,1,1,56,,,,,
elastic,elasticsearch,15269,"Hidden files should be ignored by the ScriptsService",2296,4,2015-12-07T04:42:58Z,2016-03-09T22:45:24Z,11,1,93,fforbeck,0,1,pr,high
elastic,elasticsearch,13245,"When JNA is not found, leave the warning but don't show the stracktrace",5892,3,2015-09-01T13:07:31Z,2016-06-23T13:21:40Z,29,1,296,jasontedor,0,1,pr,high
elastic,elasticsearch,8175,"Disable Unsafe usage from Groovy dependency",124,2,2014-10-21T08:57:29Z,2016-06-20T13:40:34Z,10,1,608,,,,,
elastic,elasticsearch,16408,"""fields"" is missing in hit if script field returns a null value",486,3,2016-02-03T10:44:06Z,2016-06-17T20:41:25Z,2,1,135,jeff303,0,1,pr,high
elastic,elasticsearch,18794,"flat_settings ignored on nodes info in 5.0.0-alpha3",2083,5,2016-06-09T04:47:26Z,2016-06-16T14:03:51Z,0,1,7,alexshadow007,0,1,pr,high
elastic,elasticsearch,18013,"_msearch errors don't contain status",443,4,2016-04-27T13:52:06Z,2016-06-16T12:31:39Z,0,1,49,a2lin,0,1,pr,high
elastic,elasticsearch,18569,"Change `include_global_state` default to `false`",268,5,2016-05-25T12:28:35Z,2016-06-08T17:15:16Z,0,1,14,dakrone,0,1,pr,high
elastic,elasticsearch,17499,"Extended Stats Bucket Aggregation returns parse exception when sigma is an Integer",6673,3,2016-04-04T06:20:19Z,2016-06-07T09:14:49Z,5,1,64,alexshadow007,0,1,pr,medium
elastic,elasticsearch,18708,"Closed TransportClient should throw meaningful exceptions when subsequently used",1048,2,2016-06-02T20:59:09Z,2016-06-06T15:27:26Z,0,1,3,jasontedor,0,1,pr,high
elastic,elasticsearch,15866,"Thread pool size should not be a global (cluster update API) setting",247,3,2016-01-08T19:45:42Z,2016-06-02T13:50:52Z,1,1,145,,,,,
elastic,elasticsearch,14448,"Limit the maximum queue_size for fixed thread pools?",459,4,2015-11-02T18:56:23Z,2016-05-27T14:33:20Z,6,1,206,jasontedor,0,1,pr,medium
elastic,elasticsearch,18588,"RemovePluginCommand.java reports older plugin command name",1056,4,2016-05-26T11:59:14Z,2016-05-26T18:46:09Z,0,1,0,jasontedor,0,1,pr,high
elastic,elasticsearch,16419,"Indices cat API doesn't list closed indices when filtered",823,3,2016-02-03T15:32:29Z,2016-05-25T08:02:15Z,4,1,111,ywelsch,0,1,pr,high
elastic,elasticsearch,9800,"Missing quotes breaks stuff",359,3,2015-02-20T21:11:26Z,2016-05-24T10:05:41Z,13,1,458,,,,,
elastic,elasticsearch,12700,"Multiple node spec does not work with _only_nodes search preference",1050,5,2015-08-06T17:45:10Z,2016-05-23T08:03:44Z,2,1,290,jimczi,0,1,pr,high
elastic,elasticsearch,12546,"_only_nodes against a node attribute not shuffling requests between nodes",337,5,2015-07-29T22:16:40Z,2016-05-23T08:03:44Z,3,1,298,jimczi,0,1,pr,high
elastic,elasticsearch,17114,"Remove ""sandbox"" option from script settings",367,6,2016-03-15T15:10:45Z,2016-05-13T15:50:54Z,3,1,59,dakrone,0,1,pr,high
elastic,elasticsearch,16375,"Output version when running bin/plugin list",329,4,2016-02-02T15:27:57Z,2016-05-10T15:33:40Z,19,1,98,gmoskovicz,0,1,pr,medium
elastic,elasticsearch,10249,"Change output of _cat/fielddata to be row-centric",1699,5,2015-03-25T02:57:49Z,2016-05-10T14:28:00Z,3,1,412,alexshadow007,0,1,pr,high
elastic,elasticsearch,3740,"Nodes API: Return failures in nodes response",133,4,2013-09-19T13:47:34Z,2016-05-06T19:00:38Z,2,1,960,pickypg,0,1,pr,high
elastic,elasticsearch,8041,"Add Node Name to _cat/recovery",209,3,2014-10-09T20:01:29Z,2016-05-06T15:20:27Z,0,1,574,tlrx,0,1,pr,high
elastic,elasticsearch,18175," rfc3986, html 4.01 spec: support semicolons as well as ampersand?",416,3,2016-05-06T07:32:26Z,2016-05-06T13:54:26Z,1,1,0,jasontedor,0,1,pr,high
elastic,elasticsearch,2612,"Explain API ignores search_type",3488,4,2013-02-04T03:14:48Z,2016-05-06T13:19:46Z,4,1,1187,,,,,
elastic,elasticsearch,16137,"geo_point ignore ignore_malformed setting",3303,3,2016-01-21T01:35:29Z,2016-05-04T16:29:21Z,1,1,104,,,,,
elastic,elasticsearch,5067,"Update documentation to prevent dropping tcp connections",541,4,2014-02-10T12:47:43Z,2016-04-25T07:28:06Z,2,1,804,,,,,
elastic,elasticsearch,8988,"Deprecate camelCasing",1096,4,2014-12-17T14:49:49Z,2016-04-22T16:49:09Z,16,1,492,ywelsch,0,1,pr,medium
elastic,elasticsearch,17753,"Make Script Writeable",304,3,2016-04-14T14:20:30Z,2016-04-22T06:39:01Z,0,1,7,MaineC,0,1,pr,high
elastic,elasticsearch,17025,"Slowlogs no longer include index name",2092,5,2016-03-09T06:33:21Z,2016-04-18T10:40:53Z,5,1,40,s1monw,0,1,pr,high
elastic,elasticsearch,11797,"Fold `plugin` script into `elasticsearch` script with -plugin option",294,4,2015-06-22T10:18:25Z,2016-01-18T20:41:54Z,7,1,210,,,,,
elastic,elasticsearch,15802,"Allow Query/Filter Cache to be disabled by index",716,3,2016-01-06T20:12:23Z,2016-04-11T16:06:50Z,6,1,95,jpountz,0,1,pr,high
elastic,elasticsearch,17409,"Smoke Tester: Use `node.portsfile` to find out ports",134,2,2016-03-30T13:11:51Z,2016-04-06T07:16:19Z,0,1,6,spinscale,0,1,pr,high
elastic,elasticsearch,17384,"Rename LinearInterpoatingScorer to LinearInterpo**l**atingScorer",35,1,2016-03-29T13:33:16Z,2016-03-30T00:45:35Z,3,1,0,nik9000,0,1,pr,medium
elastic,elasticsearch,10458,"[GEO-JavaApi] ShapeBuilder.new{Geometry} should accept initialization parameters",496,4,2015-04-07T13:21:32Z,2016-01-17T16:31:00Z,2,1,285,,,,,
elastic,elasticsearch,17101,"queryCacheMemory is a shorthand for 2 different values",1086,3,2016-03-14T22:09:53Z,2016-03-22T14:37:21Z,0,1,7,alexshadow007,0,1,pr,high
elastic,elasticsearch,17147,"Allow access to the rest of the document from inside ingest foreach processor",1764,3,2016-03-16T16:27:37Z,2016-03-22T09:32:55Z,3,1,5,martijnvg,0,1,pr,medium
elastic,elasticsearch,15338,"OutOfMemoryError[Java heap space] when executing update with bad fields",4052,4,2015-12-09T16:03:43Z,2016-03-17T13:42:06Z,1,1,98,tlrx,0,1,pr,high
elastic,elasticsearch,14685,"Switching from log4j to slf4j breaks ES 2.0 bin/plugin",1417,4,2015-11-11T14:30:21Z,2016-02-14T16:04:52Z,1,1,95,,,,,
elastic,elasticsearch,15872,"Remove ""geohash"" json object parsing for geo_point fields",264,3,2016-01-09T05:00:27Z,2016-03-16T17:38:03Z,1,1,67,,,,,
elastic,elasticsearch,13616,"plugin.bat error parsing Java options",669,6,2015-09-16T14:53:07Z,2015-10-13T11:33:53Z,0,1,26,ywelsch,0,1,pr,high
elastic,elasticsearch,17027,"Multi-index expressions not respecting excludes",880,5,2016-03-09T09:46:49Z,2016-03-09T23:28:28Z,1,1,0,alexshadow007,0,1,pr,high
elastic,elasticsearch,16812,"Unexpected `array_index_out_of_bounds_exception`",1516,4,2016-02-25T18:44:35Z,2016-03-07T09:44:20Z,1,1,10,alexshadow007,0,1,pr,high
elastic,elasticsearch,16942,"Mention path.repo in backup chapter of the guide",265,2,2016-03-03T22:06:24Z,2016-03-03T22:07:39Z,1,1,0,,,,,
elastic,elasticsearch,16115,"Index buffer - clarify min and max settings relative to size",539,4,2016-01-20T08:59:58Z,2016-03-03T16:17:46Z,6,1,43,,,,,
elastic,elasticsearch,16105,"Nodes info and stats output do not show tribe node clients",1083,3,2016-01-20T01:20:05Z,2016-03-01T16:57:35Z,2,1,41,,,,,
elastic,elasticsearch,16008,"_cat/count docs clarification",167,2,2016-01-15T05:20:47Z,2016-03-01T12:41:19Z,0,1,46,clintongormley,0,1,commit,medium
elastic,elasticsearch,15469,"Update scripting documentation to provide examples using true/false vs. on/off",437,4,2015-12-16T03:48:59Z,2016-02-15T16:55:13Z,3,1,61,jasontedor,0,1,pr,medium
elastic,elasticsearch,16657,"Groovy script throws java.lang.NoClassDefFoundError: groovy/lang/Reference",794,3,2016-02-14T09:28:21Z,2016-02-14T15:15:21Z,1,1,0,,,,,
elastic,elasticsearch,5822,"key_as_string for ip type terms not returned by java api",1415,5,2014-04-15T18:38:25Z,2016-02-14T10:42:29Z,3,1,669,,,,,
elastic,elasticsearch,15974,"_recovery api shows negative metrics after translog replay",454,4,2016-01-14T05:20:00Z,2016-02-08T11:01:06Z,3,1,25,bleskes,0,1,commit,medium
elastic,elasticsearch,14429,"Update node.(other) docs",238,2,2015-11-02T07:46:42Z,2016-01-30T17:14:31Z,1,1,89,pickypg,0,1,commit,medium
elastic,elasticsearch,14357,"Elasticsearch 2.0.0 don't start if marvel-agent is set in plugin.mandatory",1249,3,2015-10-29T16:55:38Z,2016-01-29T20:22:03Z,3,1,92,tlrx,0,1,pr,high
elastic,elasticsearch,16301,"Lucene version check prevents people updating Lucene to get bugfixes",690,3,2016-01-28T23:30:43Z,2016-01-29T11:17:36Z,5,1,0,s1monw,0,1,pr,high
elastic,elasticsearch,13005,"Show build hash/timestamp for plugins in verbose mode",145,2,2015-08-19T19:39:28Z,2016-01-28T12:51:40Z,1,1,161,,,,,
elastic,elasticsearch,13103,"Allow validating that settings update doesn't produce invalid combinations",756,4,2015-08-25T12:30:03Z,2016-01-28T14:18:59Z,2,1,156,,,,,
elastic,elasticsearch,8708,"Add `force-recover` corrupted shards command to reroute",241,4,2014-11-29T15:17:46Z,2015-11-21T22:01:35Z,12,1,357,,,,,
elastic,elasticsearch,12790,"Index ""creation_date"" not accurate when created with settings from another index",504,4,2015-08-11T00:19:31Z,2016-01-19T11:26:47Z,16,1,161,s1monw,0,1,pr,high
elastic,elasticsearch,11548,"Allow number_of_shards to be set via API",896,4,2015-06-09T00:46:16Z,2016-01-18T20:14:24Z,2,1,223,,,,,
elastic,elasticsearch,10549,"extended_bounds does not work on date histogram when index name is missing.",1428,4,2015-04-11T19:14:59Z,2016-01-17T17:10:55Z,1,1,280,,,,,
elastic,elasticsearch,15988,"timeInQueue for pending_tasks growing too fast?",46659,8,2016-01-14T14:45:02Z,2016-01-15T13:01:50Z,3,1,0,jasontedor,0,1,pr,high
elastic,elasticsearch,15917,"add loadaverage support for freebsd",178,3,2016-01-12T04:46:04Z,2016-01-14T01:11:22Z,1,1,1,jasontedor,0,1,pr,high
elastic,elasticsearch,15822,"java.lang.NullPointerException while updating document",1250,4,2016-01-07T12:36:07Z,2016-01-12T16:13:54Z,3,1,5,abeyad,0,1,pr,high
elastic,elasticsearch,15359,"thread_pool unconsistency issue",209,4,2015-12-10T10:37:32Z,2016-01-11T15:00:33Z,1,1,32,,,,,
elastic,elasticsearch,14148,"How to switch default HttpServerTransport?",360,5,2015-10-15T23:10:35Z,2015-12-16T19:54:30Z,6,1,61,rjernst,0,1,pr,high
elastic,elasticsearch,14346,"XContent Builder doesn't check for null keys in maps. It should raise an exception",426,3,2015-10-28T21:46:24Z,2015-12-16T16:04:34Z,2,1,48,javanna,0,1,pr,high
elastic,elasticsearch,14730,"StatsAggegator has a missing character.",276,5,2015-11-13T07:51:10Z,2015-12-09T13:39:27Z,2,1,26,martinstuga,0,1,pr,high
elastic,elasticsearch,9464,"_cat APIs add space at the end of a line",958,3,2015-01-28T15:13:00Z,2015-12-08T14:05:25Z,3,1,313,jimczi,0,1,pr,high
elastic,elasticsearch,10153,"Describe types as ""partition by"" instead of tables",273,3,2015-03-19T06:51:28Z,2015-12-05T20:42:38Z,5,1,261,,,,,
elastic,elasticsearch,15165,"Remove GET from _forcemerge API",383,5,2015-12-01T23:45:17Z,2015-12-04T17:39:46Z,0,1,2,dakrone,0,1,pr,high
elastic,elasticsearch,5064,"Updating plugins",686,4,2014-02-10T02:41:24Z,2015-12-01T11:42:30Z,4,1,659,dadoonet,0,1,pr,medium
elastic,elasticsearch,14489,"Refuse to load fields from _source when using the `fields` option",302,4,2015-11-03T18:06:07Z,2015-11-30T10:01:21Z,2,1,26,jimczi,0,1,pr,high
elastic,elasticsearch,10783,"Support * wildcard to retrieve stored fields",1087,4,2015-04-24T13:36:31Z,2015-11-30T10:01:21Z,1,1,219,jimczi,0,1,pr,high
elastic,elasticsearch,5794,"Stats API fetching all indices information if given regex has no matches",350,4,2014-04-14T07:07:15Z,2015-11-28T15:07:59Z,5,1,593,,,,,
elastic,elasticsearch,14849,"Clarify where index.similarity.default.type is set",308,4,2015-11-19T00:36:21Z,2015-11-24T14:01:43Z,0,1,5,wmlwang,0,1,pr,high
elastic,elasticsearch,13156,"_cat should not default to verbose",1668,4,2015-08-27T16:38:59Z,2015-08-28T15:59:29Z,6,1,0,nik9000,0,1,pr,high
elastic,elasticsearch,14205,"Plugin Installation No Longer Checks for Already Installed Plugin",2036,5,2015-10-20T12:42:33Z,2015-10-20T13:59:23Z,2,1,0,rmuir,0,1,commit,medium
elastic,elasticsearch,8824,"'?' matching in index name wildcard patterns",312,3,2014-12-08T18:41:52Z,2015-11-21T22:14:37Z,1,1,348,,,,,
elastic,elasticsearch,7998,"_cat/allocation output should filter non data nodes",318,2,2014-10-06T18:31:15Z,2015-11-21T19:26:26Z,1,1,411,,,,,
elastic,elasticsearch,7629,"Parameter/field namespace clash in terms filter",326,3,2014-09-06T16:56:46Z,2015-11-21T18:29:10Z,1,1,441,,,,,
elastic,elasticsearch,6674,"Wildcards for fields in fuzzy like this query",1478,1,2014-07-02T08:01:28Z,2015-11-21T15:33:19Z,4,1,507,,,,,
elastic,elasticsearch,11391,"REST Test blacklist should not use PathMatcher",778,4,2015-05-28T12:10:44Z,2015-11-19T14:30:28Z,4,1,175,danielmitterdorfer,0,1,pr,high
elastic,elasticsearch,4031,"Add tags to all ""stats"" related APIs",585,4,2013-10-31T21:26:58Z,2015-10-14T12:16:57Z,2,1,712,,,,,
elastic,elasticsearch,13887,"Single corrupted snapshot file shouldn't prevent listing all other snapshot in repository",176,4,2015-10-01T14:01:34Z,2015-11-19T06:09:08Z,0,1,48,xuzha,0,1,pr,high
elastic,elasticsearch,11657,"Log cluster health state (green/yellow/red) change",157,3,2015-06-15T04:33:51Z,2015-11-16T14:16:21Z,10,1,154,danielmitterdorfer,0,1,pr,high
elastic,elasticsearch,9170,"_cat/nodes missing version number",899,2,2015-01-06T19:23:43Z,2015-11-09T23:37:13Z,4,1,307,,,,,
elastic,elasticsearch,14442,"Elasticsearch _bulk endpoint fails if data contains UTF-8 Byte Order Mark",5912,5,2015-11-02T16:32:28Z,2015-11-09T11:09:28Z,3,1,6,camilojd,0,1,commit,medium
elastic,elasticsearch,12962,"SearchSourceBuilder.field() method is not accessible through TopHitsBuilder",469,3,2015-08-18T15:45:42Z,2015-11-09T10:40:13Z,0,1,82,wbowling,0,1,pr,high
elastic,elasticsearch,13917,"processors setting is not reflected in nodes info API (""os.available_processors"")",522,7,2015-10-03T04:59:45Z,2015-11-03T17:55:44Z,2,1,31,xuzha,0,1,pr,high
elastic,elasticsearch,13132,"Inconsistent handling of string numerics in geo aggregation ""precision"" parameter",1515,3,2015-08-27T00:43:09Z,2015-11-04T08:08:57Z,0,1,69,danielmitterdorfer,0,1,pr,high
elastic,elasticsearch,12843,"Move free disk log entries to TRACE level when there is plenty of free disk space",489,4,2015-08-12T23:15:23Z,2015-10-30T21:07:21Z,1,1,78,dakrone,0,1,pr,high
elastic,elasticsearch,13610,"Expose pending cluster state queue size in node stats",351,5,2015-09-16T09:06:25Z,2015-10-28T18:03:57Z,0,1,42,xuzha,0,1,pr,high
elastic,elasticsearch,8862,"Remove top level `filter` parameter",321,2,2014-12-10T01:53:41Z,2015-10-28T10:18:38Z,7,1,322,ycombinator,0,1,pr,high
elastic,elasticsearch,13855,"Trailing JSON object should throw invalid JSON exception",223,4,2015-09-29T15:50:27Z,2015-10-02T14:20:50Z,2,1,2,,,,,
elastic,elasticsearch,14254,"Recommended Heap - Documentation Error?",399,2,2015-10-22T15:13:47Z,2015-10-23T18:14:04Z,5,1,1,,,,,
elastic,elasticsearch,14258,"Update  facets reference to aggs",241,2,2015-10-23T03:38:22Z,2015-10-23T18:26:51Z,1,1,0,,,,,
elastic,elasticsearch,13094,"Return error for invalid search exists api query",1269,3,2015-08-25T03:31:30Z,2015-10-21T16:48:21Z,4,1,57,,,,,
elastic,elasticsearch,14177,"Getting document by ID with '/' slash in the id",296,4,2015-10-18T08:25:12Z,2015-10-21T10:17:34Z,2,1,3,javanna,0,1,pr,high
elastic,elasticsearch,4405,"Documentation for the ""stored scripts"" feature",686,3,2013-12-10T22:30:11Z,2015-10-14T12:07:03Z,3,1,672,,,,,
elastic,elasticsearch,13817,"Delete scroll returns empty response",289,4,2015-09-26T22:13:52Z,2015-10-09T03:48:33Z,2,1,12,xuzha,0,1,pr,high
elastic,elasticsearch,13865,"elasticsearch service not starting on Debian 8.2 boot",957,3,2015-09-29T23:40:42Z,2015-10-08T16:09:29Z,2,1,8,kkirsche,0,1,pr,high
elastic,elasticsearch,13301,"Mention node restart after plugin removal",390,2,2015-09-03T06:52:32Z,2015-10-07T16:11:38Z,4,1,34,kkirsche,0,1,commit,medium
elastic,elasticsearch,12907,"Output PluginInfo only when in verbose mode",580,4,2015-08-15T08:33:13Z,2015-09-14T19:37:38Z,1,1,30,nik9000,0,1,commit,medium
elastic,elasticsearch,13529,"Add disk used by ES to _cat/allocation",327,4,2015-09-11T22:14:37Z,2015-10-01T18:26:58Z,5,1,19,andrestc,0,1,pr,high
elastic,elasticsearch,12654,"improve plugin integration tests",310,4,2015-08-04T19:55:39Z,2015-09-19T15:16:26Z,7,1,45,,,,,
elastic,elasticsearch,13334,"Multiple wildcards don't seem to work",681,5,2015-09-03T23:43:38Z,2015-09-15T18:05:19Z,4,1,11,xuzha,0,1,pr,medium
elastic,elasticsearch,11524,"Add option to `_cat/indices` to return index creation date",175,4,2015-06-05T22:36:18Z,2015-09-30T18:05:58Z,2,1,116,szroland,0,1,pr,medium
elastic,elasticsearch,9908,"[Docs] Zen Discovery references deprecated ping_timeout setting",365,3,2015-02-26T20:05:53Z,2015-09-23T17:19:43Z,3,1,208,jasontedor,0,1,pr,medium
elastic,elasticsearch,13320,"RestUtils.decodeQueryString does not correctly handle fragments",505,4,2015-09-03T17:54:58Z,2015-09-21T20:19:00Z,0,1,18,camilojd,0,1,commit,medium
elastic,elasticsearch,13613,"plugin script doesn't detect when Java is not installed",249,4,2015-09-16T12:17:38Z,2015-09-21T18:40:26Z,0,1,5,andrestc,0,1,pr,high
elastic,elasticsearch,10574,"Contrary to the javadoc, cluster health check fails with null indices",914,4,2015-04-13T15:34:07Z,2015-09-18T17:18:59Z,6,1,158,,,,,
elastic,elasticsearch,12889,"Remove the `network` option from nodes info/stats",226,6,2015-08-14T17:12:57Z,2015-08-17T12:46:05Z,1,1,2,xuzha,0,1,pr,high
elastic,elasticsearch,8938,"Indices stats: Add counter for failed indexing requests",631,3,2014-12-12T22:37:26Z,2015-09-10T14:13:51Z,4,1,271,andrestc,0,1,commit,medium
elastic,elasticsearch,13352,"Terms Agg filtering values using array of values works but not documented",348,3,2015-09-04T17:10:11Z,2015-09-08T07:59:36Z,4,1,3,,,,,
elastic,elasticsearch,13241,"Document transport.ping_schedule",123,3,2015-09-01T11:17:09Z,2015-09-01T11:44:36Z,0,1,0,clintongormley,0,1,commit,medium
elastic,elasticsearch,4665,"Put DestructiveOperations logic into a guice component or merge it into an existing component",351,3,2014-01-09T10:59:53Z,2015-08-31T19:22:55Z,4,1,599,jimhooker2002,0,1,pr,high
elastic,elasticsearch,8991,"warmers delete _all Exception",406,2,2014-12-17T15:30:04Z,2015-08-27T10:25:19Z,1,1,252,andrestc,0,1,commit,medium
elastic,elasticsearch,2028,"Scan scrolling should return results in the initial response",451,4,2012-06-18T17:20:27Z,2015-08-19T17:55:05Z,2,1,1157,,,,,
elastic,elasticsearch,10404,"Inconsistent value types for node status/info",431,4,2015-04-02T19:48:12Z,2015-08-24T08:06:38Z,1,1,143,,,,,
elastic,elasticsearch,10170,"[GEO] Deprecate 'validate_*' options in GeoPointMapping",258,3,2015-03-19T20:03:00Z,2015-08-17T19:47:15Z,5,1,150,nknize,0,1,pr,high
elastic,elasticsearch,11510,"Log message to indicate that no `elasticsearch.yml` file was found",193,5,2015-06-05T08:56:34Z,2015-08-13T12:26:03Z,0,1,69,saschamarkus,0,1,pr,high
elastic,elasticsearch,11571,"Update REST API documentation with valid examples",244,3,2015-06-10T10:15:42Z,2015-08-13T10:10:39Z,3,1,63,kubum,0,1,commit,medium
elastic,elasticsearch,4485,"Option to disable logging source in slowlog",279,2,2013-12-17T15:19:48Z,2015-08-11T20:57:01Z,1,1,602,nik9000,0,1,pr,high
elastic,elasticsearch,9732,"EsAbortPolicy should show thread pool name",390,5,2015-02-17T18:58:09Z,2015-08-05T18:29:55Z,3,1,168,nik9000,0,1,pr,high
elastic,elasticsearch,12533,"Add support for bulk delete operation in snapshot repository",252,4,2015-07-29T15:24:46Z,2015-08-04T21:22:50Z,1,1,6,imotov,0,1,pr,high
elastic,elasticsearch,11952,"[Docs] Embedded node client should disable HTTP",580,3,2015-06-30T16:12:05Z,2015-07-31T03:13:22Z,2,1,30,pickypg,0,1,pr,high
elastic,elasticsearch,8000,"Node attributes in _cat/nodes",663,4,2014-10-06T18:52:37Z,2015-07-29T21:01:22Z,3,1,296,bookshelfdave,0,1,pr,high
elastic,elasticsearch,11733,"GC Logs should add -XX:+PrintGCDateStamps",356,2,2015-06-17T20:05:56Z,2015-07-27T19:20:50Z,0,1,39,pickypg,0,1,pr,high
elastic,elasticsearch,12149,"Add global search timeout setting",71,4,2015-07-09T09:50:03Z,2015-07-17T13:23:16Z,0,1,8,jasontedor,0,1,pr,high
elastic,elasticsearch,12184,"Term filter parser too lenient",494,2,2015-07-10T14:09:55Z,2015-07-13T08:03:24Z,2,1,2,spinscale,0,1,pr,high
elastic,elasticsearch,10056,"[Bug] Unexpected behavior when indexing boolean values",1324,4,2015-03-11T09:07:41Z,2015-07-09T19:20:56Z,1,1,120,,,,,
elastic,elasticsearch,11924,"Elasticsearch 2.0 joins 1.6 cluster",110,5,2015-06-29T18:25:04Z,2015-07-02T18:53:17Z,3,1,3,martijnvg,0,1,pr,high
elastic,elasticsearch,2044,"Feature request: Be able to specify logger.yml path",268,3,2012-06-22T02:33:08Z,2015-06-26T09:19:56Z,2,1,1099,,,,,
elastic,elasticsearch,11699,"Null pointer exception when adding BigDecimal field with value null",300,4,2015-06-16T10:38:01Z,2015-06-25T07:45:28Z,0,1,8,jbarthelmes,0,1,pr,high
elastic,elasticsearch,8120,"SearchRequestBuilder passes aggregation bytes as facet bytes",305,4,2014-10-16T19:00:29Z,2015-06-19T22:14:11Z,1,1,246,pickypg,0,1,pr,high
elastic,elasticsearch,11388,"cat fielddata endpoint does funky things if field names are [id, ip, host, node, total]",5177,4,2015-05-28T10:34:55Z,2015-06-18T17:00:47Z,6,1,21,,,,,
elastic,elasticsearch,11175,"Rename watcher.interval",306,3,2015-05-15T03:20:11Z,2015-06-09T08:03:33Z,4,1,25,spinscale,0,1,pr,high
elastic,elasticsearch,9214,"cat api for /allocation lists non-data nodes",169,4,2015-01-09T03:53:54Z,2015-06-08T14:21:26Z,3,1,150,,,,,
elastic,elasticsearch,6281,"Remove the `indices_boost` URL param to search as it doesn't work",367,4,2014-05-22T13:41:53Z,2015-03-21T08:52:29Z,0,1,302,reuben-sutton,0,1,commit,medium
elastic,elasticsearch,5877,"Upgrade to mvel 2.2.0.Final",62,7,2014-04-18T19:29:27Z,2014-04-18T19:52:39Z,2,1,0,kimchy,0,1,commit,medium
elastic,elasticsearch,7409,"Test: Use a default host name if localAddress is not available",2137,4,2014-08-22T16:50:28Z,2014-08-23T11:51:11Z,2,1,0,s1monw,0,1,commit,medium
elastic,elasticsearch,9447,"Add `translog` option to indices stats",149,4,2015-01-27T16:37:11Z,2015-05-29T13:12:19Z,2,1,121,,,,,
elastic,elasticsearch,9353,"Add node name to _cat/recovery output",227,4,2015-01-19T22:23:34Z,2015-03-25T02:38:58Z,3,1,64,,,,,
elastic,elasticsearch,10825,"Typed parameters in Java index API",498,3,2015-04-27T11:55:53Z,2015-05-29T12:56:55Z,2,1,32,cbuescher,0,1,pr,high
elastic,elasticsearch,9706,".yaml extension doesn't work for elasticsearch?",606,4,2015-02-15T19:03:33Z,2015-05-28T09:54:05Z,3,1,101,aleph-zero,0,1,pr,high
elastic,elasticsearch,11025,"fielddata_fields query string parameter ignored",1051,3,2015-05-07T02:38:36Z,2015-05-27T15:00:31Z,0,1,20,gmarz,0,1,pr,medium
elastic,elasticsearch,10811,"Add wildcard support for header names in the _cat API",124,3,2015-04-26T15:43:15Z,2015-05-27T14:10:41Z,0,1,30,spinscale,0,1,pr,high
elastic,elasticsearch,8122,"Some ActionRequests require constructor args",533,4,2014-10-16T20:15:59Z,2015-05-27T09:24:56Z,0,1,222,javanna,0,1,commit,medium
elastic,elasticsearch,7090,"Increase `UnicastZenPing.LIMIT_PORTS_COUNT` to `2`",364,3,2014-07-30T12:02:40Z,2015-05-20T21:05:39Z,2,1,294,,,,,
elastic,elasticsearch,11208,"detect_noop doesn't work with null values",435,4,2015-05-18T14:57:34Z,2015-05-19T06:38:49Z,3,1,0,nik9000,0,1,pr,high
elastic,elasticsearch,9606,"Remove (dfs_)query_and_fetch from the REST API",839,5,2015-02-07T03:47:11Z,2015-05-07T19:51:28Z,4,1,89,aleph-zero,0,1,pr,high
elastic,elasticsearch,10874,"Log slow cluster state tasks",279,3,2015-04-29T11:04:39Z,2015-05-01T00:28:04Z,0,1,1,imotov,0,1,pr,high
elastic,elasticsearch,8285,"Immediately clear the filter cache when requested",343,2,2014-10-30T09:31:08Z,2015-04-27T09:02:46Z,1,1,178,,,,,
elastic,elasticsearch,10007,"script_file does not work with _update",745,4,2015-03-05T23:34:40Z,2015-03-20T17:48:38Z,3,1,14,bra-fsn,0,1,pr,medium
elastic,elasticsearch,10072,"Date format using seconds since epoch",609,2,2015-03-12T15:22:49Z,2015-04-09T10:28:33Z,6,1,27,jpountz,0,1,pr,high
elastic,elasticsearch,4538,"Parent is not getting set, using UpdateRequest in JavaAPI",1340,1,2013-12-23T21:24:23Z,2015-03-28T07:54:57Z,7,1,459,martijnvg,0,1,pr,medium
elastic,elasticsearch,9659,"[DOCS] File-based scripts should use ""file"" and not ""script""",672,3,2015-02-11T18:55:11Z,2015-03-25T10:08:07Z,7,1,41,,,,,
elastic,elasticsearch,10164,"[GEO] GeoPointFieldMapper.validate_* overwritten on merge",335,5,2015-03-19T17:53:33Z,2015-03-24T13:57:05Z,0,1,4,nknize,0,1,pr,high
elastic,elasticsearch,9123,"Don't broadcast deletes to all shards",256,4,2014-12-31T16:12:32Z,2015-03-20T08:36:40Z,1,1,78,javanna,0,1,pr,high
elastic,elasticsearch,9354,"_cat/pending_tasks returns ""unknown"" tasks",1016,5,2015-01-19T22:24:28Z,2015-02-12T14:05:56Z,1,1,23,bleskes,0,1,commit,medium
elastic,elasticsearch,7408,"field_value_factor accepts arrays values, does not throw error",617,3,2014-08-22T16:16:23Z,2015-02-04T22:20:21Z,8,1,166,reuben-sutton,0,1,commit,medium
elastic,elasticsearch,4916,"[docs] List of reserved characters for query_string isn't complete",127,3,2014-01-27T21:55:32Z,2015-02-04T16:59:48Z,1,1,372,,,,,
elastic,elasticsearch,9356,"Configurable std_deviation bounds",507,2,2015-01-20T01:02:09Z,2015-01-28T17:07:04Z,3,1,8,polyfractal,0,1,commit,medium
elastic,elasticsearch,5229," expand_wildcards not accepted by /_cluster/state as advertised",734,4,2014-02-23T13:58:40Z,2015-01-22T16:19:59Z,5,1,333,,,,,
elastic,elasticsearch,5856,"Missing docs and tests for _cat/segments",107,5,2014-04-17T15:02:00Z,2015-01-09T11:37:07Z,4,1,266,,,,,
elastic,elasticsearch,2426,"When script_score script returns NaN, entire request fails with a confusing error message",290,5,2012-11-21T01:40:25Z,2014-12-08T09:27:51Z,2,1,747,tlrx,0,1,pr,high
elastic,elasticsearch,5945,"InternalIndexShard callback handling of failure is missing/wrong",395,2,2014-04-25T18:22:31Z,2014-12-05T23:05:57Z,0,1,224,pkoenig10,0,1,commit,medium
elastic,elasticsearch,7421,"Provide better logging on which index template is used during index creation",1121,2,2014-08-23T18:18:41Z,2014-11-28T16:15:47Z,2,1,96,pkoenig10,0,1,commit,medium
elastic,elasticsearch,8424,"Rounded date ranges with `lte` should set `include_upper` to `false`",1260,6,2014-11-10T15:05:21Z,2014-11-21T17:30:37Z,0,1,11,rjernst,0,1,commit,medium
elastic,elasticsearch,8438,"Parse Failure: NullPointerException",1890,3,2014-11-11T13:48:05Z,2014-11-20T13:22:37Z,19,1,8,markharwood,0,1,commit,medium
elastic,elasticsearch,8571,"Remove Bloom filter and friends entirely ",436,5,2014-11-20T13:36:56Z,2014-11-21T02:11:06Z,0,1,0,rmuir,0,1,commit,medium
elastic,elasticsearch,2716,"Mapping: Posting a mapping with default analyzer fails",1054,4,2013-03-01T14:09:36Z,2014-11-14T09:59:06Z,2,1,622,nwarz,0,1,commit,medium
elastic,elasticsearch,7861,"Add index throttling to node stats",186,5,2014-09-24T17:12:42Z,2014-10-22T13:09:40Z,0,1,27,GaelTadh,0,1,commit,medium
elastic,elasticsearch,8225,"JDK/JRE 7 update 72 breaks multicast in 1.4.0.Beta1",4218,5,2014-10-24T21:43:31Z,2014-10-28T15:01:24Z,12,1,3,,,,,
elastic,elasticsearch,8001,"Groovy should be a mandatory dependency in ES pom",458,2,2014-10-06T20:19:39Z,2014-10-28T11:12:19Z,5,1,21,,,,,
elastic,elasticsearch,2974,"JSON parsing tolerance level",912,2,2013-05-02T15:01:48Z,2014-10-22T16:25:24Z,6,1,538,,,,,
elastic,elasticsearch,7632,"Change IndexPrimaryShardNotAllocatedException from 409 to 500",155,5,2014-09-07T09:18:58Z,2014-10-20T19:24:12Z,4,1,43,reuben-sutton,0,1,commit,medium
elastic,elasticsearch,8117,"SearchRequest - Map extraSource exception uses source field accidently",387,4,2014-10-16T17:50:26Z,2014-10-16T20:40:10Z,0,1,0,pickypg,0,1,pr,high
elastic,elasticsearch,7652,"RestNodesAction - Should report File Descriptors",608,4,2014-09-09T04:00:14Z,2014-10-15T15:20:16Z,0,1,36,pickypg,0,1,pr,high
elastic,elasticsearch,7273,"NPE in  case of null_value creation with value as null",384,6,2014-08-14T10:08:36Z,2014-10-10T20:30:04Z,1,1,57,polyfractal,0,1,commit,medium
elastic,elasticsearch,7686,"ES not throwing parse exception `ids` query double-nested array",533,2,2014-09-11T10:13:52Z,2014-10-01T08:35:27Z,4,1,19,dakrone,0,1,pr,high
elastic,elasticsearch,7536,"Putting a mapping with an empty request body throws a NullPointerException",2244,5,2014-09-02T11:26:33Z,2014-09-05T20:31:01Z,3,1,3,rjernst,0,1,commit,medium
elastic,elasticsearch,7651,"Parameter position error: Regex.simpleMatch(dynamicSetting, setting.getKey()) in DynamicSettings.validateDynamicSetting() ",78,5,2014-09-09T03:01:06Z,2014-09-09T14:29:30Z,1,1,0,dakrone,0,1,pr,high
elastic,elasticsearch,6696,"Aggregations: Return an upper bound of the maximum error for terms",494,4,2014-07-02T22:46:05Z,2014-07-25T13:25:19Z,0,1,22,jasontedor,0,1,pr,medium
elastic,elasticsearch,5935,"Analysis: Add factories for some Tokenizers/TokenFilters in Lucene",249,2,2014-04-24T18:59:32Z,2014-07-03T09:48:18Z,4,1,69,rmuir,0,1,commit,medium
elastic,elasticsearch,2449,"Query DSL: Improved explanation for match_phrase_prefix",1022,5,2012-11-28T15:25:51Z,2014-07-07T12:48:30Z,1,1,585,clintongormley,0,1,commit,medium
elastic,elasticsearch,5834,"Randomize field data impls and global ordinals via random index template",147,4,2014-04-16T13:44:47Z,2014-05-06T09:08:35Z,1,1,19,jpountz,0,1,commit,medium
elastic,elasticsearch,5854,"Improve global ordinals on low-cardinality fields",404,4,2014-04-17T14:38:46Z,2014-04-29T04:05:20Z,6,1,11,martijnvg,0,1,commit,medium
elastic,elasticsearch,5905,"change default numeric precision_step",1147,4,2014-04-22T15:57:07Z,2014-04-23T13:05:40Z,1,1,0,,,,,